#=====================================================
# File created:        Sun-22-Feb-2026-at-06-04-35PM
# Size of lattice:     100x100
# Number of MC steps:  5000
# Reduced temperature: 0.500
# Run time (s):        81.940559
#=====================================================
# MC step:  Ratio:     Energy:   Order:
#=====================================================
   00000    0.5000  -10230.6045  0.2592 
   00001    0.6780  -14839.7227  0.2657 
   00002    0.6200  -18087.3809  0.2680 
   00003    0.5882  -20379.8848  0.2675 
   00004    0.5523  -21985.1133  0.2662 
   00005    0.5279  -23319.5762  0.2663 
   00006    0.5193  -24495.9531  0.2678 
   00007    0.5059  -25422.8164  0.2665 
   00008    0.4988  -26303.5469  0.2633 
   00009    0.4866  -26899.6953  0.2643 
   00010    0.4855  -27597.5039  0.2661 
   00011    0.4775  -28024.3496  0.2655 
   00012    0.4614  -28405.3203  0.2706 
   00013    0.4682  -28910.6699  0.2702 
   00014    0.4649  -29163.2266  0.2664 
   00015    0.4648  -29450.6094  0.2682 
   00016    0.4641  -29744.0820  0.2663 
   00017    0.4593  -29981.5547  0.2660 
   00018    0.4539  -30182.6992  0.2654 
   00019    0.4426  -30352.7656  0.2687 
   00020    0.4415  -30469.2754  0.2713 
   00021    0.4464  -30633.1484  0.2703 
   00022    0.4466  -30649.5625  0.2723 
   00023    0.4457  -30845.1035  0.2751 
   00024    0.4438  -30844.3613  0.2706 
   00025    0.4481  -30976.4180  0.2736 
   00026    0.4389  -31075.3750  0.2718 
   00027    0.4434  -31208.1738  0.2728 
   00028    0.4435  -31370.9512  0.2719 
   00029    0.4361  -31425.9375  0.2724 
   00030    0.4426  -31403.7578  0.2723 
   00031    0.4336  -31409.8828  0.2733 
   00032    0.4362  -31481.9043  0.2738 
   00033    0.4387  -31681.7871  0.2748 
   00034    0.4340  -31748.4863  0.2759 
   00035    0.4251  -31827.7871  0.2777 
   00036    0.4358  -31786.3066  0.2754 
   00037    0.4379  -31933.8848  0.2789 
   00038    0.4185  -32030.0098  0.2786 
   00039    0.4265  -32034.1133  0.2770 
   00040    0.4216  -32150.1094  0.2812 
   00041    0.4257  -32158.0977  0.2816 
   00042    0.4270  -32159.9316  0.2828 
   00043    0.4398  -32143.4238  0.2823 
   00044    0.4267  -32190.2207  0.2818 
   00045    0.4385  -32259.2148  0.2807 
   00046    0.4291  -32277.6367  0.2808 
   00047    0.4361  -32275.6348  0.2805 
   00048    0.4226  -32299.1211  0.2821 
   00049    0.4299  -32166.6289  0.2773 
   00050    0.4254  -32280.0391  0.2762 
   00051    0.4238  -32312.2812  0.2758 
   00052    0.4155  -32402.7832  0.2785 
   00053    0.4318  -32470.5430  0.2789 
   00054    0.4311  -32503.1836  0.2784 
   00055    0.4290  -32445.0840  0.2817 
   00056    0.4280  -32514.2832  0.2799 
   00057    0.4270  -32426.3203  0.2794 
   00058    0.4254  -32416.4805  0.2805 
   00059    0.4283  -32526.0625  0.2813 
   00060    0.4266  -32607.9961  0.2819 
   00061    0.4144  -32714.2969  0.2863 
   00062    0.4187  -32764.0020  0.2853 
   00063    0.4169  -32694.2773  0.2794 
   00064    0.4312  -32764.9492  0.2788 
   00065    0.4199  -32839.8672  0.2807 
   00066    0.4198  -32781.5312  0.2828 
   00067    0.4132  -32943.6328  0.2820 
   00068    0.4253  -32887.1641  0.2829 
   00069    0.4205  -32976.5586  0.2864 
   00070    0.4208  -33080.7539  0.2857 
   00071    0.4219  -33057.6836  0.2889 
   00072    0.4142  -33054.3477  0.2876 
   00073    0.4172  -33028.2422  0.2911 
   00074    0.4161  -32998.6055  0.2934 
   00075    0.4196  -33080.6484  0.2936 
   00076    0.4225  -33092.2500  0.2914 
   00077    0.4102  -33015.9375  0.2900 
   00078    0.4183  -32994.2617  0.2893 
   00079    0.4178  -32994.7305  0.2887 
   00080    0.4148  -33056.9844  0.2904 
   00081    0.4231  -33082.4609  0.2884 
   00082    0.4272  -33031.2812  0.2885 
   00083    0.4216  -33006.8320  0.2850 
   00084    0.4166  -32934.8477  0.2831 
   00085    0.4204  -32960.9258  0.2791 
   00086    0.4190  -33022.3789  0.2829 
   00087    0.4216  -32971.3594  0.2817 
   00088    0.4253  -32967.2148  0.2816 
   00089    0.4220  -32958.7695  0.2801 
   00090    0.4174  -33033.1836  0.2800 
   00091    0.4182  -33125.4414  0.2819 
   00092    0.4181  -33158.8164  0.2842 
   00093    0.4114  -33346.5156  0.2852 
   00094    0.4223  -33275.2305  0.2811 
   00095    0.4161  -33262.6016  0.2780 
   00096    0.4156  -33297.3750  0.2755 
   00097    0.4046  -33253.6680  0.2755 
   00098    0.4143  -33269.4102  0.2788 
   00099    0.4186  -33240.0781  0.2799 
   00100    0.4226  -33264.1992  0.2776 
   00101    0.4198  -33228.6055  0.2771 
   00102    0.4164  -33210.5312  0.2793 
   00103    0.4142  -33166.2148  0.2795 
   00104    0.4185  -33115.8516  0.2814 
   00105    0.4149  -33099.5938  0.2836 
   00106    0.4204  -33148.5312  0.2844 
   00107    0.4093  -33139.6875  0.2880 
   00108    0.4207  -33208.9727  0.2848 
   00109    0.4198  -33311.7891  0.2881 
   00110    0.4194  -33300.8125  0.2860 
   00111    0.4129  -33343.8594  0.2859 
   00112    0.4155  -33358.0352  0.2870 
   00113    0.4151  -33455.6641  0.2864 
   00114    0.4183  -33381.1289  0.2855 
   00115    0.4231  -33401.3477  0.2900 
   00116    0.4209  -33411.7188  0.2894 
   00117    0.4177  -33406.0898  0.2957 
   00118    0.4206  -33418.4531  0.2975 
   00119    0.4161  -33415.1289  0.2958 
   00120    0.4185  -33412.0117  0.2979 
   00121    0.4191  -33409.1914  0.2984 
   00122    0.4179  -33329.7969  0.3016 
   00123    0.4152  -33473.4844  0.2986 
   00124    0.4171  -33432.3203  0.2950 
   00125    0.4224  -33446.4336  0.2942 
   00126    0.4220  -33463.5352  0.2963 
   00127    0.4137  -33514.2930  0.2955 
   00128    0.4294  -33494.0195  0.2982 
   00129    0.4172  -33413.1914  0.2987 
   00130    0.4228  -33461.1875  0.2991 
   00131    0.4163  -33449.3516  0.2983 
   00132    0.4203  -33411.8906  0.3007 
   00133    0.4100  -33437.1094  0.2983 
   00134    0.4172  -33468.4688  0.2998 
   00135    0.4185  -33456.7500  0.2980 
   00136    0.4139  -33521.8633  0.3005 
   00137    0.4064  -33538.8047  0.3016 
   00138    0.4141  -33496.5586  0.3026 
   00139    0.4320  -33504.3242  0.3026 
   00140    0.4195  -33475.6133  0.3073 
   00141    0.4218  -33396.1562  0.3080 
   00142    0.4098  -33437.6797  0.3064 
   00143    0.4169  -33419.4844  0.3080 
   00144    0.4231  -33388.6289  0.3046 
   00145    0.4086  -33547.6914  0.3055 
   00146    0.4099  -33599.9688  0.3027 
   00147    0.4150  -33597.6484  0.3028 
   00148    0.4161  -33621.6602  0.3021 
   00149    0.4160  -33576.9766  0.3044 
   00150    0.4111  -33613.8281  0.3066 
   00151    0.4148  -33670.4062  0.3074 
   00152    0.4169  -33651.2812  0.3100 
   00153    0.4133  -33605.8633  0.3107 
   00154    0.4183  -33622.7578  0.3129 
   00155    0.4068  -33582.4844  0.3188 
   00156    0.4131  -33622.5625  0.3195 
   00157    0.4104  -33575.6094  0.3201 
   00158    0.4214  -33504.2617  0.3177 
   00159    0.4134  -33444.2266  0.3161 
   00160    0.4190  -33510.9141  0.3177 
   00161    0.4065  -33540.0859  0.3182 
   00162    0.4100  -33601.5898  0.3157 
   00163    0.4157  -33648.8320  0.3135 
   00164    0.4163  -33604.0039  0.3126 
   00165    0.4138  -33515.4922  0.3089 
   00166    0.4223  -33471.3438  0.3073 
   00167    0.4255  -33450.3867  0.3099 
   00168    0.4100  -33452.0078  0.3152 
   00169    0.4113  -33410.4727  0.3172 
   00170    0.4096  -33376.8555  0.3184 
   00171    0.4182  -33406.6484  0.3194 
   00172    0.4166  -33516.7070  0.3166 
   00173    0.4185  -33567.0586  0.3169 
   00174    0.4248  -33510.6602  0.3164 
   00175    0.4190  -33546.3789  0.3153 
   00176    0.4125  -33539.4961  0.3175 
   00177    0.4222  -33506.9609  0.3168 
   00178    0.4143  -33544.3828  0.3176 
   00179    0.4217  -33582.9805  0.3179 
   00180    0.4250  -33592.8516  0.3165 
   00181    0.4126  -33568.9883  0.3157 
   00182    0.4124  -33693.7930  0.3126 
   00183    0.4136  -33684.9102  0.3132 
   00184    0.4141  -33627.0938  0.3166 
   00185    0.4209  -33660.5742  0.3136 
   00186    0.4138  -33637.6094  0.3171 
   00187    0.4176  -33627.4023  0.3175 
   00188    0.4215  -33625.0352  0.3160 
   00189    0.4070  -33592.8750  0.3152 
   00190    0.4193  -33693.4336  0.3155 
   00191    0.4274  -33664.3750  0.3142 
   00192    0.4110  -33687.3984  0.3107 
   00193    0.4163  -33696.5430  0.3109 
   00194    0.4017  -33668.2812  0.3120 
   00195    0.4182  -33716.6484  0.3151 
   00196    0.4178  -33751.9062  0.3161 
   00197    0.4157  -33808.4492  0.3178 
   00198    0.4175  -33715.3477  0.3208 
   00199    0.4179  -33659.9180  0.3231 
   00200    0.4126  -33711.6055  0.3210 
   00201    0.4099  -33749.4062  0.3210 
   00202    0.4136  -33572.3828  0.3194 
   00203    0.4038  -33586.2656  0.3192 
   00204    0.4081  -33595.4609  0.3168 
   00205    0.4250  -33533.6680  0.3173 
   00206    0.4119  -33476.5039  0.3131 
   00207    0.4176  -33529.2148  0.3138 
   00208    0.4087  -33564.6172  0.3124 
   00209    0.4193  -33629.9805  0.3156 
   00210    0.4192  -33657.7109  0.3194 
   00211    0.4208  -33676.6758  0.3209 
   00212    0.4030  -33673.1680  0.3227 
   00213    0.4091  -33775.5312  0.3213 
   00214    0.4185  -33756.2695  0.3211 
   00215    0.4243  -33634.8594  0.3180 
   00216    0.4158  -33593.5195  0.3182 
   00217    0.4175  -33650.2930  0.3212 
   00218    0.4136  -33648.5430  0.3208 
   00219    0.4126  -33723.4961  0.3205 
   00220    0.4281  -33823.2578  0.3183 
   00221    0.4130  -33815.9023  0.3183 
   00222    0.4075  -33819.1445  0.3186 
   00223    0.4150  -33706.7539  0.3168 
   00224    0.4239  -33697.5742  0.3168 
   00225    0.4205  -33671.7109  0.3167 
   00226    0.4133  -33738.0234  0.3143 
   00227    0.4069  -33692.3281  0.3113 
   00228    0.4138  -33706.7656  0.3177 
   00229    0.4219  -33762.3125  0.3181 
   00230    0.4154  -33833.3945  0.3217 
   00231    0.4158  -33873.8984  0.3210 
   00232    0.4108  -33871.8945  0.3180 
   00233    0.4132  -33784.3164  0.3151 
   00234    0.4216  -33733.7422  0.3175 
   00235    0.4180  -33669.1523  0.3190 
   00236    0.4170  -33744.0898  0.3218 
   00237    0.4174  -33686.6797  0.3244 
   00238    0.4216  -33701.4922  0.3257 
   00239    0.4224  -33670.4219  0.3288 
   00240    0.4262  -33677.6719  0.3279 
   00241    0.4144  -33697.5586  0.3288 
   00242    0.4146  -33739.4844  0.3298 
   00243    0.4125  -33800.8125  0.3291 
   00244    0.4117  -33747.9609  0.3292 
   00245    0.4285  -33804.5312  0.3288 
   00246    0.4213  -33766.5977  0.3271 
   00247    0.4113  -33786.1914  0.3268 
   00248    0.4118  -33755.8320  0.3263 
   00249    0.4178  -33662.9727  0.3256 
   00250    0.4219  -33703.2539  0.3265 
   00251    0.4071  -33736.4805  0.3288 
   00252    0.4185  -33755.2227  0.3294 
   00253    0.4128  -33742.1641  0.3313 
   00254    0.4221  -33761.5273  0.3291 
   00255    0.4011  -33805.5273  0.3327 
   00256    0.4102  -33807.0391  0.3344 
   00257    0.4181  -33791.4141  0.3342 
   00258    0.4266  -33760.6719  0.3353 
   00259    0.4116  -33711.8672  0.3364 
   00260    0.4052  -33800.4258  0.3335 
   00261    0.4081  -33796.8008  0.3357 
   00262    0.4117  -33767.3438  0.3360 
   00263    0.4118  -33820.5938  0.3380 
   00264    0.4178  -33814.6406  0.3422 
   00265    0.4151  -33821.8711  0.3430 
   00266    0.4124  -33768.3164  0.3444 
   00267    0.4100  -33791.0781  0.3469 
   00268    0.4087  -33849.9023  0.3461 
   00269    0.4097  -33797.5508  0.3477 
   00270    0.4077  -33777.3633  0.3460 
   00271    0.4066  -33957.0781  0.3463 
   00272    0.4120  -34101.4102  0.3475 
   00273    0.4108  -34024.1055  0.3469 
   00274    0.4128  -34077.1055  0.3461 
   00275    0.4105  -34033.0977  0.3447 
   00276    0.4066  -33953.2734  0.3437 
   00277    0.4136  -33853.7500  0.3467 
   00278    0.4077  -33861.1758  0.3504 
   00279    0.4190  -33875.1406  0.3540 
   00280    0.4112  -33916.8828  0.3540 
   00281    0.4063  -33879.6914  0.3549 
   00282    0.4103  -33984.2188  0.3533 
   00283    0.4097  -33939.0352  0.3522 
   00284    0.4040  -33862.9492  0.3488 
   00285    0.4084  -33865.2227  0.3486 
   00286    0.4178  -33870.5156  0.3475 
   00287    0.4108  -33939.1016  0.3438 
   00288    0.4166  -33936.0430  0.3434 
   00289    0.4139  -33950.9531  0.3453 
   00290    0.4174  -33974.0273  0.3470 
   00291    0.4110  -33916.6602  0.3471 
   00292    0.4081  -33879.4766  0.3494 
   00293    0.4105  -33914.9141  0.3493 
   00294    0.4158  -33869.6523  0.3489 
   00295    0.4168  -33859.4336  0.3479 
   00296    0.4136  -33763.9766  0.3474 
   00297    0.4160  -33878.5195  0.3449 
   00298    0.4111  -33913.5234  0.3446 
   00299    0.4146  -33884.0781  0.3459 
   00300    0.4220  -33902.0391  0.3477 
   00301    0.4093  -33990.4922  0.3454 
   00302    0.4072  -33950.5547  0.3449 
   00303    0.4097  -33975.3828  0.3449 
   00304    0.4212  -33973.3047  0.3459 
   00305    0.4147  -33959.9922  0.3449 
   00306    0.4091  -33970.9922  0.3414 
   00307    0.4022  -33934.8594  0.3445 
   00308    0.4218  -33906.3203  0.3430 
   00309    0.4177  -33961.4062  0.3456 
   00310    0.4079  -33814.6211  0.3428 
   00311    0.4031  -33809.7109  0.3436 
   00312    0.4158  -33777.3672  0.3433 
   00313    0.4123  -33809.8359  0.3437 
   00314    0.4134  -33757.9375  0.3445 
   00315    0.4108  -33822.9492  0.3423 
   00316    0.4181  -33804.7109  0.3424 
   00317    0.4108  -33926.0664  0.3438 
   00318    0.4147  -33977.6484  0.3440 
   00319    0.4091  -33920.1523  0.3442 
   00320    0.4081  -33939.7344  0.3441 
   00321    0.4102  -33859.4570  0.3447 
   00322    0.4123  -33895.5352  0.3448 
   00323    0.4035  -33912.7852  0.3450 
   00324    0.4164  -33841.9570  0.3464 
   00325    0.4097  -33870.1016  0.3478 
   00326    0.4041  -33931.3281  0.3430 
   00327    0.4041  -34001.4297  0.3443 
   00328    0.4125  -33986.3242  0.3457 
   00329    0.4018  -33970.9375  0.3459 
   00330    0.4103  -33931.7930  0.3456 
   00331    0.4146  -33856.2656  0.3433 
   00332    0.4140  -33806.8594  0.3428 
   00333    0.4123  -33812.7930  0.3427 
   00334    0.4211  -33735.0508  0.3450 
   00335    0.4190  -33793.4766  0.3449 
   00336    0.4079  -33835.0742  0.3466 
   00337    0.4044  -33842.3438  0.3456 
   00338    0.4170  -33870.6992  0.3452 
   00339    0.4032  -33920.4492  0.3474 
   00340    0.4183  -33924.5703  0.3465 
   00341    0.4202  -33914.5664  0.3493 
   00342    0.4122  -33909.9531  0.3513 
   00343    0.4154  -33903.1719  0.3500 
   00344    0.4119  -34009.2812  0.3517 
   00345    0.4077  -33971.0352  0.3495 
   00346    0.4101  -33920.7383  0.3514 
   00347    0.4083  -33785.5391  0.3516 
   00348    0.4266  -33972.5859  0.3515 
   00349    0.4084  -33885.4922  0.3567 
   00350    0.4054  -33867.3047  0.3584 
   00351    0.4108  -33905.1992  0.3586 
   00352    0.4139  -33768.0938  0.3612 
   00353    0.4166  -33733.8750  0.3624 
   00354    0.4136  -33743.1211  0.3637 
   00355    0.4085  -33755.6562  0.3640 
   00356    0.4120  -33880.9492  0.3644 
   00357    0.4119  -33882.2070  0.3644 
   00358    0.4220  -33884.8359  0.3633 
   00359    0.4089  -33917.8164  0.3598 
   00360    0.4118  -33893.2852  0.3631 
   00361    0.4136  -33974.3047  0.3583 
   00362    0.4127  -33989.7539  0.3622 
   00363    0.4158  -33971.4570  0.3614 
   00364    0.4199  -33893.1719  0.3614 
   00365    0.4153  -33874.3125  0.3600 
   00366    0.4264  -33810.6484  0.3600 
   00367    0.4278  -33828.3984  0.3595 
   00368    0.4132  -33924.7422  0.3584 
   00369    0.4122  -33871.9297  0.3595 
   00370    0.4145  -33782.9766  0.3592 
   00371    0.4172  -33805.5273  0.3611 
   00372    0.4175  -33814.4219  0.3617 
   00373    0.4060  -33784.0234  0.3623 
   00374    0.4076  -33899.1797  0.3639 
   00375    0.4109  -33858.7578  0.3658 
   00376    0.4084  -33902.2305  0.3647 
   00377    0.4125  -33859.3398  0.3653 
   00378    0.4041  -33911.0078  0.3655 
   00379    0.4067  -33928.2031  0.3669 
   00380    0.4150  -33906.3281  0.3707 
   00381    0.4120  -33908.8086  0.3704 
   00382    0.4112  -33963.6250  0.3723 
   00383    0.4144  -33888.3359  0.3719 
   00384    0.4233  -33817.6602  0.3701 
   00385    0.4089  -33866.2266  0.3698 
   00386    0.4154  -33768.6523  0.3691 
   00387    0.4172  -33804.9961  0.3697 
   00388    0.4121  -33799.0391  0.3744 
   00389    0.4220  -33821.0312  0.3759 
   00390    0.4091  -33869.1641  0.3780 
   00391    0.4042  -33904.1016  0.3764 
   00392    0.4150  -33964.3281  0.3765 
   00393    0.4114  -33841.5703  0.3787 
   00394    0.4127  -33744.3945  0.3787 
   00395    0.4170  -33747.3516  0.3834 
   00396    0.4058  -33803.7305  0.3837 
   00397    0.4184  -33885.7773  0.3813 
   00398    0.4107  -33877.8477  0.3795 
   00399    0.4135  -33905.3281  0.3814 
   00400    0.4103  -33826.7344  0.3805 
   00401    0.4147  -33854.8516  0.3780 
   00402    0.4174  -33853.3477  0.3791 
   00403    0.4075  -33911.2148  0.3767 
   00404    0.4112  -33937.3086  0.3774 
   00405    0.4129  -34135.6484  0.3788 
   00406    0.4077  -34013.8984  0.3766 
   00407    0.4068  -34127.1055  0.3788 
   00408    0.4108  -34209.0312  0.3788 
   00409    0.4094  -34209.9648  0.3827 
   00410    0.4019  -34143.2109  0.3811 
   00411    0.4104  -34077.0859  0.3790 
   00412    0.4119  -34011.0195  0.3796 
   00413    0.4140  -33903.4297  0.3778 
   00414    0.4064  -33879.1953  0.3762 
   00415    0.4151  -33928.6953  0.3781 
   00416    0.4127  -33898.5898  0.3795 
   00417    0.4145  -34008.8672  0.3774 
   00418    0.4050  -33946.7852  0.3773 
   00419    0.4183  -33949.3281  0.3749 
   00420    0.4121  -33950.9883  0.3744 
   00421    0.4126  -33961.7148  0.3754 
   00422    0.4093  -33975.8477  0.3742 
   00423    0.4123  -33876.8750  0.3721 
   00424    0.4132  -33848.9453  0.3713 
   00425    0.4120  -33824.6914  0.3713 
   00426    0.4063  -33892.8320  0.3721 
   00427    0.4075  -33847.7148  0.3701 
   00428    0.4169  -33846.5000  0.3719 
   00429    0.4134  -33910.9844  0.3696 
   00430    0.4081  -33897.6875  0.3713 
   00431    0.4069  -33937.2070  0.3725 
   00432    0.4099  -33948.3516  0.3750 
   00433    0.4059  -33966.1719  0.3758 
   00434    0.4163  -33896.1445  0.3730 
   00435    0.4089  -33948.2461  0.3728 
   00436    0.4146  -33977.0977  0.3739 
   00437    0.4096  -33867.2500  0.3727 
   00438    0.4051  -33891.2031  0.3752 
   00439    0.4109  -33804.5703  0.3744 
   00440    0.4150  -33897.9375  0.3754 
   00441    0.4111  -33896.7227  0.3746 
   00442    0.4122  -34005.7266  0.3746 
   00443    0.4123  -33982.6602  0.3685 
   00444    0.4233  -34006.1094  0.3712 
   00445    0.4137  -33989.8203  0.3714 
   00446    0.4163  -33917.3242  0.3708 
   00447    0.4070  -33958.7188  0.3703 
   00448    0.4083  -33960.0117  0.3704 
   00449    0.4135  -33981.1211  0.3719 
   00450    0.4158  -34047.8203  0.3718 
   00451    0.4172  -34026.1758  0.3756 
   00452    0.4147  -34011.9453  0.3749 
   00453    0.4124  -33998.5391  0.3736 
   00454    0.4104  -33988.5547  0.3741 
   00455    0.4119  -34015.9219  0.3743 
   00456    0.4168  -33955.0977  0.3731 
   00457    0.4163  -33883.1484  0.3743 
   00458    0.4076  -33826.7617  0.3748 
   00459    0.4128  -33939.2500  0.3775 
   00460    0.4049  -33997.9844  0.3746 
   00461    0.4123  -33874.0938  0.3738 
   00462    0.4191  -33927.6758  0.3726 
   00463    0.4068  -33910.8594  0.3771 
   00464    0.4225  -33841.1875  0.3749 
   00465    0.4125  -33894.6680  0.3763 
   00466    0.4103  -33963.0078  0.3768 
   00467    0.4056  -34006.1055  0.3781 
   00468    0.4175  -34034.8164  0.3783 
   00469    0.4102  -33990.9727  0.3758 
   00470    0.4126  -34046.3281  0.3749 
   00471    0.4113  -34020.0508  0.3765 
   00472    0.4176  -33949.9961  0.3771 
   00473    0.4074  -33991.4648  0.3789 
   00474    0.4190  -34029.4258  0.3823 
   00475    0.4008  -34083.8594  0.3816 
   00476    0.4137  -34018.3477  0.3837 
   00477    0.4151  -33983.7266  0.3848 
   00478    0.4073  -33955.0156  0.3859 
   00479    0.4186  -33935.5312  0.3848 
   00480    0.4127  -33969.6406  0.3882 
   00481    0.4149  -33872.9414  0.3873 
   00482    0.4085  -33902.7266  0.3865 
   00483    0.4174  -33827.6055  0.3890 
   00484    0.4101  -33843.1289  0.3897 
   00485    0.4163  -33803.4180  0.3897 
   00486    0.4244  -33834.0195  0.3916 
   00487    0.4251  -33875.0977  0.3882 
   00488    0.4085  -33902.9297  0.3848 
   00489    0.4193  -33984.9805  0.3824 
   00490    0.4116  -34076.6094  0.3813 
   00491    0.4028  -34025.5508  0.3812 
   00492    0.4161  -33893.0234  0.3795 
   00493    0.4114  -33977.6641  0.3833 
   00494    0.4168  -33860.6094  0.3809 
   00495    0.4109  -33844.1328  0.3772 
   00496    0.4146  -33822.5820  0.3773 
   00497    0.4243  -33883.9766  0.3765 
   00498    0.4151  -33944.7188  0.3767 
   00499    0.4124  -34060.6836  0.3769 
   00500    0.4101  -33950.5898  0.3745 
   00501    0.4077  -33963.9844  0.3730 
   00502    0.4100  -34019.3789  0.3708 
   00503    0.4165  -34003.2109  0.3730 
   00504    0.4172  -33980.1914  0.3694 
   00505    0.4046  -33928.7070  0.3674 
   00506    0.4101  -34028.6250  0.3680 
   00507    0.4103  -33962.4805  0.3678 
   00508    0.4087  -33831.3438  0.3663 
   00509    0.4126  -33887.7617  0.3657 
   00510    0.4114  -33991.2227  0.3668 
   00511    0.4093  -34002.1992  0.3677 
   00512    0.4050  -34016.1562  0.3636 
   00513    0.4145  -33999.1523  0.3678 
   00514    0.4102  -33948.0625  0.3692 
   00515    0.3958  -33966.5312  0.3695 
   00516    0.4104  -34046.1602  0.3682 
   00517    0.4134  -33927.4648  0.3677 
   00518    0.4147  -33978.4062  0.3698 
   00519    0.4056  -33999.5547  0.3703 
   00520    0.4131  -33961.7344  0.3716 
   00521    0.4141  -33937.8164  0.3731 
   00522    0.4162  -33821.6797  0.3708 
   00523    0.4206  -33807.9453  0.3688 
   00524    0.4013  -33907.2891  0.3701 
   00525    0.4015  -33877.3320  0.3698 
   00526    0.4089  -33943.9922  0.3707 
   00527    0.4107  -34075.2930  0.3701 
   00528    0.4084  -34078.4609  0.3694 
   00529    0.4143  -33982.3594  0.3716 
   00530    0.4157  -33991.8750  0.3694 
   00531    0.4153  -34049.5742  0.3707 
   00532    0.4107  -34021.5508  0.3707 
   00533    0.4062  -33970.7500  0.3735 
   00534    0.4166  -33970.1719  0.3756 
   00535    0.4098  -33970.0938  0.3727 
   00536    0.4232  -33997.9883  0.3734 
   00537    0.4097  -33887.2773  0.3726 
   00538    0.4113  -33899.6758  0.3730 
   00539    0.4061  -33946.2305  0.3746 
   00540    0.4140  -33994.3203  0.3761 
   00541    0.4111  -34002.4023  0.3719 
   00542    0.4149  -33962.2188  0.3711 
   00543    0.4051  -33859.4023  0.3694 
   00544    0.4103  -33893.7500  0.3678 
   00545    0.4067  -33815.5078  0.3623 
   00546    0.4078  -33763.0234  0.3565 
   00547    0.4125  -33816.6641  0.3593 
   00548    0.4122  -33871.8711  0.3621 
   00549    0.4101  -33875.3672  0.3611 
   00550    0.4149  -33886.8086  0.3593 
   00551    0.4134  -33919.6914  0.3616 
   00552    0.4087  -33957.8711  0.3603 
   00553    0.4100  -33966.8203  0.3614 
   00554    0.4165  -33971.8125  0.3626 
   00555    0.4107  -33942.5469  0.3648 
   00556    0.4164  -33906.2070  0.3654 
   00557    0.4074  -33950.1172  0.3664 
   00558    0.4182  -34005.3125  0.3673 
   00559    0.4166  -33884.4375  0.3655 
   00560    0.4039  -33988.2539  0.3648 
   00561    0.4169  -33886.4727  0.3646 
   00562    0.4049  -33925.1680  0.3636 
   00563    0.3994  -33939.5156  0.3639 
   00564    0.4093  -33981.0469  0.3653 
   00565    0.4064  -34014.3320  0.3674 
   00566    0.4116  -33998.2852  0.3669 
   00567    0.4213  -33949.3203  0.3652 
   00568    0.4155  -33955.7656  0.3634 
   00569    0.4087  -33999.1016  0.3642 
   00570    0.4127  -33940.4219  0.3653 
   00571    0.4138  -34006.2891  0.3630 
   00572    0.4107  -33954.1719  0.3648 
   00573    0.4149  -33976.5391  0.3688 
   00574    0.4162  -33974.6641  0.3704 
   00575    0.4147  -34024.6055  0.3722 
   00576    0.4133  -34001.1562  0.3734 
   00577    0.4198  -33998.9922  0.3739 
   00578    0.4094  -33949.2344  0.3718 
   00579    0.4130  -34000.6016  0.3695 
   00580    0.4123  -33911.9375  0.3732 
   00581    0.4157  -34018.2188  0.3773 
   00582    0.4122  -34063.8906  0.3777 
   00583    0.4006  -33950.6016  0.3767 
   00584    0.4051  -33871.7578  0.3746 
   00585    0.4135  -33842.3242  0.3763 
   00586    0.4112  -33853.9492  0.3761 
   00587    0.4184  -33936.6094  0.3759 
   00588    0.4133  -33880.8594  0.3726 
   00589    0.4190  -33935.5000  0.3709 
   00590    0.4154  -33937.1367  0.3723 
   00591    0.4211  -33944.3281  0.3732 
   00592    0.4156  -33944.0156  0.3752 
   00593    0.4081  -33970.4180  0.3766 
   00594    0.4160  -33972.6523  0.3742 
   00595    0.4055  -33949.7266  0.3742 
   00596    0.4080  -33982.9375  0.3708 
   00597    0.4102  -33900.5977  0.3712 
   00598    0.4160  -33917.8594  0.3719 
   00599    0.4126  -33965.5664  0.3763 
   00600    0.4115  -33934.2070  0.3770 
   00601    0.4156  -33946.3750  0.3767 
   00602    0.4212  -34019.7891  0.3766 
   00603    0.4088  -34055.8867  0.3753 
   00604    0.4156  -34081.2656  0.3741 
   00605    0.4080  -34030.2930  0.3731 
   00606    0.4113  -34081.8438  0.3731 
   00607    0.4080  -34006.1094  0.3733 
   00608    0.4095  -34065.4766  0.3764 
   00609    0.4105  -34151.9102  0.3757 
   00610    0.4165  -34111.6953  0.3739 
   00611    0.4053  -34024.6602  0.3744 
   00612    0.4080  -34007.2617  0.3717 
   00613    0.4051  -33964.7656  0.3687 
   00614    0.4134  -33973.2617  0.3653 
   00615    0.4116  -33974.1680  0.3638 
   00616    0.4145  -34042.9336  0.3658 
   00617    0.4171  -34096.2578  0.3661 
   00618    0.4088  -33989.4102  0.3680 
   00619    0.4106  -33946.6055  0.3699 
   00620    0.4147  -33927.1758  0.3692 
   00621    0.4067  -33972.2969  0.3681 
   00622    0.4074  -33957.9141  0.3656 
   00623    0.4130  -33954.5391  0.3654 
   00624    0.4104  -33965.3711  0.3628 
   00625    0.4034  -33992.3242  0.3648 
   00626    0.4178  -33866.5781  0.3617 
   00627    0.4158  -33916.5078  0.3627 
   00628    0.4111  -33874.4141  0.3643 
   00629    0.4083  -33911.0703  0.3651 
   00630    0.4164  -33834.3984  0.3626 
   00631    0.4088  -33858.7227  0.3636 
   00632    0.4039  -33876.9453  0.3633 
   00633    0.4149  -33997.5625  0.3654 
   00634    0.4051  -33997.8320  0.3643 
   00635    0.4106  -34025.1289  0.3658 
   00636    0.4100  -34077.1836  0.3657 
   00637    0.4064  -34059.8203  0.3666 
   00638    0.4094  -34088.9805  0.3702 
   00639    0.4106  -34056.6523  0.3698 
   00640    0.4151  -34007.6055  0.3694 
   00641    0.4091  -33933.9219  0.3662 
   00642    0.4052  -33919.4805  0.3710 
   00643    0.4114  -33902.9023  0.3713 
   00644    0.4068  -33912.6680  0.3683 
   00645    0.4216  -33873.0234  0.3676 
   00646    0.4155  -33846.9102  0.3661 
   00647    0.4168  -33940.2656  0.3680 
   00648    0.4207  -33954.7578  0.3705 
   00649    0.4126  -33941.8359  0.3694 
   00650    0.4092  -33964.6953  0.3647 
   00651    0.4073  -33922.4648  0.3616 
   00652    0.4049  -33965.6523  0.3636 
   00653    0.4131  -34057.2578  0.3644 
   00654    0.4150  -34022.0820  0.3673 
   00655    0.4078  -33955.6992  0.3677 
   00656    0.4129  -33998.4844  0.3671 
   00657    0.4102  -33952.7578  0.3657 
   00658    0.4221  -34000.2031  0.3680 
   00659    0.4095  -33957.6289  0.3664 
   00660    0.4115  -34004.8945  0.3696 
   00661    0.4069  -33975.0078  0.3714 
   00662    0.4099  -33985.3047  0.3695 
   00663    0.4055  -34040.6992  0.3674 
   00664    0.4124  -34008.0781  0.3676 
   00665    0.4086  -33989.7188  0.3658 
   00666    0.4126  -33959.4531  0.3691 
   00667    0.4131  -33946.9570  0.3701 
   00668    0.4209  -33993.0078  0.3706 
   00669    0.4180  -33989.4766  0.3720 
   00670    0.4104  -34023.3359  0.3682 
   00671    0.4135  -34018.9141  0.3683 
   00672    0.4168  -33989.0547  0.3674 
   00673    0.4156  -33971.7539  0.3678 
   00674    0.4117  -34069.2656  0.3700 
   00675    0.4042  -34088.4375  0.3687 
   00676    0.4158  -33987.6719  0.3683 
   00677    0.3993  -33992.7578  0.3673 
   00678    0.4071  -34016.8555  0.3678 
   00679    0.4040  -34170.9258  0.3686 
   00680    0.4051  -34173.1289  0.3661 
   00681    0.4119  -34145.6758  0.3675 
   00682    0.4072  -34073.9375  0.3674 
   00683    0.4137  -34149.5703  0.3697 
   00684    0.4144  -34079.0234  0.3694 
   00685    0.4140  -34046.0859  0.3720 
   00686    0.4150  -34077.2383  0.3714 
   00687    0.4063  -34026.5781  0.3703 
   00688    0.4122  -33973.5039  0.3697 
   00689    0.4213  -33895.5898  0.3689 
   00690    0.4091  -33992.8633  0.3688 
   00691    0.4213  -33998.3125  0.3677 
   00692    0.4145  -33943.2227  0.3671 
   00693    0.4072  -33990.0547  0.3695 
   00694    0.4042  -33996.4492  0.3704 
   00695    0.4059  -34114.1562  0.3724 
   00696    0.4157  -34077.1016  0.3747 
   00697    0.4179  -34034.7578  0.3684 
   00698    0.4105  -34112.4922  0.3702 
   00699    0.4079  -34053.7305  0.3701 
   00700    0.4181  -34094.7695  0.3699 
   00701    0.4211  -33986.1328  0.3691 
   00702    0.4132  -33968.6602  0.3692 
   00703    0.4110  -33867.0820  0.3690 
   00704    0.4115  -33836.3867  0.3702 
   00705    0.4220  -33870.3828  0.3698 
   00706    0.4157  -33912.9805  0.3688 
   00707    0.4160  -34029.1836  0.3714 
   00708    0.4091  -33949.1055  0.3731 
   00709    0.4110  -33916.8047  0.3712 
   00710    0.4133  -33942.1680  0.3741 
   00711    0.4065  -33963.6055  0.3773 
   00712    0.4155  -34120.9453  0.3795 
   00713    0.4073  -34065.7656  0.3820 
   00714    0.4038  -34134.8789  0.3865 
   00715    0.4008  -34094.6836  0.3882 
   00716    0.4128  -34078.3242  0.3847 
   00717    0.4039  -33967.0391  0.3846 
   00718    0.4115  -34036.5117  0.3859 
   00719    0.4067  -33998.9258  0.3848 
   00720    0.4192  -34024.8164  0.3871 
   00721    0.4058  -34072.4258  0.3867 
   00722    0.4091  -34058.9375  0.3866 
   00723    0.4067  -34063.2812  0.3848 
   00724    0.4135  -34005.3398  0.3866 
   00725    0.4114  -33958.0430  0.3863 
   00726    0.4188  -33988.8203  0.3861 
   00727    0.4032  -34021.6719  0.3871 
   00728    0.4096  -34042.1562  0.3882 
   00729    0.4162  -33954.5312  0.3884 
   00730    0.4133  -34025.8516  0.3888 
   00731    0.4230  -34012.0469  0.3870 
   00732    0.4088  -34051.5195  0.3874 
   00733    0.4131  -33998.0000  0.3856 
   00734    0.4105  -33887.6484  0.3850 
   00735    0.4231  -33875.6680  0.3849 
   00736    0.4143  -34007.8359  0.3858 
   00737    0.4061  -33933.2109  0.3812 
   00738    0.4123  -33927.1562  0.3776 
   00739    0.4193  -33854.2812  0.3769 
   00740    0.4137  -33850.4492  0.3735 
   00741    0.4175  -33940.3906  0.3732 
   00742    0.4020  -34006.4297  0.3737 
   00743    0.4125  -34036.2539  0.3742 
   00744    0.4088  -34043.5703  0.3727 
   00745    0.3986  -34112.1328  0.3745 
   00746    0.3969  -34102.3359  0.3775 
   00747    0.4094  -34105.1172  0.3791 
   00748    0.4155  -33979.0625  0.3786 
   00749    0.4139  -33947.0000  0.3762 
   00750    0.4229  -33994.8906  0.3754 
   00751    0.4086  -33999.8477  0.3762 
   00752    0.4130  -34017.4492  0.3778 
   00753    0.4044  -34066.6328  0.3823 
   00754    0.4103  -34017.2383  0.3854 
   00755    0.4115  -33917.5781  0.3870 
   00756    0.4079  -33862.2305  0.3876 
   00757    0.4170  -33887.9141  0.3870 
   00758    0.4181  -33943.8594  0.3862 
   00759    0.4041  -33908.0234  0.3856 
   00760    0.4099  -33890.1328  0.3869 
   00761    0.4084  -33991.0000  0.3882 
   00762    0.4112  -33956.1406  0.3844 
   00763    0.4112  -34078.0703  0.3843 
   00764    0.4147  -34037.7539  0.3861 
   00765    0.4164  -33925.9102  0.3895 
   00766    0.4153  -33893.6641  0.3876 
   00767    0.4182  -33896.8203  0.3836 
   00768    0.4109  -33985.7617  0.3822 
   00769    0.4046  -34042.3008  0.3840 
   00770    0.4180  -34060.7227  0.3842 
   00771    0.4028  -34125.9727  0.3841 
   00772    0.4084  -34106.2578  0.3836 
   00773    0.4085  -34124.4648  0.3840 
   00774    0.4047  -34151.9961  0.3843 
   00775    0.4127  -34113.0391  0.3844 
   00776    0.4144  -34132.9219  0.3847 
   00777    0.4048  -34084.1133  0.3819 
   00778    0.4172  -34116.7773  0.3850 
   00779    0.4118  -34085.5625  0.3838 
   00780    0.4162  -34175.5430  0.3847 
   00781    0.4106  -34155.7422  0.3844 
   00782    0.4098  -34083.9727  0.3853 
   00783    0.4124  -34117.8906  0.3882 
   00784    0.4140  -34108.0508  0.3855 
   00785    0.4217  -34066.1523  0.3868 
   00786    0.4133  -33978.7305  0.3867 
   00787    0.4173  -34005.9258  0.3875 
   00788    0.4046  -33981.8164  0.3894 
   00789    0.4229  -33927.2344  0.3859 
   00790    0.4189  -33822.9766  0.3856 
   00791    0.4067  -33972.2930  0.3849 
   00792    0.4112  -34018.7188  0.3858 
   00793    0.4158  -34028.8867  0.3838 
   00794    0.4124  -34086.1797  0.3797 
   00795    0.4136  -34096.0117  0.3839 
   00796    0.4101  -34013.4062  0.3847 
   00797    0.4189  -33950.1445  0.3843 
   00798    0.4119  -33963.5508  0.3843 
   00799    0.4116  -33963.1992  0.3869 
   00800    0.4158  -33987.0273  0.3881 
   00801    0.4032  -33994.4531  0.3910 
   00802    0.4208  -33953.6719  0.3928 
   00803    0.4053  -34006.8984  0.3955 
   00804    0.4167  -33913.2500  0.3926 
   00805    0.4104  -34018.3516  0.3907 
   00806    0.4174  -34016.7695  0.3927 
   00807    0.4122  -34017.0195  0.3932 
   00808    0.4112  -34028.9883  0.3965 
   00809    0.4133  -33964.5586  0.3940 
   00810    0.4119  -34013.8281  0.3922 
   00811    0.4180  -34043.7148  0.3906 
   00812    0.4106  -33990.7422  0.3888 
   00813    0.4217  -33991.3438  0.3907 
   00814    0.4068  -34138.9414  0.3944 
   00815    0.4121  -34067.4805  0.3940 
   00816    0.4100  -34101.9258  0.3965 
   00817    0.4041  -34139.4023  0.3990 
   00818    0.4055  -34151.1484  0.3992 
   00819    0.4098  -34051.1992  0.4006 
   00820    0.4124  -34016.0430  0.4020 
   00821    0.4104  -34006.2539  0.4012 
   00822    0.4047  -34019.4922  0.4004 
   00823    0.4066  -34017.2500  0.4037 
   00824    0.4057  -33997.9531  0.4031 
   00825    0.4140  -33969.4102  0.4049 
   00826    0.4125  -33905.6406  0.4042 
   00827    0.4062  -34021.8203  0.4027 
   00828    0.4141  -34024.1016  0.4059 
   00829    0.4070  -34034.3164  0.4077 
   00830    0.4108  -33955.5000  0.4065 
   00831    0.4222  -33952.9180  0.4070 
   00832    0.4128  -33865.8633  0.4098 
   00833    0.4104  -33821.8906  0.4094 
   00834    0.4166  -33846.4336  0.4083 
   00835    0.4166  -33996.2695  0.4092 
   00836    0.4191  -33958.5469  0.4079 
   00837    0.4037  -33940.3438  0.4036 
   00838    0.4156  -33951.5898  0.4043 
   00839    0.4127  -34009.2773  0.4080 
   00840    0.3982  -34015.3242  0.4084 
   00841    0.4182  -34098.4023  0.4097 
   00842    0.4193  -34008.7969  0.4104 
   00843    0.4004  -33970.6094  0.4100 
   00844    0.4188  -33961.7109  0.4129 
   00845    0.4200  -33909.5703  0.4128 
   00846    0.4125  -33907.3047  0.4103 
   00847    0.4075  -33931.9688  0.4091 
   00848    0.4041  -33914.3320  0.4076 
   00849    0.4116  -33990.1289  0.4099 
   00850    0.4128  -33946.9023  0.4086 
   00851    0.4133  -33990.5391  0.4079 
   00852    0.4139  -34067.6328  0.4092 
   00853    0.4063  -34009.5078  0.4089 
   00854    0.4106  -34125.9531  0.4104 
   00855    0.4180  -34087.0000  0.4121 
   00856    0.4073  -33989.3203  0.4085 
   00857    0.4191  -34037.8984  0.4067 
   00858    0.4147  -33994.3633  0.4077 
   00859    0.4110  -34031.0000  0.4090 
   00860    0.4160  -34005.4766  0.4110 
   00861    0.4038  -34060.3750  0.4117 
   00862    0.4066  -33989.4023  0.4091 
   00863    0.4113  -34048.3906  0.4092 
   00864    0.4133  -34055.0430  0.4093 
   00865    0.4140  -34013.1602  0.4083 
   00866    0.4152  -34028.1211  0.4101 
   00867    0.4093  -34044.3438  0.4087 
   00868    0.4156  -33925.6016  0.4066 
   00869    0.4192  -33863.6797  0.4039 
   00870    0.4041  -33790.8320  0.4035 
   00871    0.4050  -33832.0547  0.4022 
   00872    0.4123  -33857.8516  0.4013 
   00873    0.4117  -33874.5703  0.4033 
   00874    0.4145  -33928.7070  0.4030 
   00875    0.4099  -33916.4375  0.4010 
   00876    0.4051  -34006.1992  0.3977 
   00877    0.4124  -33937.0195  0.3978 
   00878    0.4151  -33992.8086  0.3957 
   00879    0.4191  -34011.3750  0.3970 
   00880    0.4133  -33987.5039  0.3985 
   00881    0.4095  -33873.0742  0.4004 
   00882    0.4166  -33914.0703  0.3996 
   00883    0.4163  -34005.9297  0.3982 
   00884    0.4051  -33970.1172  0.3974 
   00885    0.4112  -34055.1602  0.3979 
   00886    0.4099  -34123.8477  0.3949 
   00887    0.4114  -34063.9336  0.3939 
   00888    0.4101  -34030.3750  0.3948 
   00889    0.4054  -34014.2344  0.3955 
   00890    0.4061  -34035.2578  0.3956 
   00891    0.4099  -34004.3750  0.3987 
   00892    0.4160  -34082.7422  0.4006 
   00893    0.4017  -34090.9727  0.4015 
   00894    0.4095  -34050.6797  0.4021 
   00895    0.4094  -34073.5625  0.4003 
   00896    0.4095  -34067.6719  0.3979 
   00897    0.4137  -34030.3203  0.3975 
   00898    0.4127  -34066.1875  0.3944 
   00899    0.4129  -34075.3672  0.3955 
   00900    0.4116  -34063.2461  0.3963 
   00901    0.4086  -34039.6875  0.3966 
   00902    0.4038  -34008.2539  0.3933 
   00903    0.4103  -34013.5977  0.3943 
   00904    0.4132  -33937.9414  0.3916 
   00905    0.4074  -33922.5703  0.3919 
   00906    0.4083  -33943.1016  0.3901 
   00907    0.4127  -33950.0078  0.3893 
   00908    0.4115  -33961.7188  0.3919 
   00909    0.4095  -33961.0039  0.3929 
   00910    0.4100  -33962.2500  0.3938 
   00911    0.4216  -33970.3281  0.3932 
   00912    0.4114  -33993.2070  0.3934 
   00913    0.4129  -34015.4609  0.3941 
   00914    0.4102  -34034.5703  0.3925 
   00915    0.4167  -34084.2695  0.3905 
   00916    0.4123  -34096.0469  0.3907 
   00917    0.4076  -34116.6172  0.3920 
   00918    0.4145  -34115.3477  0.3930 
   00919    0.4115  -34093.1523  0.3947 
   00920    0.4133  -34124.8164  0.3968 
   00921    0.4079  -34018.6289  0.3983 
   00922    0.4070  -34168.2461  0.3972 
   00923    0.4130  -34155.1758  0.3934 
   00924    0.4049  -34057.4023  0.3928 
   00925    0.4107  -34154.9531  0.3935 
   00926    0.4177  -34119.3242  0.3948 
   00927    0.4105  -34141.7617  0.3934 
   00928    0.4136  -34093.9102  0.3973 
   00929    0.4108  -34192.5156  0.3993 
   00930    0.3999  -34247.5391  0.4009 
   00931    0.4035  -34254.3750  0.3978 
   00932    0.4116  -34245.8047  0.3976 
   00933    0.3997  -34239.6328  0.3980 
   00934    0.4071  -34237.8320  0.3976 
   00935    0.4151  -34150.3672  0.3960 
   00936    0.4166  -34174.4727  0.3959 
   00937    0.4076  -34147.5273  0.3958 
   00938    0.4173  -34104.3555  0.3955 
   00939    0.4094  -34030.4336  0.3960 
   00940    0.4084  -34074.4023  0.3951 
   00941    0.4100  -34089.8398  0.3994 
   00942    0.4101  -34163.5781  0.3989 
   00943    0.4008  -34121.5469  0.3980 
   00944    0.4194  -34205.0508  0.4006 
   00945    0.4162  -34134.4453  0.4015 
   00946    0.4105  -34153.8008  0.3988 
   00947    0.4151  -34076.6719  0.4000 
   00948    0.4107  -34062.7109  0.4015 
   00949    0.4172  -34055.7227  0.4011 
   00950    0.4099  -34047.8633  0.3992 
   00951    0.4072  -34139.3633  0.3978 
   00952    0.4151  -34028.2109  0.3952 
   00953    0.4108  -34029.5820  0.3915 
   00954    0.4074  -34119.5469  0.3888 
   00955    0.4112  -34042.4531  0.3835 
   00956    0.4092  -34083.8164  0.3832 
   00957    0.4115  -34045.4844  0.3821 
   00958    0.4117  -34099.4648  0.3835 
   00959    0.4124  -34228.9727  0.3832 
   00960    0.4010  -34218.7383  0.3855 
   00961    0.4150  -34261.4727  0.3885 
   00962    0.4092  -34211.0156  0.3892 
   00963    0.4094  -34136.0586  0.3897 
   00964    0.4083  -34169.4453  0.3892 
   00965    0.4096  -34211.3359  0.3929 
   00966    0.4111  -34237.8516  0.3928 
   00967    0.4108  -34204.1250  0.3933 
   00968    0.4117  -34230.7578  0.3927 
   00969    0.4160  -34231.4336  0.3905 
   00970    0.4073  -34208.0078  0.3923 
   00971    0.4172  -34191.6875  0.3892 
   00972    0.4139  -34134.7852  0.3884 
   00973    0.4141  -34159.9219  0.3899 
   00974    0.4116  -34080.4492  0.3894 
   00975    0.4045  -34184.1367  0.3897 
   00976    0.4080  -34075.8672  0.3921 
   00977    0.4177  -34066.1406  0.3914 
   00978    0.4093  -34122.1953  0.3909 
   00979    0.4075  -34034.9961  0.3939 
   00980    0.4158  -34070.0742  0.3925 
   00981    0.4149  -34109.6523  0.3947 
   00982    0.4102  -34070.6719  0.3901 
   00983    0.4113  -34003.5898  0.3896 
   00984    0.4136  -33936.4141  0.3905 
   00985    0.4084  -33992.6836  0.3921 
   00986    0.4088  -34031.1641  0.3921 
   00987    0.4148  -34008.9766  0.3917 
   00988    0.4161  -33992.9805  0.3944 
   00989    0.4057  -34039.3008  0.3982 
   00990    0.4137  -34089.8477  0.3997 
   00991    0.4244  -34102.9766  0.3975 
   00992    0.4094  -34110.3789  0.3976 
   00993    0.4166  -34009.3320  0.3966 
   00994    0.4097  -34057.6211  0.3948 
   00995    0.4134  -34061.1055  0.3959 
   00996    0.4087  -34113.0781  0.3992 
   00997    0.4096  -34214.6523  0.4013 
   00998    0.4053  -34195.2227  0.4028 
   00999    0.4200  -34163.7891  0.4064 
   01000    0.4113  -34150.4727  0.4076 
   01001    0.4024  -34169.9219  0.4086 
   01002    0.4072  -34210.2422  0.4116 
   01003    0.4142  -34157.9688  0.4099 
   01004    0.4083  -34179.2969  0.4100 
   01005    0.4182  -34175.2617  0.4109 
   01006    0.4104  -34168.5430  0.4117 
   01007    0.4036  -34173.0195  0.4109 
   01008    0.4163  -34154.5664  0.4132 
   01009    0.4067  -34111.2930  0.4066 
   01010    0.4076  -34121.3828  0.4066 
   01011    0.4143  -34156.6719  0.4084 
   01012    0.4148  -34130.8945  0.4052 
   01013    0.4093  -34221.6250  0.4061 
   01014    0.4140  -34267.5352  0.4067 
   01015    0.4122  -34273.0156  0.4056 
   01016    0.4069  -34279.0039  0.4027 
   01017    0.4113  -34185.5391  0.4039 
   01018    0.4169  -34110.5977  0.4003 
   01019    0.4247  -34076.4492  0.4008 
   01020    0.4132  -34113.3594  0.4007 
   01021    0.4142  -33983.7422  0.4007 
   01022    0.4138  -33975.3477  0.4000 
   01023    0.4083  -34003.3750  0.3992 
   01024    0.4136  -34102.1680  0.4019 
   01025    0.4066  -34051.1680  0.4015 
   01026    0.4089  -34051.3203  0.3995 
   01027    0.4194  -34077.1641  0.3999 
   01028    0.4097  -34090.5703  0.3979 
   01029    0.4139  -34064.3945  0.4029 
   01030    0.4131  -34075.2578  0.4027 
   01031    0.4104  -34109.4141  0.4005 
   01032    0.4030  -34077.6953  0.4053 
   01033    0.4204  -34007.9141  0.4045 
   01034    0.4122  -33946.0938  0.4016 
   01035    0.4100  -34035.7578  0.4011 
   01036    0.4053  -33998.1250  0.4035 
   01037    0.4099  -33956.5742  0.4021 
   01038    0.4081  -34085.6680  0.4042 
   01039    0.4147  -33975.6797  0.4067 
   01040    0.4104  -34004.2344  0.4061 
   01041    0.4042  -34074.7031  0.4058 
   01042    0.4090  -34043.7422  0.4094 
   01043    0.4164  -34056.7695  0.4073 
   01044    0.4108  -34055.7891  0.4078 
   01045    0.4100  -34095.0195  0.4051 
   01046    0.4157  -33995.2734  0.4020 
   01047    0.4085  -33905.3164  0.4017 
   01048    0.4155  -33951.0508  0.3979 
   01049    0.4165  -33903.3203  0.3976 
   01050    0.4136  -33931.6289  0.3968 
   01051    0.4049  -33956.1602  0.3986 
   01052    0.4061  -33864.5703  0.4029 
   01053    0.4127  -33909.7969  0.4040 
   01054    0.4129  -34003.6016  0.4063 
   01055    0.4102  -34071.6211  0.4084 
   01056    0.4096  -34035.1484  0.4079 
   01057    0.4052  -33954.0625  0.4089 
   01058    0.4100  -33952.1328  0.4074 
   01059    0.4063  -34055.3594  0.4083 
   01060    0.4088  -34012.3008  0.4094 
   01061    0.4160  -34075.9688  0.4107 
   01062    0.4133  -34045.3320  0.4120 
   01063    0.4107  -34135.3477  0.4122 
   01064    0.4053  -34044.8086  0.4100 
   01065    0.4066  -34073.8242  0.4093 
   01066    0.4141  -34017.3633  0.4087 
   01067    0.4142  -34051.7812  0.4074 
   01068    0.4065  -34106.1875  0.4068 
   01069    0.4133  -34152.5703  0.4111 
   01070    0.4035  -34187.3086  0.4119 
   01071    0.4014  -34326.1055  0.4113 
   01072    0.4122  -34229.3867  0.4108 
   01073    0.4156  -34178.0586  0.4117 
   01074    0.4115  -34102.9609  0.4100 
   01075    0.4137  -34066.7344  0.4063 
   01076    0.4056  -34057.8438  0.4059 
   01077    0.4043  -34048.6484  0.4095 
   01078    0.4154  -33974.2031  0.4077 
   01079    0.4095  -33985.8320  0.4061 
   01080    0.4063  -33970.9102  0.4100 
   01081    0.4156  -34024.2734  0.4111 
   01082    0.4173  -33992.3984  0.4101 
   01083    0.4204  -33995.1094  0.4085 
   01084    0.4134  -34012.6562  0.4088 
   01085    0.4089  -34039.7500  0.4099 
   01086    0.4167  -33994.0312  0.4112 
   01087    0.4064  -34016.2578  0.4134 
   01088    0.4132  -34012.2227  0.4131 
   01089    0.4101  -33963.9180  0.4143 
   01090    0.4190  -33966.8008  0.4126 
   01091    0.4177  -33975.4336  0.4117 
   01092    0.4098  -34007.9219  0.4142 
   01093    0.4095  -33912.5273  0.4142 
   01094    0.4051  -33875.7227  0.4149 
   01095    0.4084  -33916.8086  0.4143 
   01096    0.4045  -33969.2891  0.4138 
   01097    0.4075  -34030.0469  0.4172 
   01098    0.4110  -33978.3438  0.4179 
   01099    0.4122  -33941.8945  0.4167 
   01100    0.4183  -33940.7734  0.4145 
   01101    0.4053  -33944.3242  0.4191 
   01102    0.4080  -33945.3516  0.4172 
   01103    0.3995  -33992.1719  0.4162 
   01104    0.4135  -33938.5000  0.4166 
   01105    0.4286  -33886.2539  0.4182 
   01106    0.4095  -33919.3008  0.4162 
   01107    0.4200  -33897.9805  0.4163 
   01108    0.4159  -33798.7656  0.4158 
   01109    0.4105  -33890.3320  0.4144 
   01110    0.4117  -34035.0000  0.4162 
   01111    0.4130  -34083.9492  0.4149 
   01112    0.4086  -34191.5977  0.4134 
   01113    0.4112  -34141.0742  0.4150 
   01114    0.4132  -34233.7969  0.4137 
   01115    0.4119  -34154.1914  0.4155 
   01116    0.4017  -34113.6641  0.4162 
   01117    0.4057  -34072.9375  0.4142 
   01118    0.4139  -34023.1797  0.4129 
   01119    0.4145  -34062.7266  0.4133 
   01120    0.4140  -33998.0312  0.4146 
   01121    0.4126  -34042.8203  0.4169 
   01122    0.4151  -34041.4922  0.4171 
   01123    0.4071  -34054.3047  0.4195 
   01124    0.4111  -34163.0352  0.4211 
   01125    0.4201  -34192.3789  0.4224 
   01126    0.4167  -34202.1367  0.4263 
   01127    0.4123  -34196.9414  0.4245 
   01128    0.4094  -34168.1758  0.4237 
   01129    0.4121  -34144.4375  0.4237 
   01130    0.4049  -34052.1680  0.4238 
   01131    0.4119  -33983.3633  0.4248 
   01132    0.4048  -33978.9375  0.4225 
   01133    0.4200  -33983.3125  0.4212 
   01134    0.4040  -33986.2383  0.4216 
   01135    0.4117  -34032.4805  0.4228 
   01136    0.4061  -33976.2070  0.4246 
   01137    0.4162  -33965.8281  0.4257 
   01138    0.4077  -34015.6055  0.4261 
   01139    0.4049  -34016.4727  0.4317 
   01140    0.4152  -34109.2422  0.4301 
   01141    0.4104  -34022.7227  0.4286 
   01142    0.4058  -33939.2969  0.4285 
   01143    0.4159  -33979.2383  0.4290 
   01144    0.4132  -33998.3438  0.4323 
   01145    0.4060  -34088.3867  0.4338 
   01146    0.4177  -34013.5000  0.4345 
   01147    0.4233  -34004.4023  0.4379 
   01148    0.4139  -34023.0742  0.4368 
   01149    0.4120  -33965.8242  0.4365 
   01150    0.4057  -33976.1094  0.4339 
   01151    0.4140  -34020.3906  0.4383 
   01152    0.4101  -34116.8789  0.4353 
   01153    0.4105  -34075.6836  0.4388 
   01154    0.4098  -34046.4141  0.4365 
   01155    0.4183  -34103.0586  0.4383 
   01156    0.4175  -34038.4258  0.4408 
   01157    0.4039  -34044.1328  0.4434 
   01158    0.4137  -34014.1680  0.4425 
   01159    0.4130  -33999.3516  0.4412 
   01160    0.4138  -33950.2266  0.4417 
   01161    0.4108  -33962.0000  0.4405 
   01162    0.4175  -33941.4688  0.4413 
   01163    0.4153  -33951.2188  0.4432 
   01164    0.4079  -33993.1367  0.4407 
   01165    0.4110  -34003.2148  0.4388 
   01166    0.4168  -34040.0781  0.4416 
   01167    0.4043  -34108.0195  0.4362 
   01168    0.4094  -34051.5430  0.4403 
   01169    0.4022  -34055.4727  0.4424 
   01170    0.3991  -34129.4766  0.4473 
   01171    0.4097  -34070.8281  0.4465 
   01172    0.4090  -34128.3828  0.4454 
   01173    0.4032  -34090.8672  0.4452 
   01174    0.4084  -34050.9805  0.4468 
   01175    0.4155  -34056.1836  0.4464 
   01176    0.4117  -34023.9453  0.4457 
   01177    0.4209  -34057.4219  0.4422 
   01178    0.3971  -34054.2500  0.4376 
   01179    0.4168  -34049.4492  0.4367 
   01180    0.4074  -34060.2891  0.4368 
   01181    0.4118  -34110.5117  0.4398 
   01182    0.4011  -34129.2578  0.4413 
   01183    0.4128  -34136.4141  0.4423 
   01184    0.4116  -34101.3125  0.4394 
   01185    0.4137  -34088.4492  0.4416 
   01186    0.4148  -34033.7422  0.4435 
   01187    0.4094  -34056.7383  0.4439 
   01188    0.4143  -34059.6289  0.4424 
   01189    0.4032  -34100.9180  0.4402 
   01190    0.3998  -34120.1445  0.4379 
   01191    0.4085  -34105.0273  0.4370 
   01192    0.4167  -34148.0000  0.4369 
   01193    0.4164  -34111.2227  0.4367 
   01194    0.4095  -34041.8438  0.4380 
   01195    0.4027  -34050.9180  0.4395 
   01196    0.4151  -34005.0000  0.4396 
   01197    0.4110  -34014.0469  0.4390 
   01198    0.4020  -34010.9648  0.4399 
   01199    0.4157  -33914.2969  0.4400 
   01200    0.4046  -33978.8359  0.4424 
   01201    0.4119  -33981.8086  0.4459 
   01202    0.4041  -33985.0508  0.4466 
   01203    0.4043  -33973.5938  0.4449 
   01204    0.3984  -33980.8906  0.4439 
   01205    0.4026  -34066.0312  0.4431 
   01206    0.4085  -34025.0352  0.4401 
   01207    0.4165  -34106.7891  0.4411 
   01208    0.4030  -34007.9141  0.4393 
   01209    0.4106  -33966.0938  0.4372 
   01210    0.4080  -33974.8242  0.4378 
   01211    0.4066  -34010.8789  0.4404 
   01212    0.4085  -34002.5859  0.4446 
   01213    0.4070  -34058.3008  0.4460 
   01214    0.4051  -34099.2266  0.4444 
   01215    0.4040  -34050.8359  0.4429 
   01216    0.4142  -34121.2031  0.4430 
   01217    0.4135  -34064.7852  0.4407 
   01218    0.4166  -34079.8359  0.4407 
   01219    0.4065  -34026.0898  0.4411 
   01220    0.4024  -33988.1133  0.4381 
   01221    0.4193  -33966.7617  0.4401 
   01222    0.4028  -33875.9805  0.4370 
   01223    0.4238  -33980.4414  0.4349 
   01224    0.4094  -34058.0938  0.4351 
   01225    0.4086  -34026.3984  0.4342 
   01226    0.4057  -34061.0781  0.4372 
   01227    0.4096  -33991.0508  0.4376 
   01228    0.4142  -33953.5312  0.4363 
   01229    0.4126  -33991.8438  0.4349 
   01230    0.4134  -33934.1523  0.4322 
   01231    0.4093  -33998.3398  0.4313 
   01232    0.4230  -34044.9609  0.4304 
   01233    0.4001  -34057.9844  0.4304 
   01234    0.4150  -34101.7852  0.4322 
   01235    0.4128  -34086.5195  0.4271 
   01236    0.4139  -34050.5195  0.4251 
   01237    0.4111  -34036.9688  0.4275 
   01238    0.4125  -34040.5547  0.4292 
   01239    0.4188  -34073.8008  0.4326 
   01240    0.4196  -34016.0234  0.4303 
   01241    0.4143  -34017.1289  0.4320 
   01242    0.4092  -34074.4141  0.4309 
   01243    0.4163  -34145.3594  0.4310 
   01244    0.4053  -34156.7891  0.4291 
   01245    0.4100  -34216.0625  0.4303 
   01246    0.4014  -34174.1016  0.4323 
   01247    0.4076  -34095.4609  0.4315 
   01248    0.3966  -34055.3320  0.4320 
   01249    0.4168  -33993.3359  0.4304 
   01250    0.4076  -34082.1641  0.4296 
   01251    0.4037  -34038.7344  0.4289 
   01252    0.4174  -34046.3398  0.4271 
   01253    0.4113  -34104.0742  0.4289 
   01254    0.4034  -34091.5352  0.4295 
   01255    0.4074  -34038.7227  0.4299 
   01256    0.4104  -33944.4414  0.4305 
   01257    0.4093  -34030.9062  0.4327 
   01258    0.4053  -34126.3281  0.4321 
   01259    0.4097  -34077.0469  0.4331 
   01260    0.4050  -34101.5742  0.4355 
   01261    0.4145  -34068.6523  0.4358 
   01262    0.4247  -34023.7031  0.4383 
   01263    0.4210  -34015.8594  0.4401 
   01264    0.4063  -33998.7305  0.4411 
   01265    0.4182  -34005.4648  0.4408 
   01266    0.4192  -33964.3203  0.4404 
   01267    0.4124  -34049.3945  0.4390 
   01268    0.4009  -34049.6562  0.4383 
   01269    0.4179  -34102.6211  0.4410 
   01270    0.4138  -34162.3516  0.4431 
   01271    0.4066  -34155.2266  0.4445 
   01272    0.4122  -34134.2578  0.4453 
   01273    0.4099  -34135.5078  0.4444 
   01274    0.4148  -34138.3906  0.4456 
   01275    0.4185  -34077.2734  0.4442 
   01276    0.4190  -33994.6172  0.4405 
   01277    0.4172  -33977.3633  0.4410 
   01278    0.4221  -34008.2617  0.4445 
   01279    0.4079  -34007.7812  0.4450 
   01280    0.4143  -34127.6250  0.4471 
   01281    0.4083  -34147.3281  0.4455 
   01282    0.4095  -33980.4727  0.4412 
   01283    0.4088  -33987.1953  0.4449 
   01284    0.4072  -34014.9688  0.4463 
   01285    0.4029  -34030.2305  0.4478 
   01286    0.4030  -34032.6094  0.4491 
   01287    0.4136  -34179.5469  0.4490 
   01288    0.4142  -34171.1406  0.4446 
   01289    0.4031  -34120.9961  0.4419 
   01290    0.4065  -34128.1016  0.4435 
   01291    0.4112  -34136.2070  0.4417 
   01292    0.4088  -34040.9688  0.4456 
   01293    0.4041  -34065.6641  0.4441 
   01294    0.4157  -33971.1875  0.4438 
   01295    0.4106  -33942.5820  0.4476 
   01296    0.4102  -33956.3125  0.4477 
   01297    0.4168  -33997.1914  0.4463 
   01298    0.4163  -33940.1211  0.4471 
   01299    0.4168  -33963.9375  0.4469 
   01300    0.4155  -34005.6055  0.4483 
   01301    0.4054  -33967.8125  0.4530 
   01302    0.4178  -34042.5469  0.4557 
   01303    0.4124  -34112.2734  0.4528 
   01304    0.4036  -34092.4102  0.4541 
   01305    0.4117  -33992.8945  0.4527 
   01306    0.4209  -34091.9141  0.4566 
   01307    0.4162  -34001.1055  0.4560 
   01308    0.4133  -34014.5195  0.4571 
   01309    0.4151  -34005.6523  0.4580 
   01310    0.4174  -33956.9688  0.4609 
   01311    0.4148  -33973.7188  0.4620 
   01312    0.4073  -33943.2617  0.4627 
   01313    0.4129  -34065.4570  0.4660 
   01314    0.4125  -34036.1758  0.4655 
   01315    0.4042  -34017.4844  0.4635 
   01316    0.4069  -34056.4883  0.4643 
   01317    0.4136  -34088.2812  0.4693 
   01318    0.4096  -34028.8359  0.4677 
   01319    0.4125  -34126.9453  0.4695 
   01320    0.4080  -34083.7422  0.4711 
   01321    0.4170  -34092.9961  0.4730 
   01322    0.4086  -34155.7305  0.4736 
   01323    0.4137  -34098.2930  0.4738 
   01324    0.4166  -34143.1602  0.4726 
   01325    0.4110  -34006.7969  0.4724 
   01326    0.4148  -34019.7422  0.4699 
   01327    0.4169  -34067.3477  0.4688 
   01328    0.4142  -34180.4336  0.4690 
   01329    0.4098  -34204.7070  0.4690 
   01330    0.4092  -34137.2070  0.4683 
   01331    0.4051  -34218.9336  0.4669 
   01332    0.4073  -34234.5039  0.4674 
   01333    0.4094  -34275.7695  0.4687 
   01334    0.4081  -34174.7305  0.4693 
   01335    0.4058  -34165.2734  0.4676 
   01336    0.4164  -34176.8203  0.4642 
   01337    0.4148  -34092.7109  0.4611 
   01338    0.4062  -34149.2070  0.4596 
   01339    0.4128  -34097.2500  0.4593 
   01340    0.4143  -34188.8828  0.4607 
   01341    0.4130  -34248.4688  0.4615 
   01342    0.4148  -34233.1680  0.4625 
   01343    0.4112  -34201.2852  0.4636 
   01344    0.4080  -34182.6250  0.4630 
   01345    0.4112  -34288.4102  0.4651 
   01346    0.4096  -34274.3320  0.4651 
   01347    0.4069  -34211.3438  0.4659 
   01348    0.4150  -34232.1094  0.4660 
   01349    0.4075  -34279.3711  0.4620 
   01350    0.4082  -34204.7617  0.4618 
   01351    0.4071  -34128.8008  0.4607 
   01352    0.4128  -34134.3984  0.4605 
   01353    0.4145  -34001.2969  0.4607 
   01354    0.4116  -34108.7695  0.4619 
   01355    0.4058  -34066.3086  0.4655 
   01356    0.4136  -34093.1016  0.4685 
   01357    0.4141  -34193.5312  0.4718 
   01358    0.4032  -34167.4844  0.4732 
   01359    0.4100  -34212.9570  0.4722 
   01360    0.4140  -34159.9453  0.4701 
   01361    0.4071  -34159.7852  0.4713 
   01362    0.4098  -34102.1836  0.4696 
   01363    0.4121  -34144.6133  0.4709 
   01364    0.4052  -34036.3555  0.4698 
   01365    0.4107  -34048.0859  0.4716 
   01366    0.4142  -34115.7695  0.4697 
   01367    0.4141  -34072.2891  0.4709 
   01368    0.4105  -34150.9492  0.4753 
   01369    0.4102  -34161.2578  0.4768 
   01370    0.4170  -34167.3242  0.4749 
   01371    0.4149  -34193.8359  0.4748 
   01372    0.4113  -34131.1328  0.4743 
   01373    0.4194  -34160.7109  0.4770 
   01374    0.4142  -34115.6914  0.4787 
   01375    0.4117  -34165.6211  0.4810 
   01376    0.4031  -34251.6211  0.4830 
   01377    0.4126  -34168.6289  0.4833 
   01378    0.4134  -34101.0898  0.4831 
   01379    0.4184  -34041.7148  0.4822 
   01380    0.4076  -34131.5000  0.4797 
   01381    0.4147  -34089.7656  0.4763 
   01382    0.4132  -34067.5781  0.4762 
   01383    0.4074  -34060.1172  0.4761 
   01384    0.4096  -34021.7227  0.4718 
   01385    0.4107  -34052.9688  0.4725 
   01386    0.4110  -34066.2383  0.4731 
   01387    0.4053  -34110.7070  0.4713 
   01388    0.4164  -34163.0898  0.4741 
   01389    0.4054  -34096.7461  0.4735 
   01390    0.4167  -34018.7188  0.4726 
   01391    0.4150  -34141.9102  0.4722 
   01392    0.4138  -34081.4805  0.4709 
   01393    0.4147  -34034.1289  0.4724 
   01394    0.4102  -34087.1953  0.4727 
   01395    0.4091  -34095.5430  0.4761 
   01396    0.4101  -34208.0312  0.4784 
   01397    0.4098  -34199.5703  0.4784 
   01398    0.4064  -34179.9414  0.4803 
   01399    0.4148  -34189.7500  0.4808 
   01400    0.4094  -34218.1250  0.4809 
   01401    0.4077  -34241.3711  0.4869 
   01402    0.4098  -34132.0664  0.4885 
   01403    0.4177  -34130.5391  0.4897 
   01404    0.4094  -34150.1367  0.4898 
   01405    0.4109  -34205.9141  0.4890 
   01406    0.4187  -34188.1836  0.4846 
   01407    0.4130  -34186.5430  0.4853 
   01408    0.4060  -34129.0664  0.4835 
   01409    0.4121  -34138.5156  0.4819 
   01410    0.4082  -34185.9336  0.4818 
   01411    0.4076  -34066.6914  0.4806 
   01412    0.4115  -34119.9961  0.4774 
   01413    0.4105  -34017.2773  0.4748 
   01414    0.4156  -34118.0469  0.4739 
   01415    0.4127  -34133.9922  0.4762 
   01416    0.4146  -34172.3555  0.4729 
   01417    0.4113  -34141.3867  0.4703 
   01418    0.4108  -34133.0664  0.4722 
   01419    0.4142  -34210.2695  0.4722 
   01420    0.4072  -34209.3672  0.4761 
   01421    0.4109  -34100.9453  0.4738 
   01422    0.4078  -34066.4492  0.4736 
   01423    0.4128  -34011.0703  0.4719 
   01424    0.4103  -34073.1055  0.4691 
   01425    0.4073  -34152.1992  0.4695 
   01426    0.4144  -34174.9062  0.4687 
   01427    0.4133  -34215.8203  0.4688 
   01428    0.4161  -34148.6172  0.4664 
   01429    0.4013  -34054.0586  0.4656 
   01430    0.4128  -34066.4414  0.4643 
   01431    0.4139  -34072.8164  0.4665 
   01432    0.4065  -34073.0820  0.4641 
   01433    0.4030  -34148.9492  0.4683 
   01434    0.4106  -34118.0547  0.4742 
   01435    0.4031  -34049.0586  0.4723 
   01436    0.4066  -34070.1719  0.4686 
   01437    0.4139  -34064.7852  0.4667 
   01438    0.4166  -34020.5117  0.4654 
   01439    0.4163  -34080.2773  0.4627 
   01440    0.4059  -34105.4570  0.4647 
   01441    0.4047  -34033.6953  0.4653 
   01442    0.4131  -34012.5117  0.4687 
   01443    0.4165  -34111.5977  0.4698 
   01444    0.4087  -34183.9805  0.4694 
   01445    0.4005  -34219.3867  0.4695 
   01446    0.4080  -34289.8984  0.4715 
   01447    0.4143  -34213.5781  0.4715 
   01448    0.4107  -34155.3789  0.4721 
   01449    0.4106  -34166.9922  0.4753 
   01450    0.4139  -34121.3281  0.4768 
   01451    0.4133  -33978.5508  0.4796 
   01452    0.4138  -33996.1484  0.4827 
   01453    0.4113  -34078.7188  0.4834 
   01454    0.4096  -34016.9492  0.4855 
   01455    0.4145  -34060.7891  0.4898 
   01456    0.4126  -34150.7695  0.4906 
   01457    0.4080  -34239.2852  0.4930 
   01458    0.4072  -34167.9414  0.4913 
   01459    0.4070  -34208.5391  0.4937 
   01460    0.4178  -34188.9766  0.4993 
   01461    0.4080  -34107.5234  0.4961 
   01462    0.4174  -34167.2969  0.4967 
   01463    0.4101  -34176.3633  0.4947 
   01464    0.4159  -34219.1406  0.4930 
   01465    0.4123  -34163.4180  0.4892 
   01466    0.4183  -34135.2930  0.4861 
   01467    0.4132  -34134.7539  0.4865 
   01468    0.4141  -34112.3906  0.4843 
   01469    0.4109  -34184.6797  0.4822 
   01470    0.4061  -34214.1406  0.4876 
   01471    0.4117  -34186.1211  0.4857 
   01472    0.4064  -34135.4648  0.4878 
   01473    0.4039  -34149.3125  0.4886 
   01474    0.4027  -34246.9336  0.4893 
   01475    0.4035  -34205.7188  0.4885 
   01476    0.4234  -34082.4414  0.4912 
   01477    0.4151  -34142.3047  0.4896 
   01478    0.4080  -34121.3750  0.4883 
   01479    0.4169  -34226.6289  0.4911 
   01480    0.4137  -34194.8164  0.4916 
   01481    0.4073  -34209.4258  0.4935 
   01482    0.4089  -34139.6211  0.4924 
   01483    0.4053  -34082.6406  0.4943 
   01484    0.4125  -34054.3555  0.4951 
   01485    0.4052  -34072.4453  0.4952 
   01486    0.4184  -34078.0391  0.4946 
   01487    0.4102  -34101.3359  0.4942 
   01488    0.4111  -34035.0586  0.4954 
   01489    0.4117  -34115.3867  0.4946 
   01490    0.4141  -34119.8945  0.4940 
   01491    0.4110  -34103.8203  0.4957 
   01492    0.4111  -34104.4688  0.4925 
   01493    0.4124  -34112.0234  0.4922 
   01494    0.4128  -34082.6797  0.4937 
   01495    0.4114  -34045.6172  0.4940 
   01496    0.4139  -34014.3867  0.4950 
   01497    0.4072  -34116.6094  0.4979 
   01498    0.4184  -34080.5000  0.4998 
   01499    0.4144  -34049.8125  0.5025 
   01500    0.4117  -34180.1641  0.5040 
   01501    0.4091  -34106.2773  0.5049 
   01502    0.4143  -34154.1719  0.5049 
   01503    0.4164  -34201.2461  0.5046 
   01504    0.4032  -34159.9336  0.5022 
   01505    0.4184  -34140.1250  0.5010 
   01506    0.4026  -34100.9844  0.4975 
   01507    0.4080  -34109.6797  0.4979 
   01508    0.4116  -34144.1484  0.4970 
   01509    0.4113  -34090.4023  0.4977 
   01510    0.4120  -34091.6758  0.4939 
   01511    0.4108  -34087.0469  0.4963 
   01512    0.4137  -34111.4844  0.4980 
   01513    0.4042  -34128.7734  0.4980 
   01514    0.4080  -34081.3008  0.5010 
   01515    0.4145  -34024.4805  0.4996 
   01516    0.4134  -34081.2227  0.5003 
   01517    0.4185  -34149.0977  0.5008 
   01518    0.4093  -34201.3086  0.5003 
   01519    0.4164  -34128.2227  0.4998 
   01520    0.4003  -34081.6484  0.4988 
   01521    0.4008  -34102.6602  0.5002 
   01522    0.4062  -34095.4336  0.5018 
   01523    0.4033  -34057.3633  0.5018 
   01524    0.4109  -34123.8320  0.5033 
   01525    0.4184  -34135.3086  0.5029 
   01526    0.4182  -34061.8086  0.5022 
   01527    0.4085  -34136.8984  0.4997 
   01528    0.4146  -34178.2500  0.4993 
   01529    0.4150  -34149.9727  0.5001 
   01530    0.4059  -34160.8398  0.4973 
   01531    0.4159  -34046.8164  0.4929 
   01532    0.4120  -34064.1133  0.4955 
   01533    0.4097  -34092.3984  0.4965 
   01534    0.4083  -34203.1172  0.4969 
   01535    0.4098  -34259.4219  0.4985 
   01536    0.4086  -34191.4258  0.5004 
   01537    0.4074  -34140.3281  0.5012 
   01538    0.4130  -34169.2891  0.4973 
   01539    0.4065  -34101.5117  0.4976 
   01540    0.4176  -34141.6602  0.5011 
   01541    0.4085  -34083.1602  0.4988 
   01542    0.4093  -34123.4688  0.4987 
   01543    0.4134  -34202.4805  0.4968 
   01544    0.4112  -34240.0156  0.4949 
   01545    0.4095  -34164.3906  0.4966 
   01546    0.4094  -34286.3711  0.4974 
   01547    0.4184  -34282.0078  0.4970 
   01548    0.4128  -34219.6992  0.4993 
   01549    0.4116  -34182.9766  0.4977 
   01550    0.4035  -34152.8984  0.4996 
   01551    0.4128  -34255.0703  0.4994 
   01552    0.4077  -34261.3711  0.4973 
   01553    0.4043  -34259.3086  0.4985 
   01554    0.4117  -34164.3477  0.4989 
   01555    0.4203  -34178.2656  0.5019 
   01556    0.3999  -34137.5977  0.5019 
   01557    0.4144  -34181.0625  0.5043 
   01558    0.4116  -34133.3164  0.5040 
   01559    0.4129  -34175.6367  0.5026 
   01560    0.4067  -34160.7695  0.5005 
   01561    0.4050  -34209.0117  0.5001 
   01562    0.4053  -34265.1367  0.5032 
   01563    0.4067  -34211.4258  0.4987 
   01564    0.4062  -34139.9062  0.4969 
   01565    0.4187  -34136.9141  0.4976 
   01566    0.4068  -34158.6602  0.4957 
   01567    0.4112  -34104.4258  0.4953 
   01568    0.4091  -34049.5781  0.4979 
   01569    0.4102  -34089.8047  0.4975 
   01570    0.4149  -34086.3945  0.4935 
   01571    0.4070  -34080.1719  0.4939 
   01572    0.4080  -34047.4844  0.4944 
   01573    0.4111  -34109.1367  0.4969 
   01574    0.4167  -34137.1523  0.4968 
   01575    0.4124  -34121.6016  0.4989 
   01576    0.3998  -34126.1484  0.4989 
   01577    0.4144  -34135.7930  0.4992 
   01578    0.4182  -34064.9727  0.4978 
   01579    0.4120  -34054.5703  0.4946 
   01580    0.4146  -34059.9688  0.4948 
   01581    0.4022  -34035.6797  0.4925 
   01582    0.4099  -34011.9844  0.4916 
   01583    0.4101  -33986.3320  0.4937 
   01584    0.4055  -34123.6875  0.4935 
   01585    0.4104  -34125.4414  0.4926 
   01586    0.4187  -34058.3984  0.4952 
   01587    0.4118  -34027.4141  0.4964 
   01588    0.4094  -34097.3594  0.4959 
   01589    0.4213  -34104.9180  0.4966 
   01590    0.4129  -34215.6250  0.5007 
   01591    0.4024  -34281.0000  0.4993 
   01592    0.4104  -34268.1523  0.4989 
   01593    0.4172  -34229.3125  0.4992 
   01594    0.4136  -34178.4688  0.4987 
   01595    0.4122  -34154.2070  0.4979 
   01596    0.4114  -34120.6602  0.4964 
   01597    0.4035  -34174.8633  0.4986 
   01598    0.4198  -34106.7305  0.5007 
   01599    0.4020  -34156.1797  0.5027 
   01600    0.4093  -34225.8359  0.5003 
   01601    0.4163  -34159.2031  0.5006 
   01602    0.4126  -34083.2812  0.4970 
   01603    0.4115  -34123.0430  0.4987 
   01604    0.4076  -34152.8633  0.4985 
   01605    0.4070  -34136.6094  0.5008 
   01606    0.4056  -34173.0664  0.5006 
   01607    0.4018  -34168.8320  0.4987 
   01608    0.4126  -34108.6914  0.5019 
   01609    0.4036  -34062.1367  0.5008 
   01610    0.4136  -34087.5195  0.4974 
   01611    0.4127  -34081.0117  0.4949 
   01612    0.4104  -34078.2109  0.4922 
   01613    0.4101  -34156.4023  0.4959 
   01614    0.4100  -34233.3008  0.4957 
   01615    0.4124  -34300.8867  0.4980 
   01616    0.4021  -34230.6133  0.4977 
   01617    0.4140  -34222.4258  0.4972 
   01618    0.4142  -34163.9414  0.4971 
   01619    0.4113  -34223.8047  0.5005 
   01620    0.4080  -34260.1484  0.4989 
   01621    0.4075  -34228.3477  0.5009 
   01622    0.4092  -34231.8984  0.5024 
   01623    0.4027  -34220.6797  0.5024 
   01624    0.4066  -34253.6992  0.5031 
   01625    0.4068  -34209.4531  0.5048 
   01626    0.4221  -34203.4258  0.5041 
   01627    0.4102  -34235.7812  0.5066 
   01628    0.4161  -34163.8984  0.5022 
   01629    0.4093  -34190.6992  0.5000 
   01630    0.4075  -34172.0273  0.4984 
   01631    0.4086  -34112.3281  0.4980 
   01632    0.4090  -34150.1484  0.5021 
   01633    0.4106  -34039.8789  0.5036 
   01634    0.4136  -34062.0938  0.5039 
   01635    0.4178  -34067.5938  0.4988 
   01636    0.4072  -34087.6406  0.5006 
   01637    0.4003  -34077.3359  0.5014 
   01638    0.4144  -34197.9844  0.5014 
   01639    0.4053  -34162.1719  0.5002 
   01640    0.4092  -34256.7812  0.5010 
   01641    0.4090  -34202.9023  0.4996 
   01642    0.4080  -34237.2305  0.4966 
   01643    0.3975  -34255.6133  0.4968 
   01644    0.4151  -34229.6250  0.4965 
   01645    0.4147  -34233.1719  0.4951 
   01646    0.4120  -34199.3398  0.4953 
   01647    0.3944  -34185.2344  0.4978 
   01648    0.4057  -34226.8984  0.4982 
   01649    0.4164  -34249.8828  0.4967 
   01650    0.4089  -34278.8320  0.4988 
   01651    0.4102  -34283.9766  0.4996 
   01652    0.4087  -34224.6445  0.5006 
   01653    0.4107  -34250.9062  0.4986 
   01654    0.4053  -34204.5273  0.4985 
   01655    0.4068  -34202.7031  0.5028 
   01656    0.4120  -34152.4141  0.5015 
   01657    0.4066  -34152.5312  0.4990 
   01658    0.4082  -34122.2930  0.5003 
   01659    0.4125  -34143.3945  0.5020 
   01660    0.4114  -34178.8867  0.5024 
   01661    0.4090  -34204.2422  0.5033 
   01662    0.4100  -34231.3984  0.5016 
   01663    0.4132  -34180.4375  0.5030 
   01664    0.4092  -34172.1484  0.5024 
   01665    0.4097  -34180.1484  0.5002 
   01666    0.4137  -34241.6211  0.4997 
   01667    0.4163  -34223.7383  0.5021 
   01668    0.4129  -34233.7617  0.5013 
   01669    0.4111  -34268.1953  0.5038 
   01670    0.4076  -34303.0781  0.5065 
   01671    0.4164  -34361.2930  0.5081 
   01672    0.4127  -34279.3633  0.5083 
   01673    0.4039  -34153.4336  0.5080 
   01674    0.4125  -34209.8477  0.5068 
   01675    0.4042  -34209.1016  0.5057 
   01676    0.4074  -34195.4531  0.5050 
   01677    0.4022  -34132.8516  0.5024 
   01678    0.4064  -34099.2695  0.5041 
   01679    0.4162  -34192.1875  0.5072 
   01680    0.4031  -34201.8242  0.5046 
   01681    0.4139  -34208.9180  0.5038 
   01682    0.4156  -34251.5273  0.5021 
   01683    0.4126  -34177.4180  0.5045 
   01684    0.4136  -34158.5664  0.5079 
   01685    0.4083  -34149.0586  0.5098 
   01686    0.4056  -34172.3594  0.5119 
   01687    0.4057  -34196.6875  0.5133 
   01688    0.4097  -34228.1875  0.5135 
   01689    0.4115  -34281.2188  0.5110 
   01690    0.4136  -34264.5234  0.5096 
   01691    0.4149  -34299.0898  0.5114 
   01692    0.4076  -34218.4219  0.5101 
   01693    0.4033  -34277.4062  0.5137 
   01694    0.4179  -34212.7773  0.5146 
   01695    0.4116  -34194.3320  0.5152 
   01696    0.4180  -34101.2305  0.5136 
   01697    0.4159  -34177.7305  0.5133 
   01698    0.4094  -34174.5469  0.5127 
   01699    0.4094  -34113.6094  0.5139 
   01700    0.4087  -34027.3672  0.5130 
   01701    0.4047  -34032.9453  0.5103 
   01702    0.4097  -34086.3672  0.5105 
   01703    0.4082  -34058.8789  0.5131 
   01704    0.4166  -34082.6641  0.5110 
   01705    0.4113  -34164.4609  0.5129 
   01706    0.4061  -34289.2344  0.5150 
   01707    0.4143  -34261.6445  0.5170 
   01708    0.4098  -34289.2344  0.5148 
   01709    0.4119  -34260.1055  0.5131 
   01710    0.4037  -34286.6836  0.5102 
   01711    0.4153  -34323.9570  0.5093 
   01712    0.4050  -34388.8164  0.5108 
   01713    0.4034  -34298.6875  0.5109 
   01714    0.4111  -34242.9414  0.5092 
   01715    0.4073  -34268.6289  0.5091 
   01716    0.4074  -34225.7461  0.5110 
   01717    0.4068  -34288.4141  0.5128 
   01718    0.4102  -34255.9453  0.5154 
   01719    0.4100  -34288.5195  0.5127 
   01720    0.4146  -34217.2109  0.5096 
   01721    0.4205  -34171.5898  0.5088 
   01722    0.4176  -34255.5508  0.5127 
   01723    0.4075  -34154.9414  0.5129 
   01724    0.4033  -34081.9492  0.5170 
   01725    0.3991  -34076.4727  0.5164 
   01726    0.4172  -34064.1289  0.5215 
   01727    0.3990  -34141.1875  0.5193 
   01728    0.4156  -34140.4258  0.5191 
   01729    0.4044  -34145.8555  0.5183 
   01730    0.4112  -34194.5000  0.5230 
   01731    0.4034  -34146.1133  0.5208 
   01732    0.4066  -34204.7070  0.5196 
   01733    0.4169  -34221.3477  0.5193 
   01734    0.4069  -34209.9844  0.5174 
   01735    0.4151  -34219.5273  0.5177 
   01736    0.4101  -34165.3359  0.5168 
   01737    0.4140  -34157.1602  0.5184 
   01738    0.4007  -34194.3242  0.5192 
   01739    0.4105  -34181.6875  0.5168 
   01740    0.4108  -34101.3398  0.5137 
   01741    0.4130  -34176.0820  0.5171 
   01742    0.4113  -34187.8789  0.5183 
   01743    0.4067  -34223.3906  0.5189 
   01744    0.4165  -34264.4609  0.5146 
   01745    0.4177  -34238.3164  0.5143 
   01746    0.4073  -34115.6445  0.5120 
   01747    0.4077  -34185.7695  0.5103 
   01748    0.4190  -34235.0000  0.5153 
   01749    0.4130  -34115.4844  0.5168 
   01750    0.4049  -34141.0820  0.5147 
   01751    0.4168  -34204.3164  0.5139 
   01752    0.4152  -34207.3594  0.5159 
   01753    0.4139  -34187.6172  0.5151 
   01754    0.4046  -34116.1445  0.5144 
   01755    0.4052  -34097.4023  0.5140 
   01756    0.4100  -33999.6211  0.5121 
   01757    0.4181  -34064.9297  0.5121 
   01758    0.4086  -34162.3281  0.5134 
   01759    0.4138  -34204.6562  0.5154 
   01760    0.4103  -34086.6797  0.5135 
   01761    0.4108  -34106.1797  0.5119 
   01762    0.4102  -34159.6055  0.5124 
   01763    0.4098  -34169.7734  0.5150 
   01764    0.4111  -34118.5117  0.5180 
   01765    0.4063  -34099.9531  0.5200 
   01766    0.4064  -34142.6250  0.5166 
   01767    0.4014  -34186.5820  0.5154 
   01768    0.4070  -34179.5898  0.5135 
   01769    0.4074  -34152.8633  0.5152 
   01770    0.4130  -34193.0742  0.5136 
   01771    0.4055  -34249.1953  0.5155 
   01772    0.4177  -34313.5820  0.5171 
   01773    0.4122  -34240.9297  0.5170 
   01774    0.4183  -34232.1250  0.5179 
   01775    0.4102  -34281.9453  0.5216 
   01776    0.4115  -34188.2148  0.5213 
   01777    0.4123  -34168.7969  0.5225 
   01778    0.4092  -34148.4961  0.5197 
   01779    0.4093  -34206.8047  0.5219 
   01780    0.4150  -34193.4648  0.5228 
   01781    0.4067  -34131.8867  0.5192 
   01782    0.4107  -34190.2148  0.5206 
   01783    0.4119  -34225.3398  0.5176 
   01784    0.4016  -34245.1250  0.5197 
   01785    0.3990  -34247.8555  0.5181 
   01786    0.4120  -34267.8945  0.5195 
   01787    0.4152  -34271.1250  0.5187 
   01788    0.4134  -34222.3281  0.5157 
   01789    0.4058  -34259.2461  0.5147 
   01790    0.4060  -34236.2812  0.5146 
   01791    0.4105  -34207.7383  0.5122 
   01792    0.4081  -34155.6250  0.5140 
   01793    0.4048  -34154.7852  0.5129 
   01794    0.4177  -34277.2695  0.5117 
   01795    0.4080  -34340.2852  0.5142 
   01796    0.4136  -34247.6680  0.5145 
   01797    0.4097  -34190.6367  0.5136 
   01798    0.4085  -34253.4688  0.5101 
   01799    0.4067  -34348.5781  0.5121 
   01800    0.4066  -34285.1406  0.5136 
   01801    0.4047  -34203.4688  0.5131 
   01802    0.4051  -34294.0586  0.5119 
   01803    0.4129  -34303.5586  0.5119 
   01804    0.4060  -34291.4688  0.5134 
   01805    0.4088  -34247.7695  0.5130 
   01806    0.4063  -34133.5391  0.5110 
   01807    0.4013  -34177.2422  0.5124 
   01808    0.4122  -34174.8438  0.5114 
   01809    0.4050  -34255.0430  0.5144 
   01810    0.4053  -34253.3477  0.5148 
   01811    0.4145  -34369.7188  0.5177 
   01812    0.4104  -34283.1836  0.5202 
   01813    0.4089  -34313.3398  0.5184 
   01814    0.4118  -34342.6562  0.5172 
   01815    0.4012  -34301.8438  0.5148 
   01816    0.4088  -34324.0625  0.5158 
   01817    0.4010  -34274.3008  0.5134 
   01818    0.4017  -34281.3672  0.5166 
   01819    0.4086  -34272.0977  0.5167 
   01820    0.3993  -34263.6367  0.5169 
   01821    0.4099  -34272.4219  0.5208 
   01822    0.4042  -34331.5547  0.5198 
   01823    0.4152  -34276.9961  0.5216 
   01824    0.4036  -34329.7422  0.5184 
   01825    0.4064  -34319.3906  0.5188 
   01826    0.4059  -34284.3242  0.5164 
   01827    0.4096  -34194.5273  0.5151 
   01828    0.4127  -34260.6367  0.5152 
   01829    0.4078  -34263.3828  0.5150 
   01830    0.4049  -34310.4258  0.5148 
   01831    0.4041  -34337.0391  0.5156 
   01832    0.4121  -34271.5391  0.5131 
   01833    0.4075  -34266.9336  0.5146 
   01834    0.4009  -34264.7695  0.5156 
   01835    0.4136  -34264.2227  0.5157 
   01836    0.4094  -34240.6523  0.5160 
   01837    0.4145  -34277.2383  0.5155 
   01838    0.4114  -34276.9961  0.5172 
   01839    0.4126  -34240.0469  0.5197 
   01840    0.4084  -34208.4609  0.5195 
   01841    0.3998  -34217.3711  0.5202 
   01842    0.4126  -34204.3789  0.5241 
   01843    0.4056  -34243.5156  0.5256 
   01844    0.4044  -34200.0664  0.5275 
   01845    0.4009  -34321.1133  0.5277 
   01846    0.4035  -34310.7500  0.5241 
   01847    0.4110  -34280.0625  0.5205 
   01848    0.4042  -34284.1484  0.5208 
   01849    0.4071  -34278.4570  0.5208 
   01850    0.4098  -34197.3828  0.5186 
   01851    0.4079  -34282.2617  0.5197 
   01852    0.4037  -34376.9336  0.5225 
   01853    0.4129  -34318.8633  0.5219 
   01854    0.4078  -34280.1250  0.5225 
   01855    0.4129  -34297.0195  0.5258 
   01856    0.4097  -34308.3242  0.5242 
   01857    0.4065  -34370.2422  0.5242 
   01858    0.4133  -34302.5469  0.5243 
   01859    0.4126  -34316.8945  0.5249 
   01860    0.4075  -34351.2773  0.5216 
   01861    0.4096  -34294.0703  0.5221 
   01862    0.4047  -34225.2734  0.5191 
   01863    0.4143  -34204.9258  0.5189 
   01864    0.4115  -34322.8867  0.5205 
   01865    0.4042  -34356.7734  0.5214 
   01866    0.4197  -34353.9219  0.5216 
   01867    0.4108  -34307.0039  0.5189 
   01868    0.4138  -34295.7500  0.5200 
   01869    0.4023  -34293.7266  0.5208 
   01870    0.4057  -34273.7383  0.5217 
   01871    0.4203  -34173.4766  0.5222 
   01872    0.4029  -34222.7266  0.5236 
   01873    0.4145  -34338.5703  0.5267 
   01874    0.4134  -34243.3320  0.5255 
   01875    0.4077  -34283.4023  0.5264 
   01876    0.4142  -34162.3281  0.5245 
   01877    0.4150  -34281.2422  0.5224 
   01878    0.4166  -34156.0820  0.5220 
   01879    0.4121  -34193.3867  0.5223 
   01880    0.4111  -34174.0352  0.5237 
   01881    0.4075  -34181.9805  0.5277 
   01882    0.4159  -34239.0312  0.5319 
   01883    0.4125  -34262.0625  0.5298 
   01884    0.4084  -34326.0078  0.5325 
   01885    0.4086  -34329.5117  0.5305 
   01886    0.4031  -34375.1055  0.5330 
   01887    0.4126  -34314.2070  0.5300 
   01888    0.4066  -34334.9023  0.5328 
   01889    0.4038  -34297.2891  0.5335 
   01890    0.3932  -34300.1406  0.5335 
   01891    0.4102  -34275.5273  0.5330 
   01892    0.4092  -34272.1797  0.5318 
   01893    0.4091  -34230.6953  0.5347 
   01894    0.4067  -34161.3789  0.5345 
   01895    0.4168  -34226.7695  0.5349 
   01896    0.4093  -34171.8359  0.5342 
   01897    0.4095  -34187.7266  0.5371 
   01898    0.3935  -34157.4922  0.5382 
   01899    0.4115  -34163.8789  0.5372 
   01900    0.4061  -34218.1758  0.5374 
   01901    0.4122  -34240.0664  0.5365 
   01902    0.4132  -34305.7969  0.5326 
   01903    0.4073  -34341.7383  0.5340 
   01904    0.4058  -34346.0352  0.5346 
   01905    0.4086  -34322.5000  0.5366 
   01906    0.4064  -34329.2227  0.5347 
   01907    0.4007  -34295.8633  0.5321 
   01908    0.4049  -34249.5742  0.5342 
   01909    0.4091  -34310.1562  0.5347 
   01910    0.4090  -34241.8242  0.5359 
   01911    0.4078  -34217.5508  0.5354 
   01912    0.4106  -34227.4141  0.5368 
   01913    0.4099  -34250.2109  0.5388 
   01914    0.4077  -34316.2031  0.5407 
   01915    0.4131  -34234.5000  0.5430 
   01916    0.4097  -34092.1250  0.5428 
   01917    0.4169  -34183.2930  0.5450 
   01918    0.4110  -34313.2227  0.5473 
   01919    0.4231  -34316.9961  0.5470 
   01920    0.4033  -34305.1602  0.5463 
   01921    0.4044  -34245.5352  0.5464 
   01922    0.4034  -34266.5234  0.5431 
   01923    0.4120  -34310.3750  0.5448 
   01924    0.4131  -34431.8359  0.5449 
   01925    0.4035  -34432.7461  0.5448 
   01926    0.4080  -34411.5000  0.5451 
   01927    0.4084  -34374.4258  0.5449 
   01928    0.4028  -34395.6367  0.5486 
   01929    0.4135  -34336.6914  0.5464 
   01930    0.4019  -34362.0508  0.5466 
   01931    0.4113  -34341.8320  0.5463 
   01932    0.4153  -34332.9805  0.5491 
   01933    0.4216  -34137.0000  0.5500 
   01934    0.4074  -34207.5547  0.5520 
   01935    0.4113  -34248.6133  0.5511 
   01936    0.4135  -34252.5156  0.5522 
   01937    0.4031  -34257.0352  0.5511 
   01938    0.4089  -34315.0234  0.5550 
   01939    0.4031  -34340.7109  0.5549 
   01940    0.4128  -34229.3320  0.5547 
   01941    0.4038  -34204.5039  0.5581 
   01942    0.4065  -34177.4062  0.5569 
   01943    0.4071  -34199.3711  0.5555 
   01944    0.4074  -34179.1328  0.5556 
   01945    0.4182  -34230.8828  0.5542 
   01946    0.4025  -34291.8281  0.5534 
   01947    0.4075  -34320.4883  0.5554 
   01948    0.4063  -34365.9883  0.5563 
   01949    0.4110  -34330.5820  0.5536 
   01950    0.4122  -34384.7148  0.5529 
   01951    0.4110  -34377.9922  0.5515 
   01952    0.4060  -34337.4844  0.5521 
   01953    0.4040  -34395.5234  0.5531 
   01954    0.4048  -34418.4258  0.5533 
   01955    0.4052  -34400.6875  0.5511 
   01956    0.4107  -34382.2383  0.5507 
   01957    0.3936  -34354.1289  0.5490 
   01958    0.4126  -34315.4492  0.5485 
   01959    0.4129  -34318.0703  0.5506 
   01960    0.4079  -34322.1133  0.5463 
   01961    0.4101  -34337.8047  0.5475 
   01962    0.4123  -34236.6953  0.5460 
   01963    0.4105  -34297.7305  0.5522 
   01964    0.4154  -34340.2031  0.5500 
   01965    0.4125  -34367.6133  0.5489 
   01966    0.4115  -34329.3203  0.5465 
   01967    0.4109  -34372.3281  0.5489 
   01968    0.4049  -34356.3281  0.5491 
   01969    0.4109  -34260.4023  0.5461 
   01970    0.4060  -34314.1758  0.5511 
   01971    0.4063  -34324.8555  0.5488 
   01972    0.4108  -34351.1758  0.5502 
   01973    0.4111  -34348.6523  0.5536 
   01974    0.4099  -34364.7461  0.5575 
   01975    0.4000  -34376.4062  0.5559 
   01976    0.4089  -34338.4844  0.5584 
   01977    0.4142  -34268.7617  0.5573 
   01978    0.4094  -34174.4805  0.5560 
   01979    0.4139  -34228.6641  0.5556 
   01980    0.4111  -34287.6445  0.5554 
   01981    0.4143  -34289.3594  0.5540 
   01982    0.4078  -34305.8008  0.5536 
   01983    0.4103  -34259.2812  0.5530 
   01984    0.4066  -34248.2461  0.5553 
   01985    0.4122  -34301.9492  0.5560 
   01986    0.4069  -34236.0117  0.5584 
   01987    0.4069  -34349.1875  0.5592 
   01988    0.4143  -34309.5781  0.5582 
   01989    0.4159  -34282.1484  0.5544 
   01990    0.4061  -34239.3633  0.5552 
   01991    0.4122  -34243.8711  0.5536 
   01992    0.4166  -34246.0430  0.5521 
   01993    0.4124  -34263.3242  0.5535 
   01994    0.4081  -34153.3555  0.5511 
   01995    0.4096  -34221.6836  0.5546 
   01996    0.4062  -34182.0000  0.5551 
   01997    0.4000  -34268.8984  0.5585 
   01998    0.4077  -34342.9258  0.5564 
   01999    0.4003  -34280.0859  0.5574 
   02000    0.4080  -34293.8789  0.5592 
   02001    0.4059  -34247.5508  0.5575 
   02002    0.4078  -34270.6250  0.5562 
   02003    0.4150  -34322.8750  0.5570 
   02004    0.4114  -34332.2188  0.5618 
   02005    0.4049  -34288.0820  0.5630 
   02006    0.4161  -34336.6953  0.5634 
   02007    0.4124  -34360.1055  0.5616 
   02008    0.3994  -34323.4648  0.5602 
   02009    0.4101  -34245.9219  0.5605 
   02010    0.4071  -34297.9844  0.5627 
   02011    0.4055  -34320.3125  0.5614 
   02012    0.4190  -34316.4414  0.5583 
   02013    0.4152  -34433.8711  0.5576 
   02014    0.4087  -34428.3945  0.5594 
   02015    0.4061  -34455.4102  0.5571 
   02016    0.4042  -34366.7031  0.5552 
   02017    0.4143  -34407.2930  0.5520 
   02018    0.4064  -34331.2305  0.5496 
   02019    0.3960  -34270.9023  0.5465 
   02020    0.4127  -34331.7266  0.5475 
   02021    0.4038  -34199.7578  0.5487 
   02022    0.4100  -34244.9570  0.5484 
   02023    0.4093  -34282.4219  0.5481 
   02024    0.4194  -34259.2188  0.5499 
   02025    0.4145  -34185.0039  0.5493 
   02026    0.4177  -34228.5117  0.5526 
   02027    0.4091  -34237.2109  0.5539 
   02028    0.3978  -34352.6289  0.5533 
   02029    0.4067  -34357.5508  0.5535 
   02030    0.4080  -34272.8516  0.5530 
   02031    0.4056  -34233.4688  0.5513 
   02032    0.4095  -34199.8047  0.5532 
   02033    0.4096  -34231.4453  0.5500 
   02034    0.4099  -34308.1289  0.5490 
   02035    0.4059  -34305.4648  0.5476 
   02036    0.4072  -34329.5703  0.5458 
   02037    0.4043  -34315.9141  0.5457 
   02038    0.4114  -34300.8594  0.5423 
   02039    0.4065  -34337.1367  0.5436 
   02040    0.4112  -34347.7148  0.5433 
   02041    0.4109  -34300.9766  0.5422 
   02042    0.4198  -34335.1992  0.5424 
   02043    0.4079  -34350.4492  0.5457 
   02044    0.4131  -34343.6523  0.5433 
   02045    0.4067  -34348.6523  0.5378 
   02046    0.4011  -34283.4062  0.5329 
   02047    0.4111  -34365.7070  0.5344 
   02048    0.4049  -34366.5547  0.5339 
   02049    0.4014  -34377.8750  0.5332 
   02050    0.4039  -34211.7969  0.5323 
   02051    0.4048  -34184.1367  0.5344 
   02052    0.4124  -34079.8047  0.5354 
   02053    0.4116  -34129.1914  0.5304 
   02054    0.4089  -34151.2266  0.5305 
   02055    0.4091  -34204.7070  0.5323 
   02056    0.4085  -34212.0625  0.5334 
   02057    0.4160  -34232.1992  0.5339 
   02058    0.4023  -34221.8516  0.5301 
   02059    0.4014  -34236.5234  0.5347 
   02060    0.4029  -34292.4414  0.5354 
   02061    0.4094  -34179.7930  0.5365 
   02062    0.4123  -34188.5508  0.5377 
   02063    0.4134  -34272.4531  0.5378 
   02064    0.4076  -34203.3203  0.5393 
   02065    0.4117  -34239.9531  0.5383 
   02066    0.4119  -34233.2461  0.5383 
   02067    0.4013  -34269.4023  0.5428 
   02068    0.4113  -34230.8477  0.5421 
   02069    0.4149  -34172.8164  0.5439 
   02070    0.4031  -34265.2070  0.5440 
   02071    0.4123  -34261.3320  0.5457 
   02072    0.4043  -34274.2500  0.5448 
   02073    0.4117  -34378.9141  0.5475 
   02074    0.4068  -34325.4766  0.5462 
   02075    0.4155  -34253.6992  0.5427 
   02076    0.4136  -34274.8555  0.5449 
   02077    0.4128  -34372.2500  0.5423 
   02078    0.4051  -34371.0000  0.5401 
   02079    0.4054  -34340.5508  0.5422 
   02080    0.4199  -34342.3633  0.5410 
   02081    0.4153  -34398.6523  0.5386 
   02082    0.4054  -34335.7148  0.5409 
   02083    0.4164  -34272.7969  0.5387 
   02084    0.3990  -34263.0000  0.5364 
   02085    0.4138  -34260.9609  0.5359 
   02086    0.4075  -34252.8906  0.5370 
   02087    0.4115  -34205.8320  0.5366 
   02088    0.4110  -34211.9688  0.5357 
   02089    0.4122  -34258.7070  0.5366 
   02090    0.4007  -34319.3828  0.5392 
   02091    0.4123  -34385.4727  0.5422 
   02092    0.4082  -34372.4219  0.5408 
   02093    0.4127  -34297.7227  0.5396 
   02094    0.3993  -34256.0508  0.5382 
   02095    0.4066  -34214.1914  0.5373 
   02096    0.4103  -34222.3516  0.5373 
   02097    0.4125  -34276.6016  0.5382 
   02098    0.4132  -34324.6172  0.5341 
   02099    0.4099  -34437.0977  0.5355 
   02100    0.4063  -34533.3672  0.5369 
   02101    0.4042  -34571.4102  0.5380 
   02102    0.3967  -34464.4570  0.5396 
   02103    0.4061  -34500.6797  0.5391 
   02104    0.4049  -34464.4609  0.5377 
   02105    0.4121  -34443.6523  0.5345 
   02106    0.4088  -34486.6055  0.5337 
   02107    0.3978  -34410.7773  0.5351 
   02108    0.4045  -34433.1602  0.5343 
   02109    0.4033  -34380.5977  0.5361 
   02110    0.4045  -34377.2969  0.5378 
   02111    0.4054  -34364.9219  0.5392 
   02112    0.4148  -34335.7773  0.5387 
   02113    0.4064  -34366.9023  0.5394 
   02114    0.4073  -34305.7148  0.5394 
   02115    0.4077  -34372.0781  0.5430 
   02116    0.3999  -34363.9336  0.5432 
   02117    0.4042  -34452.8828  0.5447 
   02118    0.4089  -34417.4648  0.5489 
   02119    0.4189  -34384.7305  0.5481 
   02120    0.4074  -34220.0703  0.5479 
   02121    0.4234  -34259.1094  0.5466 
   02122    0.4008  -34255.6602  0.5467 
   02123    0.4138  -34238.3125  0.5474 
   02124    0.4119  -34296.1797  0.5456 
   02125    0.4056  -34230.7070  0.5457 
   02126    0.4055  -34196.5352  0.5473 
   02127    0.4057  -34229.9297  0.5468 
   02128    0.4121  -34253.9336  0.5459 
   02129    0.4189  -34240.1641  0.5468 
   02130    0.4095  -34292.2383  0.5441 
   02131    0.4071  -34334.3398  0.5471 
   02132    0.4063  -34370.4805  0.5467 
   02133    0.4114  -34333.0781  0.5478 
   02134    0.4109  -34341.8359  0.5477 
   02135    0.4106  -34294.6328  0.5497 
   02136    0.4079  -34262.6641  0.5476 
   02137    0.4048  -34246.0469  0.5451 
   02138    0.4056  -34346.2695  0.5462 
   02139    0.4130  -34254.6094  0.5431 
   02140    0.4087  -34224.6094  0.5450 
   02141    0.4188  -34243.3047  0.5448 
   02142    0.4074  -34263.1055  0.5445 
   02143    0.4023  -34304.2500  0.5424 
   02144    0.4025  -34297.7305  0.5431 
   02145    0.4084  -34295.6133  0.5411 
   02146    0.4087  -34346.9297  0.5389 
   02147    0.4234  -34390.9727  0.5415 
   02148    0.4162  -34420.0312  0.5386 
   02149    0.3994  -34437.9922  0.5361 
   02150    0.4070  -34326.0078  0.5399 
   02151    0.4045  -34323.1133  0.5359 
   02152    0.4127  -34299.3984  0.5358 
   02153    0.4110  -34343.0625  0.5362 
   02154    0.4098  -34357.0039  0.5376 
   02155    0.4088  -34328.9922  0.5375 
   02156    0.4162  -34268.3203  0.5388 
   02157    0.4055  -34218.2344  0.5381 
   02158    0.4083  -34204.3516  0.5387 
   02159    0.4085  -34222.7969  0.5360 
   02160    0.4099  -34255.4531  0.5377 
   02161    0.4113  -34299.2148  0.5404 
   02162    0.4081  -34174.4727  0.5400 
   02163    0.4100  -34190.7266  0.5422 
   02164    0.4214  -34252.0547  0.5399 
   02165    0.4143  -34220.1797  0.5398 
   02166    0.4124  -34142.8711  0.5378 
   02167    0.4065  -34107.6641  0.5328 
   02168    0.4130  -34179.9805  0.5334 
   02169    0.4154  -34216.2617  0.5335 
   02170    0.4063  -34219.7305  0.5339 
   02171    0.4075  -34209.5234  0.5344 
   02172    0.4053  -34217.8438  0.5321 
   02173    0.4077  -34135.4766  0.5320 
   02174    0.4114  -34135.4727  0.5330 
   02175    0.4064  -34129.9180  0.5352 
   02176    0.4146  -34141.0508  0.5356 
   02177    0.4114  -34181.3945  0.5379 
   02178    0.4098  -34193.1367  0.5348 
   02179    0.4065  -34274.7070  0.5336 
   02180    0.4074  -34259.1953  0.5296 
   02181    0.4139  -34308.4883  0.5279 
   02182    0.4099  -34270.0547  0.5296 
   02183    0.4099  -34237.4180  0.5272 
   02184    0.4086  -34270.1016  0.5277 
   02185    0.4114  -34321.7266  0.5264 
   02186    0.4092  -34351.8320  0.5258 
   02187    0.4059  -34340.6406  0.5263 
   02188    0.4100  -34329.3242  0.5299 
   02189    0.4124  -34263.1367  0.5315 
   02190    0.4094  -34392.0625  0.5340 
   02191    0.4088  -34316.2109  0.5273 
   02192    0.4097  -34257.5430  0.5271 
   02193    0.4166  -34261.2461  0.5250 
   02194    0.4070  -34281.1641  0.5268 
   02195    0.4140  -34227.6602  0.5255 
   02196    0.4167  -34302.5391  0.5233 
   02197    0.4046  -34218.9609  0.5216 
   02198    0.4091  -34159.8750  0.5225 
   02199    0.4182  -34149.3242  0.5257 
   02200    0.4089  -34117.2930  0.5253 
   02201    0.4060  -34180.9492  0.5241 
   02202    0.4052  -34255.9414  0.5262 
   02203    0.4127  -34259.6523  0.5245 
   02204    0.4105  -34174.6016  0.5254 
   02205    0.4149  -34267.6953  0.5290 
   02206    0.4091  -34275.7266  0.5280 
   02207    0.4031  -34343.3750  0.5252 
   02208    0.4102  -34273.9766  0.5272 
   02209    0.4032  -34283.4883  0.5261 
   02210    0.4168  -34237.8867  0.5265 
   02211    0.4088  -34276.2539  0.5256 
   02212    0.4068  -34331.4180  0.5261 
   02213    0.4047  -34294.0234  0.5265 
   02214    0.4177  -34226.8047  0.5278 
   02215    0.4163  -34215.1562  0.5270 
   02216    0.4210  -34124.4062  0.5285 
   02217    0.4102  -34153.5391  0.5309 
   02218    0.4102  -34176.9609  0.5294 
   02219    0.4201  -34223.4258  0.5304 
   02220    0.4213  -34220.6406  0.5314 
   02221    0.4120  -34267.2891  0.5281 
   02222    0.4162  -34331.3281  0.5302 
   02223    0.4133  -34299.2969  0.5288 
   02224    0.4128  -34361.6133  0.5268 
   02225    0.4047  -34288.9258  0.5248 
   02226    0.4088  -34371.4414  0.5230 
   02227    0.4154  -34404.0312  0.5232 
   02228    0.4107  -34316.4141  0.5228 
   02229    0.4184  -34362.2109  0.5251 
   02230    0.3985  -34401.0156  0.5269 
   02231    0.3990  -34405.5742  0.5268 
   02232    0.4136  -34325.1641  0.5247 
   02233    0.4091  -34403.5117  0.5263 
   02234    0.4052  -34363.7227  0.5270 
   02235    0.4129  -34383.5430  0.5257 
   02236    0.4019  -34381.1680  0.5237 
   02237    0.4035  -34303.1445  0.5238 
   02238    0.4093  -34283.4258  0.5246 
   02239    0.4107  -34270.9258  0.5203 
   02240    0.4061  -34297.6523  0.5208 
   02241    0.4081  -34270.5586  0.5250 
   02242    0.4034  -34227.0469  0.5252 
   02243    0.4135  -34262.9453  0.5259 
   02244    0.4129  -34236.7773  0.5297 
   02245    0.4095  -34240.0469  0.5287 
   02246    0.4147  -34217.1562  0.5315 
   02247    0.4095  -34278.0195  0.5325 
   02248    0.4101  -34279.4453  0.5336 
   02249    0.4068  -34268.3945  0.5348 
   02250    0.4107  -34279.5781  0.5349 
   02251    0.4246  -34218.8438  0.5354 
   02252    0.4169  -34285.4297  0.5375 
   02253    0.4070  -34297.7812  0.5357 
   02254    0.4130  -34238.2578  0.5358 
   02255    0.4101  -34208.6289  0.5349 
   02256    0.4135  -34231.8359  0.5358 
   02257    0.4238  -34180.5391  0.5345 
   02258    0.4152  -34298.1914  0.5335 
   02259    0.4118  -34271.2891  0.5369 
   02260    0.3986  -34300.3281  0.5378 
   02261    0.4111  -34308.9922  0.5389 
   02262    0.4044  -34295.2891  0.5388 
   02263    0.4062  -34244.7461  0.5380 
   02264    0.4077  -34316.8242  0.5391 
   02265    0.4091  -34348.7578  0.5415 
   02266    0.4036  -34355.2656  0.5404 
   02267    0.4098  -34365.9219  0.5426 
   02268    0.4113  -34254.5586  0.5420 
   02269    0.4153  -34278.7617  0.5429 
   02270    0.4034  -34323.6406  0.5447 
   02271    0.4031  -34383.1367  0.5466 
   02272    0.4067  -34375.5859  0.5476 
   02273    0.4027  -34384.8867  0.5466 
   02274    0.4102  -34299.0469  0.5448 
   02275    0.4123  -34221.7539  0.5446 
   02276    0.4055  -34264.6094  0.5433 
   02277    0.4147  -34214.2188  0.5439 
   02278    0.4123  -34289.0664  0.5413 
   02279    0.4128  -34232.7305  0.5402 
   02280    0.4109  -34258.8906  0.5384 
   02281    0.4110  -34235.3125  0.5400 
   02282    0.4126  -34240.2773  0.5389 
   02283    0.4091  -34282.3555  0.5401 
   02284    0.4152  -34290.8789  0.5417 
   02285    0.4091  -34324.8281  0.5418 
   02286    0.4106  -34347.3203  0.5398 
   02287    0.4153  -34324.0430  0.5389 
   02288    0.4075  -34268.5664  0.5376 
   02289    0.4090  -34198.5430  0.5381 
   02290    0.4128  -34233.0898  0.5355 
   02291    0.4157  -34264.4414  0.5327 
   02292    0.4157  -34277.0586  0.5327 
   02293    0.4173  -34395.7812  0.5369 
   02294    0.4110  -34333.8711  0.5373 
   02295    0.4125  -34344.9102  0.5410 
   02296    0.4031  -34354.9648  0.5414 
   02297    0.4155  -34310.1250  0.5441 
   02298    0.4006  -34360.2852  0.5441 
   02299    0.4149  -34314.2891  0.5487 
   02300    0.4040  -34253.5547  0.5464 
   02301    0.4090  -34376.5195  0.5486 
   02302    0.4136  -34316.5156  0.5458 
   02303    0.4094  -34313.5625  0.5429 
   02304    0.4019  -34303.8867  0.5443 
   02305    0.4175  -34290.7578  0.5450 
   02306    0.4162  -34339.4961  0.5440 
   02307    0.4075  -34339.7305  0.5428 
   02308    0.3994  -34463.8594  0.5450 
   02309    0.4102  -34447.4492  0.5452 
   02310    0.4037  -34267.6172  0.5398 
   02311    0.4087  -34254.5898  0.5406 
   02312    0.4051  -34247.9102  0.5376 
   02313    0.4125  -34160.4961  0.5383 
   02314    0.4164  -34163.2891  0.5377 
   02315    0.4118  -34267.6602  0.5412 
   02316    0.4104  -34323.7031  0.5374 
   02317    0.4153  -34334.6484  0.5370 
   02318    0.4102  -34382.5352  0.5328 
   02319    0.4051  -34412.9922  0.5351 
   02320    0.4127  -34371.7188  0.5371 
   02321    0.4143  -34332.4492  0.5387 
   02322    0.4066  -34346.8672  0.5386 
   02323    0.4061  -34342.7891  0.5362 
   02324    0.4114  -34400.0781  0.5364 
   02325    0.4035  -34407.2617  0.5342 
   02326    0.4099  -34356.3555  0.5334 
   02327    0.4048  -34356.7695  0.5331 
   02328    0.4044  -34313.0430  0.5359 
   02329    0.4083  -34220.5703  0.5360 
   02330    0.4141  -34229.6953  0.5362 
   02331    0.4141  -34262.7656  0.5339 
   02332    0.4106  -34314.8008  0.5342 
   02333    0.4154  -34329.1211  0.5342 
   02334    0.3968  -34322.5352  0.5307 
   02335    0.4090  -34267.6562  0.5295 
   02336    0.4118  -34336.9180  0.5325 
   02337    0.4078  -34338.0664  0.5353 
   02338    0.4022  -34317.1289  0.5341 
   02339    0.4116  -34271.1719  0.5339 
   02340    0.4153  -34142.3555  0.5330 
   02341    0.4082  -34211.3672  0.5355 
   02342    0.4100  -34216.0234  0.5338 
   02343    0.4112  -34163.8750  0.5345 
   02344    0.4133  -34201.5742  0.5385 
   02345    0.4030  -34253.9609  0.5350 
   02346    0.4051  -34269.9141  0.5333 
   02347    0.4118  -34295.1094  0.5328 
   02348    0.4034  -34259.2617  0.5334 
   02349    0.4107  -34305.5820  0.5370 
   02350    0.4070  -34394.3594  0.5378 
   02351    0.4085  -34417.6250  0.5387 
   02352    0.4020  -34438.3164  0.5372 
   02353    0.4037  -34429.2227  0.5346 
   02354    0.4043  -34407.7891  0.5323 
   02355    0.4109  -34311.5391  0.5331 
   02356    0.4099  -34285.4570  0.5335 
   02357    0.4011  -34288.6445  0.5331 
   02358    0.4144  -34280.7539  0.5318 
   02359    0.4107  -34242.1562  0.5310 
   02360    0.4112  -34297.3867  0.5309 
   02361    0.4087  -34227.4531  0.5297 
   02362    0.4031  -34140.0938  0.5248 
   02363    0.4095  -34110.1562  0.5244 
   02364    0.4035  -34228.0664  0.5228 
   02365    0.4142  -34262.1719  0.5250 
   02366    0.4147  -34245.0547  0.5221 
   02367    0.4095  -34250.0391  0.5197 
   02368    0.4022  -34253.1992  0.5196 
   02369    0.4008  -34265.8867  0.5213 
   02370    0.4101  -34317.9609  0.5229 
   02371    0.4062  -34281.4492  0.5251 
   02372    0.3994  -34337.0195  0.5271 
   02373    0.4071  -34367.5391  0.5263 
   02374    0.4059  -34369.4023  0.5270 
   02375    0.4090  -34381.7305  0.5260 
   02376    0.3971  -34335.6250  0.5276 
   02377    0.4016  -34340.2969  0.5289 
   02378    0.4121  -34311.9766  0.5277 
   02379    0.4063  -34206.5586  0.5230 
   02380    0.4066  -34186.0820  0.5228 
   02381    0.4107  -34192.5859  0.5247 
   02382    0.4063  -34223.6523  0.5207 
   02383    0.4125  -34250.8672  0.5196 
   02384    0.4114  -34131.1328  0.5166 
   02385    0.4077  -34139.8320  0.5137 
   02386    0.4188  -34092.9727  0.5146 
   02387    0.4005  -34139.0078  0.5151 
   02388    0.4008  -34118.3945  0.5175 
   02389    0.4114  -34258.1641  0.5180 
   02390    0.4066  -34253.5938  0.5172 
   02391    0.4146  -34282.0625  0.5148 
   02392    0.4099  -34233.2109  0.5114 
   02393    0.4149  -34189.4727  0.5130 
   02394    0.4113  -34198.0859  0.5148 
   02395    0.4079  -34279.9492  0.5201 
   02396    0.4112  -34249.0156  0.5199 
   02397    0.4045  -34287.4492  0.5198 
   02398    0.4063  -34170.2227  0.5170 
   02399    0.4100  -34276.5938  0.5170 
   02400    0.3995  -34295.6367  0.5173 
   02401    0.4141  -34229.4180  0.5198 
   02402    0.4033  -34289.4570  0.5205 
   02403    0.4176  -34223.1602  0.5180 
   02404    0.4019  -34287.4297  0.5195 
   02405    0.4020  -34384.9023  0.5201 
   02406    0.4046  -34387.9102  0.5182 
   02407    0.4012  -34348.3984  0.5165 
   02408    0.4085  -34372.9023  0.5146 
   02409    0.4007  -34283.9531  0.5159 
   02410    0.4073  -34316.9570  0.5154 
   02411    0.4092  -34325.1289  0.5144 
   02412    0.4087  -34326.5352  0.5132 
   02413    0.4026  -34377.1406  0.5122 
   02414    0.4012  -34301.4688  0.5130 
   02415    0.4089  -34247.6133  0.5104 
   02416    0.4079  -34304.3672  0.5088 
   02417    0.4073  -34349.4023  0.5077 
   02418    0.4180  -34325.9180  0.5074 
   02419    0.4187  -34354.7461  0.5047 
   02420    0.4027  -34427.8867  0.5051 
   02421    0.4083  -34384.2422  0.5036 
   02422    0.4115  -34346.5742  0.5023 
   02423    0.4075  -34279.9336  0.5015 
   02424    0.4106  -34312.6758  0.5006 
   02425    0.4093  -34342.8672  0.5010 
   02426    0.4068  -34379.1289  0.4991 
   02427    0.4174  -34321.6250  0.4992 
   02428    0.4111  -34280.8672  0.4987 
   02429    0.4008  -34302.9492  0.4985 
   02430    0.4056  -34354.9648  0.4973 
   02431    0.4013  -34345.5430  0.4950 
   02432    0.4070  -34384.1797  0.4940 
   02433    0.4047  -34427.0938  0.4957 
   02434    0.4132  -34301.7227  0.4951 
   02435    0.4119  -34300.1172  0.4972 
   02436    0.4177  -34271.7930  0.4982 
   02437    0.4114  -34304.0664  0.5002 
   02438    0.4178  -34159.5391  0.5002 
   02439    0.4097  -34189.4219  0.4986 
   02440    0.4125  -34300.5195  0.4986 
   02441    0.4051  -34353.8008  0.4958 
   02442    0.4074  -34361.6562  0.4914 
   02443    0.4084  -34320.6445  0.4931 
   02444    0.4065  -34406.5938  0.4961 
   02445    0.4014  -34315.7422  0.4957 
   02446    0.4054  -34331.3477  0.4955 
   02447    0.4064  -34251.4375  0.4945 
   02448    0.4130  -34324.8008  0.4932 
   02449    0.4124  -34258.5273  0.4928 
   02450    0.4113  -34300.1445  0.4926 
   02451    0.4012  -34219.1016  0.4920 
   02452    0.4145  -34260.7344  0.4889 
   02453    0.4185  -34281.2109  0.4916 
   02454    0.4087  -34185.5078  0.4912 
   02455    0.4161  -34098.4141  0.4891 
   02456    0.4154  -34155.9023  0.4898 
   02457    0.4104  -34192.6680  0.4946 
   02458    0.4142  -34220.5039  0.4963 
   02459    0.4017  -34234.7578  0.4955 
   02460    0.4044  -34203.6562  0.4960 
   02461    0.4179  -34301.5469  0.4958 
   02462    0.4023  -34322.6367  0.4985 
   02463    0.4076  -34346.6016  0.4995 
   02464    0.4091  -34352.1289  0.5008 
   02465    0.4092  -34315.4180  0.5005 
   02466    0.4089  -34374.7578  0.5032 
   02467    0.4131  -34345.5273  0.5020 
   02468    0.4019  -34304.6406  0.4999 
   02469    0.4113  -34266.4062  0.4972 
   02470    0.4093  -34280.7422  0.4947 
   02471    0.4108  -34255.3008  0.4942 
   02472    0.4011  -34333.7070  0.4956 
   02473    0.4125  -34315.4102  0.4931 
   02474    0.4117  -34330.2891  0.4937 
   02475    0.4024  -34357.8789  0.4930 
   02476    0.4145  -34290.7109  0.4942 
   02477    0.4104  -34236.0078  0.4956 
   02478    0.4090  -34233.4258  0.4937 
   02479    0.4091  -34283.5000  0.4945 
   02480    0.4174  -34334.0273  0.4958 
   02481    0.4062  -34310.4102  0.4975 
   02482    0.4043  -34406.1953  0.5018 
   02483    0.4097  -34459.6992  0.5039 
   02484    0.4042  -34281.2852  0.5002 
   02485    0.4106  -34289.4375  0.4987 
   02486    0.4120  -34265.8398  0.4985 
   02487    0.4037  -34299.2812  0.5023 
   02488    0.4031  -34402.6680  0.5051 
   02489    0.4064  -34364.8789  0.5039 
   02490    0.4145  -34322.1953  0.5033 
   02491    0.4110  -34321.1680  0.5031 
   02492    0.4058  -34301.8828  0.5039 
   02493    0.4128  -34367.9883  0.5036 
   02494    0.4124  -34409.1016  0.5064 
   02495    0.4104  -34296.8125  0.5057 
   02496    0.4019  -34194.1836  0.5024 
   02497    0.4086  -34230.2070  0.5032 
   02498    0.4130  -34153.3203  0.5032 
   02499    0.4132  -34135.4531  0.5016 
   02500    0.4042  -34222.9492  0.5026 
   02501    0.4024  -34181.1602  0.5013 
   02502    0.4190  -34155.1758  0.4989 
   02503    0.4120  -34200.8906  0.5004 
   02504    0.4142  -34258.1250  0.5027 
   02505    0.4124  -34239.7148  0.5019 
   02506    0.4133  -34221.9570  0.5008 
   02507    0.4136  -34241.8984  0.5011 
   02508    0.4077  -34324.4883  0.5005 
   02509    0.4088  -34334.6172  0.4990 
   02510    0.4122  -34290.1484  0.4993 
   02511    0.4166  -34269.8945  0.5030 
   02512    0.4042  -34234.9883  0.5042 
   02513    0.4118  -34274.4180  0.5053 
   02514    0.4093  -34314.7852  0.5069 
   02515    0.4109  -34294.9375  0.5051 
   02516    0.4081  -34248.0820  0.5050 
   02517    0.4147  -34296.5703  0.5058 
   02518    0.4088  -34314.0469  0.5062 
   02519    0.4040  -34332.2148  0.5050 
   02520    0.4050  -34320.7891  0.5073 
   02521    0.4058  -34286.2422  0.5093 
   02522    0.4070  -34261.2500  0.5083 
   02523    0.4102  -34327.9688  0.5067 
   02524    0.4151  -34291.3477  0.5101 
   02525    0.4080  -34320.5117  0.5133 
   02526    0.4232  -34314.1016  0.5110 
   02527    0.4176  -34319.6484  0.5119 
   02528    0.4170  -34372.7461  0.5120 
   02529    0.4082  -34340.3789  0.5126 
   02530    0.4097  -34255.0156  0.5114 
   02531    0.4084  -34349.9453  0.5107 
   02532    0.4045  -34407.1133  0.5112 
   02533    0.4110  -34318.4805  0.5117 
   02534    0.4157  -34354.0078  0.5119 
   02535    0.4038  -34364.7578  0.5083 
   02536    0.4076  -34276.0781  0.5052 
   02537    0.4052  -34354.4336  0.5064 
   02538    0.4152  -34329.3164  0.5048 
   02539    0.4156  -34299.5430  0.5057 
   02540    0.4100  -34279.4102  0.5055 
   02541    0.3975  -34276.2773  0.5096 
   02542    0.4137  -34252.4492  0.5075 
   02543    0.4117  -34401.9375  0.5077 
   02544    0.3931  -34366.0078  0.5062 
   02545    0.4000  -34425.6875  0.5064 
   02546    0.4128  -34409.0703  0.5047 
   02547    0.4084  -34438.3594  0.5052 
   02548    0.4056  -34448.5977  0.5022 
   02549    0.4044  -34360.4648  0.5010 
   02550    0.4149  -34286.1992  0.5013 
   02551    0.4106  -34376.4844  0.5005 
   02552    0.4120  -34403.6406  0.4986 
   02553    0.4065  -34398.7695  0.4964 
   02554    0.4067  -34310.7969  0.4947 
   02555    0.4109  -34356.6055  0.4930 
   02556    0.4117  -34298.7617  0.4928 
   02557    0.4086  -34364.6289  0.4917 
   02558    0.4136  -34230.7969  0.4908 
   02559    0.4192  -34210.0625  0.4909 
   02560    0.4072  -34233.9961  0.4911 
   02561    0.4082  -34093.3867  0.4890 
   02562    0.4091  -34163.3164  0.4889 
   02563    0.4064  -34329.8789  0.4890 
   02564    0.4138  -34277.8320  0.4912 
   02565    0.4177  -34297.8828  0.4908 
   02566    0.4076  -34304.2344  0.4903 
   02567    0.4124  -34295.5430  0.4905 
   02568    0.4099  -34194.3125  0.4911 
   02569    0.4133  -34186.4336  0.4883 
   02570    0.4101  -34161.7148  0.4893 
   02571    0.4071  -34200.2070  0.4885 
   02572    0.4111  -34284.3477  0.4911 
   02573    0.4103  -34302.4180  0.4909 
   02574    0.4071  -34225.7891  0.4943 
   02575    0.4066  -34301.8867  0.4925 
   02576    0.4119  -34283.7422  0.4937 
   02577    0.4105  -34265.8438  0.4926 
   02578    0.4167  -34296.8516  0.4942 
   02579    0.4143  -34271.1406  0.4941 
   02580    0.4179  -34225.8320  0.4934 
   02581    0.4189  -34237.0703  0.4960 
   02582    0.4094  -34189.9062  0.4944 
   02583    0.4037  -34243.3438  0.4960 
   02584    0.4097  -34256.2539  0.4957 
   02585    0.4098  -34311.8203  0.4994 
   02586    0.4107  -34381.1797  0.4990 
   02587    0.4139  -34328.2617  0.4989 
   02588    0.4134  -34471.0273  0.4997 
   02589    0.4095  -34368.9258  0.4967 
   02590    0.4098  -34397.4805  0.4980 
   02591    0.4117  -34376.0234  0.5018 
   02592    0.4073  -34343.2148  0.4988 
   02593    0.4093  -34278.8281  0.5031 
   02594    0.4099  -34340.3047  0.5017 
   02595    0.4045  -34319.0820  0.5024 
   02596    0.4152  -34282.3789  0.5014 
   02597    0.4155  -34313.0938  0.5040 
   02598    0.4153  -34297.8867  0.5015 
   02599    0.4072  -34343.3242  0.5014 
   02600    0.4126  -34199.8945  0.5038 
   02601    0.4136  -34252.6719  0.5037 
   02602    0.4115  -34329.5391  0.5029 
   02603    0.4130  -34356.9570  0.5041 
   02604    0.4054  -34354.5352  0.5027 
   02605    0.4013  -34323.8984  0.5031 
   02606    0.4101  -34304.7383  0.5043 
   02607    0.4102  -34294.8281  0.5034 
   02608    0.4049  -34279.6914  0.5027 
   02609    0.4090  -34294.0781  0.5024 
   02610    0.4098  -34252.3750  0.5042 
   02611    0.4127  -34193.1680  0.5056 
   02612    0.4090  -34236.8594  0.5071 
   02613    0.4067  -34185.0000  0.5062 
   02614    0.4096  -34191.4453  0.5044 
   02615    0.4105  -34179.9961  0.5051 
   02616    0.4102  -34358.0156  0.5073 
   02617    0.4099  -34331.5586  0.5067 
   02618    0.4103  -34392.7344  0.5064 
   02619    0.4143  -34411.8242  0.5076 
   02620    0.4192  -34368.3242  0.5074 
   02621    0.4039  -34397.4844  0.5094 
   02622    0.4046  -34387.5586  0.5075 
   02623    0.4085  -34499.6406  0.5069 
   02624    0.4104  -34399.6680  0.5050 
   02625    0.4043  -34489.6250  0.5044 
   02626    0.4097  -34416.2266  0.5039 
   02627    0.4109  -34404.0859  0.5034 
   02628    0.3994  -34303.3828  0.5041 
   02629    0.4047  -34306.3203  0.5039 
   02630    0.4030  -34250.6680  0.5001 
   02631    0.4046  -34213.1523  0.4978 
   02632    0.4199  -34165.3867  0.4984 
   02633    0.4110  -34286.7617  0.5011 
   02634    0.4035  -34311.4648  0.5005 
   02635    0.4071  -34276.4023  0.5005 
   02636    0.4176  -34322.3320  0.5031 
   02637    0.4126  -34314.8711  0.5050 
   02638    0.4052  -34279.7734  0.5066 
   02639    0.4131  -34225.8828  0.5065 
   02640    0.4085  -34324.3008  0.5072 
   02641    0.4080  -34323.6992  0.5109 
   02642    0.4061  -34285.3672  0.5088 
   02643    0.4042  -34317.1719  0.5105 
   02644    0.4102  -34286.8516  0.5092 
   02645    0.4105  -34278.5977  0.5147 
   02646    0.4059  -34223.6172  0.5152 
   02647    0.4179  -34210.8906  0.5137 
   02648    0.4117  -34124.8984  0.5102 
   02649    0.4184  -34173.5898  0.5082 
   02650    0.3966  -34219.8164  0.5079 
   02651    0.4098  -34242.1094  0.5061 
   02652    0.4106  -34296.4961  0.5074 
   02653    0.4052  -34332.5156  0.5054 
   02654    0.4156  -34326.8672  0.5070 
   02655    0.4088  -34310.4375  0.5079 
   02656    0.4101  -34272.4453  0.5101 
   02657    0.4086  -34371.4727  0.5079 
   02658    0.4087  -34309.3594  0.5053 
   02659    0.4190  -34248.8984  0.5035 
   02660    0.3988  -34314.6172  0.5044 
   02661    0.4156  -34300.0742  0.5048 
   02662    0.4113  -34312.4609  0.5039 
   02663    0.4104  -34221.7422  0.5008 
   02664    0.4067  -34155.0742  0.5011 
   02665    0.4157  -34240.6523  0.5007 
   02666    0.4082  -34234.3242  0.5006 
   02667    0.4080  -34158.8359  0.4997 
   02668    0.4168  -34223.3242  0.4998 
   02669    0.4140  -34215.1914  0.5014 
   02670    0.4042  -34183.8125  0.5017 
   02671    0.4101  -34228.6367  0.5041 
   02672    0.4161  -34303.3594  0.5021 
   02673    0.4065  -34252.2930  0.5028 
   02674    0.4127  -34288.2227  0.5023 
   02675    0.4091  -34290.2773  0.5006 
   02676    0.4164  -34304.9414  0.5045 
   02677    0.4186  -34365.2734  0.4999 
   02678    0.4132  -34358.4102  0.5001 
   02679    0.4080  -34279.6602  0.5000 
   02680    0.4109  -34281.9766  0.5007 
   02681    0.4100  -34211.8984  0.4986 
   02682    0.4054  -34246.8984  0.4966 
   02683    0.4068  -34329.9141  0.4988 
   02684    0.4136  -34342.5078  0.5030 
   02685    0.4045  -34357.2812  0.5051 
   02686    0.3983  -34346.3125  0.5063 
   02687    0.4044  -34212.4141  0.5033 
   02688    0.4074  -34200.5664  0.5011 
   02689    0.4183  -34209.3164  0.5005 
   02690    0.4137  -34343.2969  0.4999 
   02691    0.4173  -34381.5938  0.5020 
   02692    0.4004  -34337.4297  0.5014 
   02693    0.4123  -34292.6211  0.5007 
   02694    0.4088  -34258.1016  0.5014 
   02695    0.4124  -34331.6992  0.5030 
   02696    0.4105  -34216.1797  0.5005 
   02697    0.4047  -34323.4297  0.5001 
   02698    0.4077  -34361.0703  0.5013 
   02699    0.4132  -34406.2305  0.5027 
   02700    0.4152  -34483.3242  0.5042 
   02701    0.4069  -34407.0977  0.5038 
   02702    0.4147  -34460.3750  0.5027 
   02703    0.3976  -34482.7305  0.5036 
   02704    0.4144  -34438.5039  0.5021 
   02705    0.4095  -34319.4805  0.4996 
   02706    0.4121  -34388.2031  0.4980 
   02707    0.4098  -34485.6172  0.4959 
   02708    0.4113  -34438.3242  0.4985 
   02709    0.4066  -34451.5234  0.4978 
   02710    0.4038  -34299.4570  0.4963 
   02711    0.4026  -34312.7969  0.4977 
   02712    0.4166  -34339.9727  0.4964 
   02713    0.4109  -34271.4844  0.4981 
   02714    0.4085  -34311.7344  0.4990 
   02715    0.4053  -34221.1406  0.4996 
   02716    0.4041  -34268.2266  0.5003 
   02717    0.4154  -34295.2344  0.5024 
   02718    0.4121  -34359.4297  0.5031 
   02719    0.4199  -34335.0039  0.5008 
   02720    0.4129  -34342.9531  0.4998 
   02721    0.4065  -34251.4219  0.4985 
   02722    0.4070  -34209.4688  0.4983 
   02723    0.4055  -34314.5469  0.4997 
   02724    0.4156  -34164.5430  0.4979 
   02725    0.4106  -34250.2539  0.4952 
   02726    0.4083  -34289.8008  0.4921 
   02727    0.4134  -34310.4961  0.4897 
   02728    0.4123  -34366.6602  0.4887 
   02729    0.4016  -34349.5000  0.4904 
   02730    0.4059  -34331.6484  0.4896 
   02731    0.4112  -34347.5977  0.4928 
   02732    0.4072  -34349.5938  0.4934 
   02733    0.4039  -34347.0820  0.4957 
   02734    0.4078  -34308.7461  0.4937 
   02735    0.4070  -34229.0117  0.4938 
   02736    0.3982  -34262.0391  0.4945 
   02737    0.4104  -34323.7031  0.4911 
   02738    0.4153  -34305.1250  0.4919 
   02739    0.4102  -34350.3203  0.4884 
   02740    0.4187  -34264.3789  0.4922 
   02741    0.4120  -34205.2109  0.4944 
   02742    0.4022  -34166.7812  0.4960 
   02743    0.4070  -34186.8281  0.4949 
   02744    0.3968  -34140.8086  0.4982 
   02745    0.4133  -34170.9023  0.4974 
   02746    0.4195  -34246.3516  0.4996 
   02747    0.4105  -34222.6797  0.5026 
   02748    0.4176  -34242.6641  0.5018 
   02749    0.4025  -34195.9922  0.5015 
   02750    0.4079  -34250.1055  0.5029 
   02751    0.4118  -34265.6602  0.5031 
   02752    0.4053  -34304.6250  0.5017 
   02753    0.4149  -34282.3945  0.5002 
   02754    0.4063  -34238.6211  0.4994 
   02755    0.4136  -34243.7188  0.5000 
   02756    0.4033  -34253.9727  0.4998 
   02757    0.4142  -34272.5117  0.4973 
   02758    0.4100  -34248.2656  0.4974 
   02759    0.4102  -34407.3984  0.4998 
   02760    0.4114  -34460.6250  0.4995 
   02761    0.4168  -34488.7305  0.4997 
   02762    0.4027  -34360.3008  0.5016 
   02763    0.4069  -34345.9297  0.5012 
   02764    0.4184  -34301.9141  0.5017 
   02765    0.4084  -34341.6875  0.5013 
   02766    0.4138  -34312.5859  0.5020 
   02767    0.4151  -34243.8555  0.4999 
   02768    0.4097  -34159.5703  0.4986 
   02769    0.4088  -34236.5469  0.4998 
   02770    0.4077  -34310.3008  0.4982 
   02771    0.4112  -34336.2852  0.5022 
   02772    0.4143  -34372.6953  0.4998 
   02773    0.4023  -34313.9141  0.4952 
   02774    0.4150  -34251.9219  0.4942 
   02775    0.4071  -34250.0547  0.4927 
   02776    0.4095  -34137.5742  0.4915 
   02777    0.4147  -34194.2031  0.4912 
   02778    0.4051  -34134.0703  0.4871 
   02779    0.4120  -34176.6680  0.4868 
   02780    0.4115  -34241.2031  0.4867 
   02781    0.4030  -34163.4805  0.4846 
   02782    0.4032  -34182.1602  0.4839 
   02783    0.4065  -34200.1016  0.4836 
   02784    0.4069  -34222.1250  0.4843 
   02785    0.4081  -34239.4922  0.4857 
   02786    0.4160  -34208.4258  0.4821 
   02787    0.4021  -34241.6562  0.4849 
   02788    0.4100  -34279.6172  0.4864 
   02789    0.4113  -34228.1211  0.4864 
   02790    0.4099  -34189.5625  0.4863 
   02791    0.4093  -34221.2227  0.4867 
   02792    0.4093  -34276.4609  0.4882 
   02793    0.4003  -34227.3242  0.4899 
   02794    0.4061  -34225.6445  0.4912 
   02795    0.4106  -34236.3086  0.4901 
   02796    0.4213  -34244.9805  0.4920 
   02797    0.4166  -34227.3789  0.4926 
   02798    0.4114  -34292.1562  0.4919 
   02799    0.4112  -34297.3984  0.4895 
   02800    0.4060  -34296.0195  0.4901 
   02801    0.4055  -34373.1328  0.4900 
   02802    0.3993  -34362.2930  0.4877 
   02803    0.4075  -34309.5156  0.4858 
   02804    0.4052  -34345.4961  0.4863 
   02805    0.4063  -34217.1367  0.4865 
   02806    0.4068  -34222.6016  0.4866 
   02807    0.4061  -34279.1719  0.4872 
   02808    0.4186  -34349.1523  0.4831 
   02809    0.4093  -34328.5156  0.4821 
   02810    0.4123  -34301.1406  0.4834 
   02811    0.4095  -34278.4297  0.4847 
   02812    0.4154  -34371.0234  0.4867 
   02813    0.4012  -34379.3672  0.4888 
   02814    0.4095  -34319.0547  0.4909 
   02815    0.4070  -34293.8477  0.4884 
   02816    0.4065  -34271.7656  0.4883 
   02817    0.4072  -34308.5664  0.4893 
   02818    0.4184  -34274.5547  0.4870 
   02819    0.4127  -34248.1250  0.4868 
   02820    0.3967  -34228.9297  0.4865 
   02821    0.4097  -34175.1641  0.4870 
   02822    0.4028  -34272.0234  0.4866 
   02823    0.4084  -34245.7852  0.4868 
   02824    0.4056  -34308.0508  0.4906 
   02825    0.4107  -34349.1602  0.4904 
   02826    0.4137  -34326.9570  0.4902 
   02827    0.4074  -34334.2930  0.4938 
   02828    0.4081  -34274.5352  0.4936 
   02829    0.4106  -34316.9648  0.4956 
   02830    0.4021  -34288.0195  0.4986 
   02831    0.4121  -34308.2852  0.4973 
   02832    0.4077  -34308.6328  0.5000 
   02833    0.4063  -34320.7930  0.5006 
   02834    0.4138  -34280.3828  0.4966 
   02835    0.4126  -34256.5859  0.4965 
   02836    0.4121  -34401.5078  0.4969 
   02837    0.4152  -34303.2305  0.4980 
   02838    0.4028  -34268.0430  0.4953 
   02839    0.4084  -34298.6016  0.4958 
   02840    0.4031  -34293.9648  0.4968 
   02841    0.4114  -34393.1484  0.4975 
   02842    0.4065  -34406.9141  0.4973 
   02843    0.4127  -34324.6914  0.4947 
   02844    0.4050  -34145.2266  0.4916 
   02845    0.4106  -34154.7500  0.4907 
   02846    0.4125  -34114.3164  0.4910 
   02847    0.4090  -34117.4961  0.4920 
   02848    0.4126  -34115.2109  0.4891 
   02849    0.4062  -34062.0781  0.4874 
   02850    0.4108  -34123.0430  0.4854 
   02851    0.4192  -34115.3242  0.4858 
   02852    0.4119  -34175.4492  0.4855 
   02853    0.3976  -34275.3281  0.4878 
   02854    0.4122  -34283.3320  0.4860 
   02855    0.4049  -34316.2891  0.4845 
   02856    0.4007  -34265.9688  0.4869 
   02857    0.4136  -34265.8789  0.4851 
   02858    0.4118  -34335.4883  0.4839 
   02859    0.4106  -34321.4805  0.4853 
   02860    0.4046  -34238.9297  0.4854 
   02861    0.3977  -34243.2812  0.4855 
   02862    0.3995  -34335.1562  0.4869 
   02863    0.4077  -34233.4297  0.4850 
   02864    0.4061  -34248.5234  0.4835 
   02865    0.4005  -34263.9141  0.4846 
   02866    0.4093  -34266.2266  0.4831 
   02867    0.4076  -34230.0430  0.4822 
   02868    0.4006  -34179.2109  0.4840 
   02869    0.4084  -34290.2383  0.4824 
   02870    0.4063  -34338.4336  0.4836 
   02871    0.4104  -34336.3555  0.4835 
   02872    0.4113  -34349.6289  0.4846 
   02873    0.4139  -34344.2383  0.4829 
   02874    0.4005  -34297.2461  0.4815 
   02875    0.4029  -34255.1680  0.4835 
   02876    0.4080  -34295.8125  0.4833 
   02877    0.4142  -34346.6133  0.4806 
   02878    0.4040  -34236.9766  0.4795 
   02879    0.4067  -34225.1758  0.4769 
   02880    0.4030  -34301.4180  0.4768 
   02881    0.4120  -34301.2500  0.4768 
   02882    0.4097  -34351.9375  0.4770 
   02883    0.4069  -34320.1523  0.4771 
   02884    0.4011  -34292.2227  0.4763 
   02885    0.4167  -34265.4727  0.4772 
   02886    0.3966  -34211.6992  0.4782 
   02887    0.4178  -34169.4062  0.4775 
   02888    0.4200  -34254.7461  0.4796 
   02889    0.4124  -34217.0000  0.4803 
   02890    0.4077  -34122.5078  0.4827 
   02891    0.4115  -34209.1523  0.4856 
   02892    0.4182  -34291.4023  0.4863 
   02893    0.4108  -34260.8750  0.4829 
   02894    0.4193  -34326.0859  0.4836 
   02895    0.4097  -34422.5547  0.4846 
   02896    0.4096  -34348.6992  0.4838 
   02897    0.4083  -34368.4844  0.4820 
   02898    0.4068  -34287.0039  0.4762 
   02899    0.4052  -34281.3750  0.4801 
   02900    0.4154  -34321.3750  0.4822 
   02901    0.4067  -34385.2578  0.4788 
   02902    0.4102  -34365.7578  0.4775 
   02903    0.4106  -34302.3789  0.4795 
   02904    0.3969  -34308.3359  0.4801 
   02905    0.4069  -34372.8320  0.4822 
   02906    0.4007  -34356.2148  0.4802 
   02907    0.4053  -34294.7852  0.4794 
   02908    0.4065  -34305.9336  0.4771 
   02909    0.4044  -34324.6602  0.4747 
   02910    0.4232  -34196.6055  0.4730 
   02911    0.4025  -34214.1953  0.4778 
   02912    0.4057  -34199.4023  0.4764 
   02913    0.4084  -34200.8164  0.4804 
   02914    0.4042  -34318.0430  0.4816 
   02915    0.4129  -34342.0312  0.4820 
   02916    0.4005  -34382.8672  0.4809 
   02917    0.4143  -34373.4297  0.4773 
   02918    0.4088  -34388.8008  0.4782 
   02919    0.4022  -34339.6836  0.4816 
   02920    0.4088  -34256.4414  0.4820 
   02921    0.4120  -34202.3555  0.4813 
   02922    0.4101  -34138.8320  0.4797 
   02923    0.4112  -34067.8828  0.4793 
   02924    0.4150  -34179.0273  0.4830 
   02925    0.4063  -34277.3750  0.4851 
   02926    0.4033  -34251.4492  0.4831 
   02927    0.4186  -34245.6211  0.4857 
   02928    0.4070  -34213.3086  0.4853 
   02929    0.4203  -34301.8438  0.4872 
   02930    0.4068  -34254.8125  0.4855 
   02931    0.4155  -34248.3086  0.4845 
   02932    0.4140  -34241.9219  0.4862 
   02933    0.4153  -34252.4531  0.4881 
   02934    0.4095  -34292.2266  0.4894 
   02935    0.4104  -34212.1836  0.4904 
   02936    0.4098  -34229.7305  0.4887 
   02937    0.4130  -34225.8164  0.4897 
   02938    0.4096  -34262.3594  0.4934 
   02939    0.4191  -34296.3242  0.4933 
   02940    0.4148  -34352.5938  0.4943 
   02941    0.4081  -34265.3867  0.4947 
   02942    0.4112  -34252.6133  0.4944 
   02943    0.4167  -34262.7461  0.4961 
   02944    0.4033  -34191.7852  0.4947 
   02945    0.4103  -34135.1172  0.4941 
   02946    0.3999  -34194.3594  0.4929 
   02947    0.4027  -34249.6055  0.4968 
   02948    0.4076  -34311.8984  0.4998 
   02949    0.4179  -34267.1406  0.4995 
   02950    0.4095  -34226.6602  0.4999 
   02951    0.4142  -34291.0000  0.4972 
   02952    0.4122  -34215.6484  0.4931 
   02953    0.4189  -34158.8516  0.4904 
   02954    0.4094  -34123.6211  0.4901 
   02955    0.4245  -34189.6445  0.4921 
   02956    0.4094  -34276.8047  0.4940 
   02957    0.4072  -34264.8398  0.4944 
   02958    0.4137  -34304.6797  0.4956 
   02959    0.4063  -34276.2383  0.4932 
   02960    0.4032  -34222.3984  0.4956 
   02961    0.4161  -34234.7227  0.4975 
   02962    0.4177  -34227.4219  0.4944 
   02963    0.4146  -34226.9297  0.4921 
   02964    0.4134  -34322.3672  0.4972 
   02965    0.4091  -34217.8242  0.4994 
   02966    0.4112  -34287.1953  0.4997 
   02967    0.4101  -34252.0742  0.5019 
   02968    0.4195  -34318.9844  0.5000 
   02969    0.4165  -34375.9961  0.5019 
   02970    0.4100  -34410.9570  0.4973 
   02971    0.4128  -34298.7734  0.4958 
   02972    0.4123  -34260.5312  0.4957 
   02973    0.4054  -34245.8828  0.4944 
   02974    0.4050  -34293.9062  0.4967 
   02975    0.4091  -34343.7031  0.4964 
   02976    0.4152  -34244.8008  0.4964 
   02977    0.4113  -34323.0586  0.4990 
   02978    0.4055  -34329.7852  0.4994 
   02979    0.4075  -34274.6250  0.4998 
   02980    0.4069  -34249.3125  0.5009 
   02981    0.4045  -34283.2500  0.4981 
   02982    0.4119  -34265.2500  0.4980 
   02983    0.4075  -34275.7539  0.4988 
   02984    0.4138  -34233.9688  0.4977 
   02985    0.4132  -34286.2188  0.4969 
   02986    0.4120  -34256.9062  0.4973 
   02987    0.4131  -34138.2461  0.4965 
   02988    0.4136  -34224.9922  0.4944 
   02989    0.4154  -34334.2383  0.4962 
   02990    0.3957  -34312.8086  0.4967 
   02991    0.4158  -34224.0898  0.4968 
   02992    0.4118  -34199.9297  0.4989 
   02993    0.4103  -34251.9766  0.4992 
   02994    0.3995  -34223.4492  0.4990 
   02995    0.4030  -34292.4258  0.4990 
   02996    0.4087  -34320.6445  0.4959 
   02997    0.4089  -34200.6367  0.4937 
   02998    0.4156  -34180.9766  0.4940 
   02999    0.4076  -34243.5703  0.4951 
   03000    0.4070  -34301.5078  0.4978 
   03001    0.4062  -34237.7930  0.5000 
   03002    0.4124  -34282.0039  0.4982 
   03003    0.4120  -34371.6250  0.4981 
   03004    0.4109  -34410.6172  0.4979 
   03005    0.4005  -34362.1562  0.4973 
   03006    0.4057  -34291.4883  0.5005 
   03007    0.4123  -34259.9453  0.4992 
   03008    0.4100  -34278.0312  0.4991 
   03009    0.4143  -34300.7266  0.5001 
   03010    0.4099  -34246.4688  0.4997 
   03011    0.4046  -34279.7812  0.5004 
   03012    0.4112  -34332.1875  0.5048 
   03013    0.4033  -34275.7734  0.5054 
   03014    0.4140  -34339.1680  0.5065 
   03015    0.4020  -34314.1094  0.5058 
   03016    0.4067  -34255.8477  0.5094 
   03017    0.4072  -34303.8633  0.5054 
   03018    0.3995  -34304.6797  0.5080 
   03019    0.4143  -34285.3594  0.5070 
   03020    0.4010  -34244.4492  0.5101 
   03021    0.4203  -34309.3203  0.5102 
   03022    0.4096  -34353.4961  0.5118 
   03023    0.4122  -34335.2578  0.5120 
   03024    0.4048  -34343.8008  0.5086 
   03025    0.4100  -34348.1367  0.5097 
   03026    0.4101  -34324.1133  0.5122 
   03027    0.4165  -34342.0820  0.5141 
   03028    0.4128  -34415.4180  0.5151 
   03029    0.4051  -34301.0391  0.5147 
   03030    0.4122  -34347.7383  0.5139 
   03031    0.4057  -34348.7969  0.5132 
   03032    0.4078  -34356.3906  0.5147 
   03033    0.4049  -34289.8516  0.5151 
   03034    0.4053  -34346.4688  0.5171 
   03035    0.4077  -34251.6562  0.5155 
   03036    0.4159  -34270.5898  0.5154 
   03037    0.4045  -34171.6094  0.5157 
   03038    0.4197  -34183.5000  0.5142 
   03039    0.4114  -34298.2031  0.5157 
   03040    0.4108  -34300.7969  0.5148 
   03041    0.4078  -34238.0312  0.5119 
   03042    0.4161  -34335.6875  0.5145 
   03043    0.4068  -34262.3633  0.5158 
   03044    0.4020  -34208.3477  0.5204 
   03045    0.4142  -34296.6406  0.5220 
   03046    0.4091  -34242.2578  0.5220 
   03047    0.4122  -34298.4219  0.5247 
   03048    0.4091  -34252.6523  0.5280 
   03049    0.4154  -34254.6758  0.5270 
   03050    0.4082  -34230.6172  0.5256 
   03051    0.4080  -34241.1406  0.5260 
   03052    0.4136  -34152.6914  0.5275 
   03053    0.4152  -34182.5273  0.5286 
   03054    0.4057  -34188.6602  0.5298 
   03055    0.4085  -34333.8711  0.5281 
   03056    0.4033  -34255.1172  0.5294 
   03057    0.4126  -34286.7461  0.5354 
   03058    0.4047  -34307.1719  0.5351 
   03059    0.4111  -34285.6055  0.5373 
   03060    0.4084  -34285.3281  0.5416 
   03061    0.4111  -34291.5234  0.5392 
   03062    0.4106  -34307.0430  0.5382 
   03063    0.4080  -34277.9414  0.5397 
   03064    0.4095  -34289.3516  0.5391 
   03065    0.4075  -34232.2344  0.5392 
   03066    0.4043  -34228.7891  0.5434 
   03067    0.4117  -34221.7734  0.5420 
   03068    0.4082  -34288.6562  0.5412 
   03069    0.4108  -34297.7461  0.5450 
   03070    0.4010  -34247.5898  0.5439 
   03071    0.4093  -34305.1602  0.5469 
   03072    0.4000  -34347.5586  0.5470 
   03073    0.4000  -34306.1055  0.5475 
   03074    0.4117  -34209.1719  0.5461 
   03075    0.4151  -34285.8125  0.5452 
   03076    0.4101  -34371.5039  0.5464 
   03077    0.4122  -34335.9297  0.5443 
   03078    0.4248  -34232.8477  0.5462 
   03079    0.4065  -34234.1641  0.5476 
   03080    0.4061  -34281.0820  0.5492 
   03081    0.4103  -34275.6289  0.5452 
   03082    0.4051  -34319.8633  0.5455 
   03083    0.4090  -34250.8008  0.5479 
   03084    0.4172  -34306.6250  0.5482 
   03085    0.4088  -34295.2695  0.5474 
   03086    0.4053  -34209.7109  0.5485 
   03087    0.4055  -34273.5000  0.5456 
   03088    0.4135  -34297.2812  0.5495 
   03089    0.4087  -34334.1758  0.5528 
   03090    0.4162  -34331.1992  0.5527 
   03091    0.4067  -34294.2734  0.5512 
   03092    0.4121  -34245.4805  0.5544 
   03093    0.4092  -34239.5898  0.5522 
   03094    0.4065  -34206.8438  0.5512 
   03095    0.3986  -34167.5273  0.5517 
   03096    0.4132  -34361.1523  0.5482 
   03097    0.4140  -34335.9062  0.5469 
   03098    0.4074  -34330.9648  0.5458 
   03099    0.4048  -34397.3086  0.5456 
   03100    0.4170  -34392.7852  0.5469 
   03101    0.4070  -34436.8633  0.5457 
   03102    0.4107  -34393.3477  0.5435 
   03103    0.4140  -34419.6328  0.5423 
   03104    0.4086  -34442.9570  0.5401 
   03105    0.4188  -34379.7773  0.5398 
   03106    0.4147  -34410.5117  0.5365 
   03107    0.4131  -34423.7109  0.5345 
   03108    0.4156  -34454.7734  0.5379 
   03109    0.4145  -34465.1953  0.5388 
   03110    0.4156  -34401.9258  0.5371 
   03111    0.4025  -34399.4688  0.5360 
   03112    0.4108  -34295.5781  0.5365 
   03113    0.4123  -34225.7461  0.5371 
   03114    0.4037  -34215.5664  0.5392 
   03115    0.4099  -34268.8828  0.5419 
   03116    0.4153  -34307.0273  0.5456 
   03117    0.4026  -34307.3242  0.5435 
   03118    0.4062  -34270.8594  0.5435 
   03119    0.4000  -34226.6523  0.5421 
   03120    0.4118  -34251.0391  0.5414 
   03121    0.4096  -34263.0742  0.5416 
   03122    0.4126  -34280.4688  0.5410 
   03123    0.4135  -34237.6797  0.5387 
   03124    0.4133  -34219.0938  0.5421 
   03125    0.4107  -34233.8281  0.5433 
   03126    0.4129  -34231.9766  0.5413 
   03127    0.4109  -34250.5781  0.5415 
   03128    0.4137  -34227.0703  0.5415 
   03129    0.4095  -34233.3281  0.5405 
   03130    0.4063  -34240.6758  0.5409 
   03131    0.4169  -34253.6445  0.5412 
   03132    0.4022  -34265.3516  0.5395 
   03133    0.4105  -34275.8906  0.5374 
   03134    0.4108  -34316.8398  0.5410 
   03135    0.4063  -34335.7500  0.5381 
   03136    0.4044  -34271.5547  0.5365 
   03137    0.4102  -34297.7266  0.5367 
   03138    0.4068  -34218.8320  0.5370 
   03139    0.4185  -34205.3945  0.5368 
   03140    0.4084  -34232.4258  0.5370 
   03141    0.4124  -34230.9922  0.5343 
   03142    0.4072  -34230.0039  0.5362 
   03143    0.4103  -34258.9727  0.5347 
   03144    0.4024  -34253.4219  0.5354 
   03145    0.4027  -34166.2539  0.5360 
   03146    0.4161  -34288.2500  0.5390 
   03147    0.4060  -34376.6445  0.5404 
   03148    0.4041  -34419.0781  0.5415 
   03149    0.4098  -34395.9102  0.5419 
   03150    0.4083  -34313.9883  0.5386 
   03151    0.4111  -34254.0547  0.5395 
   03152    0.4072  -34273.3047  0.5385 
   03153    0.4135  -34302.3711  0.5373 
   03154    0.4161  -34281.2266  0.5353 
   03155    0.4076  -34314.3516  0.5324 
   03156    0.4101  -34277.9258  0.5326 
   03157    0.4140  -34171.1445  0.5318 
   03158    0.4025  -34160.0352  0.5333 
   03159    0.4130  -34096.1445  0.5335 
   03160    0.4030  -34111.1680  0.5310 
   03161    0.4069  -34177.4102  0.5352 
   03162    0.4119  -34275.9453  0.5357 
   03163    0.4140  -34261.3594  0.5357 
   03164    0.4083  -34339.8398  0.5383 
   03165    0.4040  -34243.2734  0.5369 
   03166    0.4057  -34246.4648  0.5362 
   03167    0.4070  -34181.2109  0.5357 
   03168    0.4070  -34235.6523  0.5373 
   03169    0.4053  -34218.9336  0.5380 
   03170    0.4177  -34270.8828  0.5403 
   03171    0.4012  -34246.2969  0.5414 
   03172    0.4013  -34212.9023  0.5440 
   03173    0.4062  -34190.2852  0.5447 
   03174    0.4138  -34188.9102  0.5438 
   03175    0.4086  -34170.9414  0.5452 
   03176    0.4145  -34170.7891  0.5474 
   03177    0.4105  -34102.9336  0.5466 
   03178    0.4135  -34125.1133  0.5496 
   03179    0.4102  -34083.7266  0.5519 
   03180    0.4050  -34124.2578  0.5532 
   03181    0.4085  -34201.1445  0.5531 
   03182    0.4070  -34154.4297  0.5524 
   03183    0.4065  -34229.5195  0.5578 
   03184    0.4044  -34189.6602  0.5550 
   03185    0.4115  -34117.7656  0.5555 
   03186    0.4074  -34246.7305  0.5542 
   03187    0.4150  -34325.8125  0.5545 
   03188    0.3996  -34382.5664  0.5551 
   03189    0.4183  -34350.2500  0.5552 
   03190    0.4082  -34344.4883  0.5590 
   03191    0.4096  -34244.5781  0.5583 
   03192    0.4151  -34250.9141  0.5605 
   03193    0.4149  -34255.4922  0.5577 
   03194    0.4082  -34342.0117  0.5596 
   03195    0.4105  -34239.9102  0.5568 
   03196    0.4087  -34187.9570  0.5568 
   03197    0.4156  -34226.6680  0.5599 
   03198    0.4137  -34283.7305  0.5608 
   03199    0.4056  -34274.5703  0.5633 
   03200    0.4131  -34229.2578  0.5635 
   03201    0.4055  -34227.6641  0.5649 
   03202    0.4112  -34190.7148  0.5671 
   03203    0.4086  -34206.8672  0.5685 
   03204    0.4083  -34293.9062  0.5694 
   03205    0.4158  -34274.0312  0.5709 
   03206    0.4022  -34267.1406  0.5712 
   03207    0.4109  -34277.0586  0.5721 
   03208    0.4063  -34250.1719  0.5725 
   03209    0.4030  -34293.2852  0.5734 
   03210    0.4032  -34357.9648  0.5743 
   03211    0.3983  -34381.8047  0.5705 
   03212    0.4163  -34406.1992  0.5711 
   03213    0.4159  -34389.6797  0.5704 
   03214    0.4021  -34398.6719  0.5679 
   03215    0.4065  -34301.0312  0.5682 
   03216    0.4124  -34258.8867  0.5685 
   03217    0.4038  -34279.5039  0.5711 
   03218    0.4083  -34335.6211  0.5717 
   03219    0.4066  -34300.8555  0.5689 
   03220    0.4057  -34358.0430  0.5694 
   03221    0.4124  -34370.3789  0.5728 
   03222    0.4094  -34280.3984  0.5739 
   03223    0.4019  -34255.1992  0.5685 
   03224    0.4047  -34275.5000  0.5666 
   03225    0.4152  -34265.6797  0.5678 
   03226    0.4169  -34331.0312  0.5683 
   03227    0.4034  -34212.5625  0.5657 
   03228    0.4075  -34140.3164  0.5686 
   03229    0.3979  -34194.2148  0.5714 
   03230    0.4111  -34212.1523  0.5695 
   03231    0.4134  -34172.3047  0.5672 
   03232    0.4192  -34105.2031  0.5653 
   03233    0.4138  -34157.8125  0.5672 
   03234    0.4066  -34183.3633  0.5699 
   03235    0.4185  -34213.3477  0.5700 
   03236    0.4136  -34289.8516  0.5746 
   03237    0.4110  -34271.1875  0.5743 
   03238    0.4157  -34314.6875  0.5773 
   03239    0.4049  -34342.3984  0.5754 
   03240    0.4111  -34358.1914  0.5789 
   03241    0.4137  -34292.5352  0.5800 
   03242    0.4056  -34325.2539  0.5821 
   03243    0.4161  -34378.9727  0.5831 
   03244    0.4161  -34453.0352  0.5850 
   03245    0.4077  -34434.2148  0.5862 
   03246    0.4096  -34367.6172  0.5908 
   03247    0.4113  -34332.9062  0.5874 
   03248    0.4078  -34217.6055  0.5829 
   03249    0.4020  -34252.6914  0.5821 
   03250    0.4009  -34345.8203  0.5855 
   03251    0.4078  -34305.3516  0.5854 
   03252    0.4087  -34348.7930  0.5866 
   03253    0.4033  -34339.5039  0.5837 
   03254    0.4081  -34308.5742  0.5839 
   03255    0.4137  -34306.7539  0.5848 
   03256    0.4079  -34379.2617  0.5872 
   03257    0.4091  -34349.2109  0.5861 
   03258    0.4035  -34260.1094  0.5842 
   03259    0.4074  -34287.5664  0.5868 
   03260    0.4137  -34178.6719  0.5830 
   03261    0.4092  -34260.6250  0.5857 
   03262    0.4139  -34315.0625  0.5852 
   03263    0.4051  -34189.4023  0.5843 
   03264    0.4131  -34221.9961  0.5809 
   03265    0.4021  -34282.2188  0.5808 
   03266    0.4154  -34332.5430  0.5823 
   03267    0.4093  -34414.5898  0.5840 
   03268    0.4084  -34341.0234  0.5852 
   03269    0.3995  -34339.9180  0.5817 
   03270    0.4068  -34366.7734  0.5805 
   03271    0.4043  -34351.7734  0.5777 
   03272    0.4000  -34352.1797  0.5761 
   03273    0.4049  -34333.8633  0.5729 
   03274    0.4119  -34223.2070  0.5740 
   03275    0.4101  -34241.0977  0.5730 
   03276    0.4125  -34332.2969  0.5739 
   03277    0.4056  -34313.0859  0.5734 
   03278    0.4087  -34378.7656  0.5751 
   03279    0.4034  -34302.7148  0.5763 
   03280    0.4097  -34345.6094  0.5749 
   03281    0.4070  -34316.2461  0.5738 
   03282    0.4059  -34299.1758  0.5733 
   03283    0.4096  -34290.5312  0.5746 
   03284    0.4075  -34313.3086  0.5747 
   03285    0.4103  -34329.2695  0.5756 
   03286    0.4032  -34274.9180  0.5729 
   03287    0.4021  -34323.1758  0.5739 
   03288    0.4065  -34333.5391  0.5710 
   03289    0.4039  -34318.9180  0.5702 
   03290    0.3961  -34208.1211  0.5672 
   03291    0.4080  -34164.2344  0.5693 
   03292    0.4188  -34138.0547  0.5731 
   03293    0.4207  -34259.7422  0.5733 
   03294    0.4097  -34259.0625  0.5767 
   03295    0.4075  -34230.6914  0.5797 
   03296    0.4104  -34287.9023  0.5803 
   03297    0.4069  -34250.8203  0.5809 
   03298    0.4070  -34292.1055  0.5807 
   03299    0.4237  -34208.3984  0.5791 
   03300    0.4118  -34204.0391  0.5757 
   03301    0.4063  -34184.4375  0.5771 
   03302    0.4163  -34134.9297  0.5760 
   03303    0.4200  -34181.9219  0.5763 
   03304    0.4080  -34163.8828  0.5779 
   03305    0.4131  -34220.1211  0.5784 
   03306    0.4180  -34134.9609  0.5790 
   03307    0.4051  -34275.8555  0.5803 
   03308    0.4140  -34262.9648  0.5802 
   03309    0.4056  -34216.2422  0.5828 
   03310    0.4071  -34123.3203  0.5827 
   03311    0.4095  -34105.4922  0.5822 
   03312    0.4172  -34038.6562  0.5825 
   03313    0.4186  -34050.6758  0.5814 
   03314    0.4139  -34064.6836  0.5810 
   03315    0.4026  -34075.9688  0.5815 
   03316    0.4039  -34118.5156  0.5802 
   03317    0.4073  -34147.8945  0.5848 
   03318    0.4057  -34153.5078  0.5854 
   03319    0.4113  -34108.2969  0.5844 
   03320    0.4162  -34057.3516  0.5812 
   03321    0.4142  -34030.3438  0.5826 
   03322    0.4096  -34079.9258  0.5815 
   03323    0.4064  -34159.3945  0.5812 
   03324    0.4120  -34200.2773  0.5806 
   03325    0.4144  -34197.3203  0.5834 
   03326    0.4051  -34250.7188  0.5839 
   03327    0.4066  -34366.9102  0.5825 
   03328    0.4100  -34273.0586  0.5822 
   03329    0.4109  -34320.9648  0.5808 
   03330    0.4204  -34309.7891  0.5792 
   03331    0.4059  -34336.2969  0.5801 
   03332    0.4046  -34393.2539  0.5802 
   03333    0.4079  -34381.6680  0.5831 
   03334    0.4049  -34378.5195  0.5813 
   03335    0.4223  -34320.1875  0.5784 
   03336    0.4097  -34335.9258  0.5811 
   03337    0.4049  -34290.0039  0.5752 
   03338    0.4115  -34288.0078  0.5719 
   03339    0.4180  -34295.6562  0.5770 
   03340    0.4059  -34275.0820  0.5786 
   03341    0.4090  -34130.0547  0.5776 
   03342    0.4049  -34181.9531  0.5801 
   03343    0.4142  -34120.8125  0.5786 
   03344    0.4065  -34118.4336  0.5802 
   03345    0.4087  -34152.9141  0.5815 
   03346    0.4097  -34214.2422  0.5818 
   03347    0.4131  -34250.3555  0.5845 
   03348    0.4032  -34187.8086  0.5826 
   03349    0.4066  -34190.9727  0.5791 
   03350    0.4065  -34174.2617  0.5780 
   03351    0.4115  -34239.9961  0.5810 
   03352    0.4111  -34168.4102  0.5748 
   03353    0.4023  -34096.2695  0.5745 
   03354    0.4104  -34196.1602  0.5762 
   03355    0.4056  -34273.5938  0.5762 
   03356    0.4035  -34378.2070  0.5778 
   03357    0.4084  -34412.7422  0.5773 
   03358    0.4200  -34344.1367  0.5752 
   03359    0.4164  -34319.3867  0.5748 
   03360    0.4062  -34318.4961  0.5739 
   03361    0.4037  -34185.7969  0.5750 
   03362    0.4057  -34101.2891  0.5756 
   03363    0.4124  -34177.1836  0.5766 
   03364    0.4088  -34144.7578  0.5771 
   03365    0.4137  -34174.2070  0.5764 
   03366    0.4206  -34257.8281  0.5744 
   03367    0.3978  -34242.7305  0.5787 
   03368    0.4082  -34179.4414  0.5798 
   03369    0.4138  -34233.7031  0.5810 
   03370    0.4051  -34263.7891  0.5799 
   03371    0.4067  -34285.3828  0.5806 
   03372    0.4143  -34282.7109  0.5835 
   03373    0.4062  -34243.2695  0.5805 
   03374    0.4076  -34323.8945  0.5779 
   03375    0.4088  -34244.5312  0.5778 
   03376    0.4169  -34288.2266  0.5801 
   03377    0.4079  -34369.6523  0.5799 
   03378    0.4110  -34378.9570  0.5803 
   03379    0.4045  -34430.9062  0.5763 
   03380    0.4018  -34308.0664  0.5747 
   03381    0.4080  -34281.2734  0.5761 
   03382    0.4075  -34382.5469  0.5759 
   03383    0.4114  -34348.3711  0.5740 
   03384    0.4035  -34313.1953  0.5754 
   03385    0.4082  -34382.9688  0.5740 
   03386    0.4048  -34378.6328  0.5728 
   03387    0.3983  -34318.5234  0.5697 
   03388    0.4055  -34338.0820  0.5682 
   03389    0.4089  -34252.6445  0.5700 
   03390    0.4092  -34178.6289  0.5707 
   03391    0.4030  -34168.9375  0.5692 
   03392    0.4125  -34249.1797  0.5667 
   03393    0.4095  -34325.1758  0.5686 
   03394    0.4174  -34198.0391  0.5700 
   03395    0.4084  -34189.0664  0.5693 
   03396    0.4098  -34154.9453  0.5700 
   03397    0.4123  -34142.1992  0.5691 
   03398    0.4184  -34184.8750  0.5708 
   03399    0.4090  -34176.6836  0.5721 
   03400    0.4165  -34274.0859  0.5748 
   03401    0.4127  -34272.9023  0.5745 
   03402    0.4040  -34208.4961  0.5726 
   03403    0.4099  -34181.1406  0.5770 
   03404    0.4193  -34232.6055  0.5777 
   03405    0.4151  -34257.3281  0.5795 
   03406    0.4035  -34194.6289  0.5818 
   03407    0.4058  -34210.8477  0.5831 
   03408    0.4094  -34229.6719  0.5826 
   03409    0.4110  -34208.0977  0.5834 
   03410    0.4111  -34187.0547  0.5846 
   03411    0.4028  -34224.5703  0.5856 
   03412    0.4078  -34190.7578  0.5886 
   03413    0.4137  -34234.9414  0.5897 
   03414    0.4104  -34271.3633  0.5887 
   03415    0.4038  -34305.9648  0.5907 
   03416    0.4106  -34369.1523  0.5900 
   03417    0.4028  -34368.8164  0.5892 
   03418    0.4095  -34307.4531  0.5884 
   03419    0.4104  -34210.2031  0.5853 
   03420    0.4180  -34228.7578  0.5851 
   03421    0.4102  -34220.5703  0.5808 
   03422    0.4101  -34213.3125  0.5796 
   03423    0.4117  -34276.8320  0.5812 
   03424    0.4073  -34333.8086  0.5822 
   03425    0.4086  -34249.3320  0.5807 
   03426    0.4072  -34181.0234  0.5841 
   03427    0.4098  -34114.0742  0.5808 
   03428    0.4110  -34162.3789  0.5795 
   03429    0.4158  -34138.6680  0.5794 
   03430    0.4100  -34212.1523  0.5767 
   03431    0.4154  -34241.7188  0.5758 
   03432    0.4104  -34334.9375  0.5759 
   03433    0.4023  -34308.1914  0.5749 
   03434    0.3999  -34292.9805  0.5721 
   03435    0.4107  -34258.9844  0.5715 
   03436    0.4163  -34276.2930  0.5734 
   03437    0.4165  -34301.8906  0.5740 
   03438    0.4091  -34242.2695  0.5719 
   03439    0.4092  -34259.1055  0.5745 
   03440    0.4182  -34272.1484  0.5752 
   03441    0.4082  -34259.9023  0.5775 
   03442    0.4099  -34309.0508  0.5760 
   03443    0.4051  -34336.1602  0.5785 
   03444    0.4042  -34387.1875  0.5777 
   03445    0.4028  -34231.0703  0.5762 
   03446    0.4071  -34224.6680  0.5730 
   03447    0.4176  -34269.2891  0.5765 
   03448    0.4130  -34257.5273  0.5785 
   03449    0.4130  -34260.2969  0.5786 
   03450    0.4098  -34211.2266  0.5811 
   03451    0.4132  -34263.4219  0.5811 
   03452    0.4052  -34262.6641  0.5839 
   03453    0.4174  -34159.5039  0.5816 
   03454    0.4054  -34266.2266  0.5851 
   03455    0.4152  -34305.1992  0.5860 
   03456    0.4069  -34346.6562  0.5861 
   03457    0.4115  -34383.5586  0.5873 
   03458    0.4190  -34362.8828  0.5892 
   03459    0.4116  -34310.9648  0.5884 
   03460    0.4116  -34336.9258  0.5895 
   03461    0.4070  -34348.2617  0.5887 
   03462    0.4020  -34323.6680  0.5877 
   03463    0.4147  -34310.5586  0.5875 
   03464    0.4095  -34373.7812  0.5881 
   03465    0.4106  -34430.9375  0.5898 
   03466    0.4086  -34400.1914  0.5902 
   03467    0.4118  -34428.5703  0.5895 
   03468    0.4086  -34337.0117  0.5867 
   03469    0.4157  -34442.4297  0.5859 
   03470    0.4136  -34402.5547  0.5860 
   03471    0.4102  -34401.4883  0.5856 
   03472    0.4052  -34436.7266  0.5846 
   03473    0.4025  -34503.0508  0.5863 
   03474    0.4065  -34614.2969  0.5869 
   03475    0.4078  -34391.6602  0.5873 
   03476    0.4038  -34430.4414  0.5911 
   03477    0.4102  -34429.6758  0.5906 
   03478    0.4139  -34436.1367  0.5878 
   03479    0.4087  -34383.9258  0.5853 
   03480    0.4016  -34383.1445  0.5860 
   03481    0.4042  -34428.4570  0.5851 
   03482    0.4045  -34417.8398  0.5859 
   03483    0.4084  -34437.9609  0.5825 
   03484    0.4086  -34356.2617  0.5794 
   03485    0.4077  -34295.4492  0.5806 
   03486    0.4084  -34223.0547  0.5813 
   03487    0.4047  -34181.0273  0.5795 
   03488    0.4121  -34291.1484  0.5824 
   03489    0.4068  -34392.4648  0.5816 
   03490    0.4097  -34434.0469  0.5825 
   03491    0.4062  -34346.5508  0.5837 
   03492    0.4018  -34207.3750  0.5842 
   03493    0.4140  -34279.1367  0.5810 
   03494    0.4003  -34320.9648  0.5818 
   03495    0.4045  -34350.8438  0.5826 
   03496    0.4079  -34247.6328  0.5823 
   03497    0.4087  -34354.0703  0.5857 
   03498    0.4099  -34388.3203  0.5861 
   03499    0.4071  -34329.4922  0.5859 
   03500    0.4150  -34302.9414  0.5855 
   03501    0.4090  -34336.3516  0.5838 
   03502    0.4097  -34313.6836  0.5865 
   03503    0.4054  -34352.9375  0.5881 
   03504    0.4116  -34374.6562  0.5884 
   03505    0.4030  -34244.0000  0.5858 
   03506    0.4056  -34331.3789  0.5880 
   03507    0.4007  -34368.3516  0.5895 
   03508    0.3987  -34322.3242  0.5907 
   03509    0.4132  -34307.4414  0.5863 
   03510    0.4172  -34249.3828  0.5841 
   03511    0.4020  -34237.8945  0.5857 
   03512    0.4101  -34267.9844  0.5869 
   03513    0.4026  -34332.4492  0.5895 
   03514    0.4130  -34342.9492  0.5909 
   03515    0.4144  -34269.8203  0.5886 
   03516    0.4047  -34358.2930  0.5878 
   03517    0.4113  -34314.2422  0.5881 
   03518    0.4161  -34299.1250  0.5888 
   03519    0.4067  -34178.5820  0.5872 
   03520    0.4159  -34190.0273  0.5873 
   03521    0.4130  -34280.0078  0.5894 
   03522    0.4076  -34265.9531  0.5911 
   03523    0.4103  -34191.1914  0.5903 
   03524    0.4156  -34202.5586  0.5883 
   03525    0.4022  -34103.0039  0.5846 
   03526    0.4091  -34184.8320  0.5890 
   03527    0.4117  -34295.6562  0.5853 
   03528    0.4138  -34143.0586  0.5855 
   03529    0.4170  -34150.9688  0.5882 
   03530    0.4036  -34204.5820  0.5897 
   03531    0.4070  -34165.0391  0.5919 
   03532    0.4188  -34194.3984  0.5945 
   03533    0.4095  -34267.6719  0.5923 
   03534    0.4097  -34316.7500  0.5930 
   03535    0.4089  -34352.8672  0.5939 
   03536    0.4118  -34335.0234  0.5902 
   03537    0.4115  -34374.1523  0.5915 
   03538    0.4124  -34241.6211  0.5882 
   03539    0.4009  -34279.8555  0.5880 
   03540    0.4129  -34453.1445  0.5878 
   03541    0.4092  -34374.1172  0.5873 
   03542    0.3963  -34305.7617  0.5867 
   03543    0.4142  -34384.8516  0.5905 
   03544    0.4068  -34361.2227  0.5933 
   03545    0.4110  -34374.9688  0.5923 
   03546    0.4103  -34392.3711  0.5907 
   03547    0.4142  -34365.9961  0.5888 
   03548    0.4095  -34360.8672  0.5877 
   03549    0.4059  -34359.4844  0.5943 
   03550    0.4058  -34342.6992  0.5925 
   03551    0.4118  -34364.2422  0.5955 
   03552    0.4145  -34309.0391  0.5977 
   03553    0.4096  -34221.8789  0.5989 
   03554    0.4074  -34146.8555  0.5987 
   03555    0.4071  -34117.5625  0.5971 
   03556    0.4059  -34154.4297  0.6003 
   03557    0.4049  -34135.6211  0.6017 
   03558    0.4090  -34303.9492  0.6070 
   03559    0.4107  -34350.4375  0.6077 
   03560    0.4019  -34432.8516  0.6087 
   03561    0.4101  -34420.3750  0.6098 
   03562    0.4056  -34391.5117  0.6127 
   03563    0.4137  -34385.1992  0.6132 
   03564    0.4041  -34335.3750  0.6092 
   03565    0.4108  -34393.9062  0.6116 
   03566    0.4020  -34359.5703  0.6097 
   03567    0.4058  -34369.9531  0.6091 
   03568    0.4143  -34362.6133  0.6079 
   03569    0.4032  -34363.7930  0.6082 
   03570    0.4034  -34433.7227  0.6080 
   03571    0.4006  -34512.8711  0.6055 
   03572    0.4100  -34367.6914  0.6018 
   03573    0.4197  -34249.0703  0.6004 
   03574    0.4197  -34258.2617  0.5996 
   03575    0.4118  -34323.2305  0.6024 
   03576    0.4008  -34265.8828  0.6021 
   03577    0.4156  -34185.7227  0.5990 
   03578    0.4065  -34188.1758  0.5995 
   03579    0.4101  -34193.5312  0.5987 
   03580    0.4183  -34299.6953  0.6010 
   03581    0.4023  -34255.6133  0.6016 
   03582    0.4091  -34260.5898  0.6028 
   03583    0.4103  -34184.7617  0.6020 
   03584    0.4136  -34188.2617  0.5998 
   03585    0.4125  -34205.0508  0.6015 
   03586    0.4168  -34184.8555  0.5988 
   03587    0.4161  -34223.5117  0.5967 
   03588    0.4121  -34248.0820  0.5967 
   03589    0.4182  -34307.8164  0.5990 
   03590    0.4076  -34338.1914  0.6010 
   03591    0.3979  -34323.2773  0.6015 
   03592    0.4049  -34259.0000  0.6012 
   03593    0.4073  -34274.3672  0.6032 
   03594    0.4104  -34328.3906  0.6050 
   03595    0.4069  -34325.4414  0.6041 
   03596    0.4026  -34371.4688  0.6030 
   03597    0.4054  -34310.7656  0.5990 
   03598    0.4056  -34217.8672  0.5985 
   03599    0.4130  -34209.9609  0.6003 
   03600    0.4050  -34321.1250  0.6052 
   03601    0.4145  -34361.4844  0.6065 
   03602    0.4074  -34354.7617  0.6082 
   03603    0.4085  -34327.3203  0.6096 
   03604    0.4142  -34402.4570  0.6115 
   03605    0.4061  -34298.2695  0.6096 
   03606    0.4100  -34338.4297  0.6086 
   03607    0.4056  -34278.2422  0.6060 
   03608    0.4050  -34143.8047  0.6077 
   03609    0.4061  -34129.5703  0.6076 
   03610    0.4140  -34129.0000  0.6109 
   03611    0.4067  -34209.3867  0.6117 
   03612    0.4107  -34283.8477  0.6104 
   03613    0.4068  -34259.0586  0.6109 
   03614    0.4193  -34339.7773  0.6116 
   03615    0.4057  -34323.9414  0.6117 
   03616    0.4107  -34271.1719  0.6127 
   03617    0.4052  -34317.0742  0.6144 
   03618    0.4079  -34262.7227  0.6121 
   03619    0.4112  -34365.8359  0.6101 
   03620    0.4035  -34364.8047  0.6124 
   03621    0.4198  -34249.9648  0.6100 
   03622    0.4064  -34247.8594  0.6081 
   03623    0.4087  -34309.5586  0.6054 
   03624    0.4073  -34205.5195  0.6045 
   03625    0.4086  -34126.9961  0.6019 
   03626    0.4134  -34194.5508  0.6033 
   03627    0.4122  -34300.0430  0.6043 
   03628    0.4150  -34315.8125  0.6011 
   03629    0.4054  -34370.8750  0.6010 
   03630    0.4075  -34385.2031  0.6036 
   03631    0.4140  -34448.2734  0.6045 
   03632    0.4083  -34409.4492  0.6055 
   03633    0.4121  -34338.6680  0.6061 
   03634    0.4089  -34374.0156  0.6056 
   03635    0.4117  -34510.3828  0.6042 
   03636    0.4100  -34436.4141  0.6048 
   03637    0.4117  -34291.6055  0.6037 
   03638    0.4027  -34246.7422  0.6037 
   03639    0.4078  -34248.7266  0.6047 
   03640    0.4086  -34294.8359  0.6067 
   03641    0.4043  -34313.7461  0.6104 
   03642    0.4175  -34288.9023  0.6115 
   03643    0.4081  -34286.2539  0.6114 
   03644    0.4126  -34289.1328  0.6118 
   03645    0.4174  -34311.1055  0.6144 
   03646    0.4069  -34295.1445  0.6135 
   03647    0.4076  -34247.5430  0.6142 
   03648    0.4076  -34310.0859  0.6151 
   03649    0.4041  -34324.0977  0.6132 
   03650    0.4144  -34250.4648  0.6109 
   03651    0.4150  -34353.8516  0.6127 
   03652    0.4086  -34290.5898  0.6125 
   03653    0.4193  -34313.9609  0.6114 
   03654    0.4150  -34365.6719  0.6099 
   03655    0.4054  -34283.4609  0.6088 
   03656    0.3996  -34260.1602  0.6072 
   03657    0.4024  -34329.0625  0.6077 
   03658    0.4164  -34320.9648  0.6082 
   03659    0.4090  -34369.1172  0.6078 
   03660    0.4066  -34321.1172  0.6093 
   03661    0.4142  -34292.0352  0.6121 
   03662    0.4109  -34402.5195  0.6099 
   03663    0.4132  -34461.2734  0.6081 
   03664    0.4169  -34472.1602  0.6077 
   03665    0.4154  -34305.5352  0.6086 
   03666    0.4092  -34308.7305  0.6081 
   03667    0.4149  -34334.3164  0.6098 
   03668    0.4058  -34324.1328  0.6112 
   03669    0.4075  -34374.7812  0.6120 
   03670    0.4039  -34380.7656  0.6124 
   03671    0.4159  -34251.9727  0.6136 
   03672    0.4144  -34298.6523  0.6119 
   03673    0.4040  -34286.2852  0.6125 
   03674    0.4124  -34208.5469  0.6091 
   03675    0.4057  -34247.7930  0.6112 
   03676    0.4068  -34172.1562  0.6133 
   03677    0.4072  -34157.3477  0.6143 
   03678    0.4054  -34262.8555  0.6176 
   03679    0.4073  -34229.7656  0.6160 
   03680    0.3992  -34258.2344  0.6156 
   03681    0.4127  -34239.7812  0.6182 
   03682    0.4008  -34277.0469  0.6184 
   03683    0.4090  -34228.4883  0.6145 
   03684    0.4103  -34253.5898  0.6137 
   03685    0.4072  -34275.5234  0.6164 
   03686    0.4064  -34277.1328  0.6139 
   03687    0.4092  -34219.2734  0.6153 
   03688    0.4149  -34199.4727  0.6176 
   03689    0.3987  -34217.6289  0.6208 
   03690    0.4046  -34261.6211  0.6241 
   03691    0.4113  -34333.6680  0.6247 
   03692    0.4086  -34275.3242  0.6246 
   03693    0.4034  -34324.5273  0.6283 
   03694    0.4066  -34343.7227  0.6236 
   03695    0.4046  -34272.5469  0.6243 
   03696    0.4059  -34336.3516  0.6255 
   03697    0.4109  -34275.9219  0.6253 
   03698    0.4035  -34278.9922  0.6254 
   03699    0.4178  -34266.5391  0.6234 
   03700    0.4046  -34371.6875  0.6242 
   03701    0.4035  -34318.3633  0.6245 
   03702    0.4078  -34344.9648  0.6241 
   03703    0.4048  -34330.6094  0.6217 
   03704    0.4089  -34294.2031  0.6222 
   03705    0.4045  -34355.3125  0.6221 
   03706    0.4056  -34311.0430  0.6251 
   03707    0.4225  -34315.6953  0.6252 
   03708    0.4132  -34335.8359  0.6244 
   03709    0.4097  -34354.9219  0.6241 
   03710    0.4085  -34267.9648  0.6248 
   03711    0.4094  -34290.8438  0.6255 
   03712    0.4032  -34297.9297  0.6246 
   03713    0.4085  -34217.6133  0.6242 
   03714    0.4077  -34239.4062  0.6211 
   03715    0.4064  -34298.5938  0.6223 
   03716    0.4077  -34392.2891  0.6242 
   03717    0.4066  -34335.6797  0.6245 
   03718    0.4139  -34346.7422  0.6228 
   03719    0.4105  -34328.4141  0.6218 
   03720    0.4159  -34350.5430  0.6224 
   03721    0.4077  -34275.5039  0.6212 
   03722    0.4004  -34350.4375  0.6195 
   03723    0.4062  -34353.5078  0.6193 
   03724    0.4156  -34362.5234  0.6184 
   03725    0.4139  -34339.7344  0.6201 
   03726    0.4121  -34399.1016  0.6189 
   03727    0.4080  -34358.2891  0.6188 
   03728    0.4020  -34320.9219  0.6176 
   03729    0.4049  -34318.1211  0.6162 
   03730    0.4141  -34339.4805  0.6157 
   03731    0.4038  -34228.6328  0.6158 
   03732    0.4098  -34240.7539  0.6178 
   03733    0.4053  -34311.2773  0.6184 
   03734    0.4108  -34386.3203  0.6189 
   03735    0.4102  -34378.1641  0.6187 
   03736    0.4079  -34279.5273  0.6177 
   03737    0.4168  -34282.1133  0.6219 
   03738    0.4096  -34274.0273  0.6221 
   03739    0.4171  -34280.6055  0.6202 
   03740    0.4021  -34256.8555  0.6206 
   03741    0.4188  -34167.3164  0.6221 
   03742    0.4131  -34177.7930  0.6218 
   03743    0.4049  -34193.4570  0.6198 
   03744    0.4081  -34354.3242  0.6202 
   03745    0.4083  -34400.2188  0.6223 
   03746    0.4146  -34407.2500  0.6257 
   03747    0.4088  -34402.5703  0.6263 
   03748    0.4053  -34334.0391  0.6280 
   03749    0.4143  -34282.9648  0.6266 
   03750    0.4007  -34294.6289  0.6270 
   03751    0.4078  -34290.1953  0.6274 
   03752    0.4119  -34245.9414  0.6220 
   03753    0.4108  -34192.7578  0.6216 
   03754    0.4106  -34283.6172  0.6226 
   03755    0.4010  -34189.1953  0.6210 
   03756    0.4108  -34248.8359  0.6210 
   03757    0.4114  -34195.6484  0.6205 
   03758    0.4065  -34173.9531  0.6216 
   03759    0.4102  -34246.4297  0.6214 
   03760    0.4039  -34405.1641  0.6218 
   03761    0.4121  -34371.2852  0.6209 
   03762    0.4023  -34307.5273  0.6205 
   03763    0.4088  -34238.6289  0.6212 
   03764    0.4079  -34288.7383  0.6204 
   03765    0.4150  -34259.4453  0.6211 
   03766    0.4142  -34174.1992  0.6204 
   03767    0.4150  -34195.9258  0.6208 
   03768    0.4070  -34275.3398  0.6221 
   03769    0.4094  -34220.3359  0.6197 
   03770    0.4140  -34122.3984  0.6216 
   03771    0.4099  -34105.9102  0.6191 
   03772    0.4119  -34086.8164  0.6213 
   03773    0.4113  -34102.1992  0.6203 
   03774    0.4124  -34115.1680  0.6201 
   03775    0.4120  -34200.3203  0.6188 
   03776    0.4059  -34203.0273  0.6205 
   03777    0.4107  -34231.0078  0.6244 
   03778    0.4107  -34178.6133  0.6230 
   03779    0.4077  -34231.6836  0.6240 
   03780    0.4037  -34196.2383  0.6252 
   03781    0.3966  -34225.8516  0.6269 
   03782    0.4113  -34202.0195  0.6297 
   03783    0.4138  -34240.7031  0.6340 
   03784    0.4141  -34304.0117  0.6355 
   03785    0.4114  -34290.0234  0.6384 
   03786    0.4124  -34245.6953  0.6411 
   03787    0.4155  -34191.7656  0.6412 
   03788    0.4000  -34236.8438  0.6410 
   03789    0.4121  -34239.8906  0.6432 
   03790    0.4098  -34418.9180  0.6418 
   03791    0.4121  -34438.6836  0.6415 
   03792    0.4071  -34371.5547  0.6421 
   03793    0.4055  -34336.1133  0.6441 
   03794    0.4132  -34277.3516  0.6435 
   03795    0.4102  -34378.3438  0.6445 
   03796    0.4051  -34385.3047  0.6472 
   03797    0.4026  -34410.8945  0.6488 
   03798    0.4124  -34399.8125  0.6519 
   03799    0.4083  -34370.4453  0.6538 
   03800    0.4178  -34335.1992  0.6538 
   03801    0.4167  -34244.5625  0.6532 
   03802    0.4087  -34237.4102  0.6492 
   03803    0.4159  -34335.3281  0.6522 
   03804    0.4036  -34411.6250  0.6524 
   03805    0.4052  -34272.2148  0.6491 
   03806    0.4011  -34237.0391  0.6486 
   03807    0.4112  -34228.8281  0.6522 
   03808    0.4078  -34357.1289  0.6512 
   03809    0.4154  -34337.3047  0.6469 
   03810    0.3974  -34319.0469  0.6473 
   03811    0.4095  -34346.6250  0.6476 
   03812    0.4100  -34415.2148  0.6484 
   03813    0.4098  -34313.2812  0.6462 
   03814    0.4149  -34325.1602  0.6488 
   03815    0.4071  -34371.8477  0.6520 
   03816    0.4192  -34253.8281  0.6516 
   03817    0.4131  -34219.3438  0.6531 
   03818    0.4100  -34312.9961  0.6539 
   03819    0.4072  -34266.8203  0.6504 
   03820    0.4166  -34224.3672  0.6494 
   03821    0.4071  -34253.1719  0.6501 
   03822    0.4103  -34242.6328  0.6500 
   03823    0.4056  -34218.2344  0.6509 
   03824    0.4094  -34206.2930  0.6511 
   03825    0.4106  -34267.7812  0.6539 
   03826    0.4148  -34212.7031  0.6538 
   03827    0.4013  -34184.0312  0.6529 
   03828    0.4100  -34227.1250  0.6543 
   03829    0.4054  -34258.6406  0.6548 
   03830    0.4140  -34263.6797  0.6537 
   03831    0.4177  -34253.7695  0.6563 
   03832    0.4057  -34195.4922  0.6549 
   03833    0.4148  -34293.1602  0.6561 
   03834    0.4042  -34294.2188  0.6543 
   03835    0.4090  -34244.6523  0.6543 
   03836    0.4129  -34377.0703  0.6553 
   03837    0.4094  -34386.5000  0.6545 
   03838    0.4112  -34424.4570  0.6539 
   03839    0.4049  -34299.6719  0.6558 
   03840    0.4074  -34320.2539  0.6575 
   03841    0.4081  -34316.2188  0.6585 
   03842    0.4191  -34311.3086  0.6591 
   03843    0.4048  -34284.4180  0.6603 
   03844    0.4116  -34274.9258  0.6609 
   03845    0.4100  -34313.4805  0.6626 
   03846    0.4059  -34260.9062  0.6635 
   03847    0.4072  -34143.1094  0.6626 
   03848    0.4080  -34156.6836  0.6625 
   03849    0.4000  -34129.5859  0.6654 
   03850    0.4100  -34237.5859  0.6651 
   03851    0.4105  -34304.1445  0.6647 
   03852    0.4128  -34235.1836  0.6664 
   03853    0.4150  -34305.6328  0.6687 
   03854    0.4069  -34294.2383  0.6695 
   03855    0.4146  -34278.7773  0.6657 
   03856    0.4155  -34344.3672  0.6661 
   03857    0.4129  -34439.7734  0.6677 
   03858    0.4069  -34441.7305  0.6673 
   03859    0.4069  -34458.0898  0.6691 
   03860    0.4093  -34461.7773  0.6686 
   03861    0.4082  -34392.4727  0.6704 
   03862    0.4046  -34334.2891  0.6696 
   03863    0.4141  -34311.0508  0.6666 
   03864    0.4040  -34360.8320  0.6677 
   03865    0.4094  -34395.5273  0.6682 
   03866    0.4185  -34337.2695  0.6686 
   03867    0.4165  -34336.5039  0.6685 
   03868    0.4112  -34321.9727  0.6682 
   03869    0.4144  -34357.9492  0.6739 
   03870    0.4098  -34350.1484  0.6716 
   03871    0.4104  -34322.4727  0.6717 
   03872    0.4063  -34418.6445  0.6729 
   03873    0.4188  -34457.1250  0.6701 
   03874    0.4134  -34359.0625  0.6704 
   03875    0.4050  -34396.8242  0.6716 
   03876    0.4072  -34393.0469  0.6703 
   03877    0.3988  -34482.3477  0.6698 
   03878    0.4205  -34352.7461  0.6677 
   03879    0.4098  -34436.3555  0.6684 
   03880    0.4089  -34420.8125  0.6670 
   03881    0.4109  -34330.2383  0.6635 
   03882    0.4076  -34302.6055  0.6654 
   03883    0.4105  -34261.6055  0.6656 
   03884    0.4135  -34280.1367  0.6671 
   03885    0.4126  -34295.9961  0.6672 
   03886    0.4138  -34403.1719  0.6662 
   03887    0.4189  -34307.5273  0.6637 
   03888    0.4226  -34312.4180  0.6653 
   03889    0.4014  -34299.5586  0.6647 
   03890    0.4106  -34267.9023  0.6631 
   03891    0.4082  -34261.1055  0.6660 
   03892    0.4116  -34227.5352  0.6653 
   03893    0.4185  -34303.9961  0.6655 
   03894    0.4072  -34348.4414  0.6673 
   03895    0.4122  -34366.1797  0.6666 
   03896    0.4104  -34399.5664  0.6676 
   03897    0.4075  -34378.7969  0.6646 
   03898    0.4083  -34433.3125  0.6665 
   03899    0.4061  -34446.0625  0.6670 
   03900    0.4062  -34407.2188  0.6669 
   03901    0.4104  -34329.5703  0.6660 
   03902    0.4115  -34366.6367  0.6658 
   03903    0.4093  -34400.2031  0.6678 
   03904    0.4103  -34374.0430  0.6673 
   03905    0.4102  -34329.2383  0.6662 
   03906    0.4067  -34342.7578  0.6654 
   03907    0.4147  -34361.8203  0.6624 
   03908    0.4093  -34362.4844  0.6643 
   03909    0.4014  -34394.6250  0.6646 
   03910    0.4215  -34251.6094  0.6652 
   03911    0.3994  -34328.6484  0.6642 
   03912    0.4050  -34393.5820  0.6632 
   03913    0.4032  -34393.9414  0.6628 
   03914    0.4107  -34269.7188  0.6589 
   03915    0.4130  -34359.1133  0.6603 
   03916    0.4089  -34414.2695  0.6572 
   03917    0.4146  -34407.8125  0.6554 
   03918    0.4040  -34327.1836  0.6532 
   03919    0.4096  -34347.2773  0.6525 
   03920    0.4040  -34288.5781  0.6513 
   03921    0.4127  -34308.5547  0.6493 
   03922    0.4137  -34325.8086  0.6501 
   03923    0.4090  -34358.2500  0.6503 
   03924    0.4070  -34316.6523  0.6503 
   03925    0.4107  -34345.9688  0.6473 
   03926    0.4132  -34371.6172  0.6479 
   03927    0.4006  -34341.2539  0.6457 
   03928    0.3998  -34255.9570  0.6471 
   03929    0.4028  -34296.0469  0.6428 
   03930    0.4126  -34329.5430  0.6439 
   03931    0.4125  -34254.4961  0.6450 
   03932    0.4019  -34209.0938  0.6478 
   03933    0.4101  -34290.1250  0.6463 
   03934    0.4101  -34240.3945  0.6448 
   03935    0.4156  -34192.2148  0.6428 
   03936    0.4100  -34262.6641  0.6424 
   03937    0.4140  -34296.8906  0.6450 
   03938    0.4102  -34343.9961  0.6463 
   03939    0.4130  -34233.3047  0.6436 
   03940    0.4129  -34248.4922  0.6453 
   03941    0.4099  -34293.7070  0.6450 
   03942    0.4120  -34240.4766  0.6458 
   03943    0.4042  -34320.6016  0.6507 
   03944    0.4191  -34403.1992  0.6544 
   03945    0.4086  -34283.8477  0.6477 
   03946    0.4067  -34332.5039  0.6480 
   03947    0.4068  -34329.3164  0.6467 
   03948    0.4035  -34451.1367  0.6503 
   03949    0.4157  -34382.1523  0.6499 
   03950    0.4036  -34418.0977  0.6501 
   03951    0.4107  -34402.6719  0.6479 
   03952    0.4084  -34356.5312  0.6461 
   03953    0.4153  -34376.1172  0.6433 
   03954    0.4183  -34403.7500  0.6445 
   03955    0.4040  -34421.2617  0.6438 
   03956    0.4071  -34447.0391  0.6467 
   03957    0.4069  -34416.9141  0.6458 
   03958    0.4030  -34395.2305  0.6469 
   03959    0.4096  -34346.8164  0.6469 
   03960    0.4082  -34328.5469  0.6465 
   03961    0.4089  -34323.8672  0.6453 
   03962    0.3973  -34288.6641  0.6431 
   03963    0.4174  -34360.8984  0.6493 
   03964    0.4102  -34407.8438  0.6490 
   03965    0.4167  -34448.9922  0.6497 
   03966    0.4148  -34348.3828  0.6487 
   03967    0.4085  -34378.6992  0.6500 
   03968    0.4073  -34370.2812  0.6470 
   03969    0.4109  -34415.4648  0.6483 
   03970    0.4082  -34342.1602  0.6478 
   03971    0.4080  -34375.5820  0.6499 
   03972    0.4174  -34414.3477  0.6546 
   03973    0.4051  -34383.3633  0.6527 
   03974    0.4139  -34422.5742  0.6514 
   03975    0.4135  -34388.5312  0.6498 
   03976    0.4136  -34415.0977  0.6509 
   03977    0.4074  -34398.0078  0.6518 
   03978    0.4140  -34513.6953  0.6517 
   03979    0.4033  -34502.3750  0.6523 
   03980    0.4005  -34463.9609  0.6521 
   03981    0.4116  -34489.4570  0.6580 
   03982    0.4063  -34478.2305  0.6523 
   03983    0.4048  -34416.3867  0.6497 
   03984    0.4129  -34421.5352  0.6484 
   03985    0.4113  -34412.8164  0.6460 
   03986    0.4073  -34412.5234  0.6466 
   03987    0.4140  -34393.9922  0.6457 
   03988    0.4161  -34306.3711  0.6439 
   03989    0.4149  -34337.3906  0.6467 
   03990    0.4040  -34346.6602  0.6458 
   03991    0.4036  -34320.6914  0.6424 
   03992    0.4044  -34377.5664  0.6452 
   03993    0.4051  -34409.7266  0.6462 
   03994    0.4083  -34464.4297  0.6434 
   03995    0.4112  -34473.3477  0.6427 
   03996    0.4050  -34504.1719  0.6445 
   03997    0.4107  -34400.3086  0.6438 
   03998    0.4045  -34486.7305  0.6452 
   03999    0.4055  -34473.3672  0.6428 
   04000    0.4108  -34371.8008  0.6400 
   04001    0.4179  -34349.7070  0.6424 
   04002    0.4025  -34325.7148  0.6396 
   04003    0.4104  -34247.2773  0.6390 
   04004    0.4069  -34302.5664  0.6384 
   04005    0.4081  -34320.6914  0.6388 
   04006    0.4039  -34333.4414  0.6370 
   04007    0.4050  -34226.8633  0.6326 
   04008    0.4118  -34228.6250  0.6329 
   04009    0.4027  -34412.8203  0.6346 
   04010    0.4149  -34405.7266  0.6318 
   04011    0.4077  -34372.5703  0.6332 
   04012    0.4113  -34276.1328  0.6327 
   04013    0.4139  -34338.1602  0.6327 
   04014    0.4095  -34301.7812  0.6312 
   04015    0.4058  -34293.0195  0.6338 
   04016    0.4083  -34252.0156  0.6293 
   04017    0.4055  -34237.0039  0.6255 
   04018    0.4149  -34247.6953  0.6266 
   04019    0.4077  -34347.0820  0.6273 
   04020    0.4020  -34309.0625  0.6267 
   04021    0.4077  -34264.9883  0.6274 
   04022    0.4054  -34263.1953  0.6269 
   04023    0.4153  -34194.6406  0.6270 
   04024    0.3984  -34259.7969  0.6282 
   04025    0.4142  -34254.3555  0.6263 
   04026    0.4054  -34180.2500  0.6264 
   04027    0.4213  -34219.2305  0.6239 
   04028    0.4167  -34299.6797  0.6249 
   04029    0.4138  -34283.0078  0.6279 
   04030    0.4110  -34344.0078  0.6299 
   04031    0.4080  -34380.6680  0.6286 
   04032    0.4041  -34240.8789  0.6280 
   04033    0.4034  -34273.4453  0.6260 
   04034    0.4085  -34271.9922  0.6286 
   04035    0.4061  -34179.1172  0.6297 
   04036    0.4043  -34185.8828  0.6298 
   04037    0.4146  -34077.8633  0.6312 
   04038    0.4195  -34143.2773  0.6288 
   04039    0.4116  -34263.0977  0.6312 
   04040    0.4063  -34312.6836  0.6354 
   04041    0.4093  -34257.6641  0.6359 
   04042    0.4138  -34270.9961  0.6345 
   04043    0.4023  -34334.4414  0.6372 
   04044    0.4089  -34201.5586  0.6343 
   04045    0.4068  -34334.7695  0.6365 
   04046    0.4038  -34300.6250  0.6334 
   04047    0.4119  -34354.0547  0.6344 
   04048    0.4145  -34339.0352  0.6334 
   04049    0.4071  -34392.8242  0.6339 
   04050    0.4014  -34345.4414  0.6343 
   04051    0.4031  -34388.9961  0.6359 
   04052    0.4017  -34382.4688  0.6382 
   04053    0.4111  -34380.8125  0.6377 
   04054    0.4080  -34334.9258  0.6376 
   04055    0.4081  -34330.8086  0.6382 
   04056    0.4029  -34362.9922  0.6373 
   04057    0.4038  -34407.5469  0.6408 
   04058    0.4081  -34433.8477  0.6422 
   04059    0.4043  -34439.7266  0.6404 
   04060    0.4025  -34479.6289  0.6450 
   04061    0.4009  -34508.4961  0.6450 
   04062    0.4143  -34561.8359  0.6477 
   04063    0.4130  -34560.8438  0.6492 
   04064    0.4044  -34512.4922  0.6483 
   04065    0.4066  -34470.3633  0.6488 
   04066    0.4101  -34383.7930  0.6471 
   04067    0.4063  -34370.2930  0.6490 
   04068    0.4094  -34332.2891  0.6497 
   04069    0.4094  -34230.4609  0.6490 
   04070    0.4072  -34336.0859  0.6490 
   04071    0.4079  -34428.0586  0.6541 
   04072    0.4036  -34439.4336  0.6530 
   04073    0.4161  -34434.4727  0.6534 
   04074    0.4015  -34324.7734  0.6540 
   04075    0.4041  -34296.7266  0.6547 
   04076    0.4054  -34350.2812  0.6569 
   04077    0.4059  -34325.8359  0.6576 
   04078    0.4154  -34411.6680  0.6574 
   04079    0.4085  -34401.1953  0.6594 
   04080    0.4053  -34438.4570  0.6630 
   04081    0.4093  -34412.5742  0.6631 
   04082    0.3997  -34425.2344  0.6625 
   04083    0.4146  -34384.6133  0.6591 
   04084    0.4123  -34310.5742  0.6561 
   04085    0.4070  -34387.0352  0.6562 
   04086    0.4066  -34443.3711  0.6551 
   04087    0.3991  -34370.4297  0.6552 
   04088    0.4064  -34275.8984  0.6525 
   04089    0.4073  -34222.9531  0.6520 
   04090    0.4022  -34289.4141  0.6516 
   04091    0.4086  -34243.0117  0.6514 
   04092    0.4087  -34178.3164  0.6512 
   04093    0.4106  -34215.4492  0.6515 
   04094    0.4155  -34209.9375  0.6535 
   04095    0.4092  -34330.1133  0.6520 
   04096    0.4087  -34362.5938  0.6489 
   04097    0.4045  -34280.8477  0.6459 
   04098    0.4106  -34261.8047  0.6455 
   04099    0.4038  -34299.6641  0.6451 
   04100    0.4150  -34308.3828  0.6467 
   04101    0.4142  -34353.4375  0.6452 
   04102    0.4150  -34411.0820  0.6465 
   04103    0.4117  -34381.8789  0.6459 
   04104    0.4078  -34308.7812  0.6440 
   04105    0.3994  -34217.0938  0.6443 
   04106    0.4082  -34356.3320  0.6490 
   04107    0.4156  -34405.0977  0.6508 
   04108    0.4118  -34356.7383  0.6475 
   04109    0.4162  -34282.6016  0.6478 
   04110    0.4106  -34280.5586  0.6482 
   04111    0.4037  -34330.7188  0.6477 
   04112    0.4088  -34221.4688  0.6464 
   04113    0.4126  -34160.8867  0.6442 
   04114    0.4023  -34222.4570  0.6456 
   04115    0.4106  -34298.5938  0.6476 
   04116    0.4095  -34257.4688  0.6498 
   04117    0.4038  -34160.6523  0.6452 
   04118    0.4145  -34277.1484  0.6475 
   04119    0.4076  -34228.5742  0.6472 
   04120    0.4094  -34312.9258  0.6478 
   04121    0.4139  -34283.2695  0.6503 
   04122    0.4122  -34368.4648  0.6490 
   04123    0.4065  -34267.9922  0.6474 
   04124    0.4045  -34355.7461  0.6471 
   04125    0.4060  -34404.6953  0.6472 
   04126    0.4046  -34412.6562  0.6481 
   04127    0.4123  -34406.2109  0.6468 
   04128    0.4141  -34323.2812  0.6486 
   04129    0.4039  -34324.8320  0.6479 
   04130    0.4040  -34319.7852  0.6458 
   04131    0.4129  -34290.0859  0.6428 
   04132    0.4074  -34350.3164  0.6430 
   04133    0.3998  -34387.1641  0.6435 
   04134    0.4126  -34316.1211  0.6421 
   04135    0.4095  -34369.1992  0.6405 
   04136    0.4134  -34365.0781  0.6357 
   04137    0.4025  -34354.5742  0.6343 
   04138    0.4053  -34282.3750  0.6330 
   04139    0.4095  -34341.7109  0.6360 
   04140    0.3962  -34272.1758  0.6352 
   04141    0.4069  -34358.2969  0.6366 
   04142    0.4058  -34355.6562  0.6378 
   04143    0.4086  -34265.6289  0.6357 
   04144    0.4141  -34230.7148  0.6334 
   04145    0.4079  -34169.2070  0.6365 
   04146    0.4163  -34131.7422  0.6361 
   04147    0.4164  -34200.5703  0.6327 
   04148    0.4034  -34147.4648  0.6307 
   04149    0.4180  -34104.2461  0.6307 
   04150    0.4148  -33999.8320  0.6280 
   04151    0.4088  -34170.3555  0.6274 
   04152    0.4023  -34273.5898  0.6257 
   04153    0.4127  -34286.3633  0.6244 
   04154    0.4030  -34263.5508  0.6261 
   04155    0.4092  -34278.9453  0.6243 
   04156    0.4142  -34178.5977  0.6254 
   04157    0.4079  -34277.6406  0.6281 
   04158    0.4110  -34298.6875  0.6281 
   04159    0.4003  -34352.1523  0.6287 
   04160    0.4176  -34280.4414  0.6270 
   04161    0.4087  -34269.7617  0.6278 
   04162    0.4099  -34378.5234  0.6269 
   04163    0.4130  -34453.1406  0.6278 
   04164    0.4149  -34536.1562  0.6295 
   04165    0.4054  -34482.8633  0.6309 
   04166    0.4115  -34465.2656  0.6333 
   04167    0.4100  -34484.8242  0.6342 
   04168    0.4096  -34495.5156  0.6320 
   04169    0.4091  -34494.4375  0.6287 
   04170    0.4034  -34480.4102  0.6311 
   04171    0.4152  -34363.1562  0.6323 
   04172    0.4111  -34397.8516  0.6300 
   04173    0.4147  -34305.8086  0.6288 
   04174    0.4052  -34260.6680  0.6284 
   04175    0.4011  -34366.9648  0.6306 
   04176    0.4082  -34369.6992  0.6308 
   04177    0.4108  -34398.2383  0.6276 
   04178    0.4070  -34352.4141  0.6268 
   04179    0.4076  -34257.8438  0.6258 
   04180    0.4177  -34235.3789  0.6249 
   04181    0.4122  -34239.6133  0.6237 
   04182    0.4119  -34301.9648  0.6244 
   04183    0.4165  -34370.7617  0.6241 
   04184    0.4030  -34322.1992  0.6222 
   04185    0.4072  -34324.3359  0.6229 
   04186    0.4077  -34387.6445  0.6261 
   04187    0.4083  -34362.8555  0.6277 
   04188    0.4037  -34398.1797  0.6268 
   04189    0.4048  -34363.0273  0.6273 
   04190    0.4064  -34333.7422  0.6284 
   04191    0.4077  -34359.3945  0.6255 
   04192    0.4092  -34366.4883  0.6248 
   04193    0.4171  -34343.2305  0.6242 
   04194    0.4153  -34313.8320  0.6233 
   04195    0.4100  -34358.3945  0.6253 
   04196    0.4103  -34304.1914  0.6266 
   04197    0.4097  -34338.4648  0.6297 
   04198    0.4062  -34277.9570  0.6270 
   04199    0.4079  -34299.1875  0.6283 
   04200    0.4132  -34338.3281  0.6280 
   04201    0.4014  -34364.8398  0.6286 
   04202    0.4080  -34359.0312  0.6274 
   04203    0.4165  -34266.6680  0.6244 
   04204    0.4037  -34283.9258  0.6193 
   04205    0.4158  -34266.1602  0.6177 
   04206    0.4106  -34270.3945  0.6189 
   04207    0.4099  -34356.3203  0.6193 
   04208    0.4038  -34346.4102  0.6178 
   04209    0.4158  -34400.4258  0.6200 
   04210    0.4056  -34402.0039  0.6220 
   04211    0.4074  -34324.4609  0.6199 
   04212    0.4092  -34319.1758  0.6185 
   04213    0.4042  -34263.7891  0.6196 
   04214    0.4127  -34254.5156  0.6172 
   04215    0.4131  -34341.0039  0.6190 
   04216    0.4050  -34334.5703  0.6191 
   04217    0.4032  -34384.5273  0.6207 
   04218    0.4046  -34284.2461  0.6179 
   04219    0.4157  -34228.7773  0.6145 
   04220    0.4109  -34219.9805  0.6185 
   04221    0.4135  -34095.8008  0.6186 
   04222    0.4075  -34099.1797  0.6201 
   04223    0.4131  -34232.0664  0.6214 
   04224    0.4055  -34296.8281  0.6178 
   04225    0.4108  -34328.2422  0.6191 
   04226    0.3999  -34246.6953  0.6172 
   04227    0.4014  -34191.4414  0.6205 
   04228    0.4087  -34258.0859  0.6180 
   04229    0.4075  -34287.0234  0.6194 
   04230    0.4048  -34327.4258  0.6204 
   04231    0.4022  -34271.4766  0.6215 
   04232    0.4117  -34321.0898  0.6244 
   04233    0.4154  -34333.2148  0.6213 
   04234    0.4034  -34295.2188  0.6229 
   04235    0.4209  -34197.5117  0.6223 
   04236    0.4131  -34184.9531  0.6202 
   04237    0.4083  -34175.5352  0.6198 
   04238    0.4127  -34190.0625  0.6173 
   04239    0.4104  -34281.6016  0.6170 
   04240    0.4034  -34258.6836  0.6177 
   04241    0.4069  -34300.3945  0.6189 
   04242    0.4090  -34273.3125  0.6205 
   04243    0.4102  -34284.8242  0.6182 
   04244    0.4161  -34220.4570  0.6152 
   04245    0.4108  -34298.0781  0.6154 
   04246    0.4147  -34263.1523  0.6129 
   04247    0.4081  -34280.2422  0.6117 
   04248    0.4070  -34280.5938  0.6117 
   04249    0.4133  -34348.2891  0.6127 
   04250    0.4065  -34346.5391  0.6165 
   04251    0.4136  -34262.6602  0.6172 
   04252    0.4079  -34225.2891  0.6211 
   04253    0.3976  -34236.5312  0.6236 
   04254    0.4129  -34233.3555  0.6252 
   04255    0.3995  -34186.8398  0.6228 
   04256    0.4046  -34174.9570  0.6264 
   04257    0.4141  -34190.6133  0.6271 
   04258    0.4072  -34218.8828  0.6258 
   04259    0.4126  -34219.4609  0.6226 
   04260    0.4092  -34191.1680  0.6203 
   04261    0.4027  -34289.1758  0.6239 
   04262    0.4009  -34233.4258  0.6234 
   04263    0.4133  -34270.2266  0.6265 
   04264    0.3996  -34264.3555  0.6240 
   04265    0.4027  -34196.6016  0.6250 
   04266    0.4034  -34263.6094  0.6206 
   04267    0.4044  -34286.6211  0.6203 
   04268    0.3975  -34338.8789  0.6210 
   04269    0.4062  -34276.0234  0.6210 
   04270    0.4097  -34371.4570  0.6239 
   04271    0.4068  -34356.9766  0.6233 
   04272    0.4134  -34313.1836  0.6218 
   04273    0.4046  -34253.9023  0.6238 
   04274    0.4153  -34314.5195  0.6233 
   04275    0.4065  -34288.4844  0.6249 
   04276    0.4086  -34386.0625  0.6271 
   04277    0.4038  -34335.5820  0.6238 
   04278    0.4132  -34359.9180  0.6237 
   04279    0.4115  -34376.0078  0.6223 
   04280    0.4251  -34307.6445  0.6220 
   04281    0.4164  -34345.1094  0.6216 
   04282    0.4122  -34314.3516  0.6210 
   04283    0.3984  -34314.0195  0.6220 
   04284    0.4156  -34338.9766  0.6204 
   04285    0.4122  -34381.4180  0.6203 
   04286    0.4056  -34398.3477  0.6193 
   04287    0.4007  -34386.7461  0.6183 
   04288    0.4059  -34270.4062  0.6202 
   04289    0.4130  -34275.9141  0.6202 
   04290    0.4068  -34382.8750  0.6216 
   04291    0.4130  -34345.3047  0.6216 
   04292    0.4094  -34212.9609  0.6211 
   04293    0.4109  -34276.2305  0.6201 
   04294    0.4107  -34335.7031  0.6200 
   04295    0.4099  -34410.4492  0.6225 
   04296    0.4116  -34346.0586  0.6231 
   04297    0.4088  -34498.0000  0.6267 
   04298    0.4145  -34504.2461  0.6261 
   04299    0.4132  -34473.0703  0.6273 
   04300    0.4084  -34339.3438  0.6249 
   04301    0.4087  -34297.6875  0.6224 
   04302    0.4157  -34231.0625  0.6209 
   04303    0.4095  -34264.8867  0.6211 
   04304    0.4070  -34317.1406  0.6223 
   04305    0.4067  -34309.2188  0.6229 
   04306    0.4222  -34280.5977  0.6196 
   04307    0.4135  -34395.8086  0.6227 
   04308    0.4124  -34391.5547  0.6218 
   04309    0.4152  -34286.2852  0.6208 
   04310    0.4120  -34320.9219  0.6216 
   04311    0.4024  -34307.5703  0.6230 
   04312    0.4014  -34324.7578  0.6243 
   04313    0.4022  -34361.5664  0.6230 
   04314    0.4002  -34324.5117  0.6222 
   04315    0.4079  -34353.1758  0.6235 
   04316    0.4065  -34377.1758  0.6224 
   04317    0.4105  -34354.9102  0.6215 
   04318    0.4092  -34371.1094  0.6220 
   04319    0.4068  -34322.1875  0.6250 
   04320    0.4166  -34296.2070  0.6257 
   04321    0.4095  -34251.3008  0.6271 
   04322    0.4143  -34268.6016  0.6257 
   04323    0.4192  -34326.8516  0.6259 
   04324    0.4186  -34354.6758  0.6276 
   04325    0.4080  -34333.1445  0.6268 
   04326    0.4064  -34290.8789  0.6265 
   04327    0.4135  -34333.3789  0.6276 
   04328    0.4227  -34245.1445  0.6294 
   04329    0.4126  -34265.9766  0.6295 
   04330    0.4149  -34385.7188  0.6312 
   04331    0.4051  -34305.3398  0.6275 
   04332    0.4027  -34237.5391  0.6254 
   04333    0.4098  -34239.9336  0.6251 
   04334    0.4052  -34315.6211  0.6238 
   04335    0.4051  -34288.6992  0.6246 
   04336    0.4084  -34330.4648  0.6243 
   04337    0.4027  -34339.1406  0.6264 
   04338    0.4087  -34345.0703  0.6259 
   04339    0.3992  -34416.4805  0.6260 
   04340    0.4042  -34377.2734  0.6276 
   04341    0.4063  -34294.1094  0.6279 
   04342    0.4064  -34327.4062  0.6299 
   04343    0.4042  -34280.4805  0.6308 
   04344    0.4046  -34319.5625  0.6326 
   04345    0.4159  -34365.3320  0.6321 
   04346    0.4119  -34343.2422  0.6285 
   04347    0.4090  -34245.5859  0.6280 
   04348    0.4065  -34257.6328  0.6270 
   04349    0.4067  -34322.6836  0.6280 
   04350    0.4047  -34289.2148  0.6273 
   04351    0.4156  -34224.6992  0.6278 
   04352    0.4090  -34184.0859  0.6295 
   04353    0.4146  -34229.1719  0.6323 
   04354    0.4054  -34190.7812  0.6323 
   04355    0.4153  -34175.6562  0.6302 
   04356    0.4060  -34301.6836  0.6294 
   04357    0.4129  -34273.8281  0.6287 
   04358    0.4124  -34341.5820  0.6323 
   04359    0.4092  -34323.8516  0.6306 
   04360    0.4051  -34294.2109  0.6321 
   04361    0.4052  -34181.2305  0.6295 
   04362    0.4115  -34267.6680  0.6291 
   04363    0.4055  -34313.0039  0.6314 
   04364    0.4000  -34322.9258  0.6332 
   04365    0.3996  -34266.3945  0.6339 
   04366    0.4018  -34309.3047  0.6360 
   04367    0.3985  -34265.8984  0.6316 
   04368    0.4182  -34284.8320  0.6302 
   04369    0.4101  -34233.6172  0.6313 
   04370    0.4140  -34211.1992  0.6297 
   04371    0.4205  -34232.9102  0.6289 
   04372    0.4119  -34249.2852  0.6278 
   04373    0.4112  -34280.2266  0.6264 
   04374    0.4121  -34302.8438  0.6271 
   04375    0.4091  -34326.3008  0.6263 
   04376    0.4161  -34381.1523  0.6281 
   04377    0.4060  -34435.4844  0.6292 
   04378    0.4173  -34382.1562  0.6286 
   04379    0.4055  -34365.5078  0.6266 
   04380    0.4112  -34402.3555  0.6275 
   04381    0.4061  -34386.0273  0.6277 
   04382    0.4063  -34335.3789  0.6266 
   04383    0.3993  -34349.3594  0.6291 
   04384    0.4032  -34285.9961  0.6284 
   04385    0.4140  -34320.4805  0.6311 
   04386    0.4047  -34409.7109  0.6317 
   04387    0.4111  -34435.8164  0.6308 
   04388    0.4043  -34368.9961  0.6306 
   04389    0.4048  -34270.9531  0.6275 
   04390    0.4148  -34260.3789  0.6248 
   04391    0.4033  -34223.4453  0.6255 
   04392    0.4106  -34206.2695  0.6251 
   04393    0.4209  -34239.1562  0.6262 
   04394    0.4060  -34168.2461  0.6261 
   04395    0.4106  -34174.9180  0.6296 
   04396    0.4089  -34186.1094  0.6300 
   04397    0.4152  -34224.5742  0.6304 
   04398    0.4177  -34199.8047  0.6301 
   04399    0.4086  -34248.1016  0.6299 
   04400    0.4025  -34248.8242  0.6315 
   04401    0.4180  -34260.8945  0.6336 
   04402    0.4034  -34342.8203  0.6315 
   04403    0.4058  -34385.3555  0.6344 
   04404    0.4054  -34328.5586  0.6358 
   04405    0.4200  -34318.7930  0.6370 
   04406    0.4149  -34310.1445  0.6386 
   04407    0.4089  -34363.3320  0.6396 
   04408    0.4017  -34438.4727  0.6373 
   04409    0.4106  -34425.2695  0.6404 
   04410    0.4031  -34424.5312  0.6394 
   04411    0.4088  -34397.2266  0.6387 
   04412    0.4049  -34343.6953  0.6373 
   04413    0.4072  -34294.1484  0.6372 
   04414    0.4051  -34258.7031  0.6423 
   04415    0.4016  -34252.5508  0.6418 
   04416    0.4104  -34208.0547  0.6426 
   04417    0.4099  -34225.4805  0.6430 
   04418    0.4068  -34210.2656  0.6419 
   04419    0.4134  -34419.5195  0.6389 
   04420    0.4120  -34361.9844  0.6397 
   04421    0.4053  -34344.8906  0.6408 
   04422    0.4108  -34346.2891  0.6394 
   04423    0.4109  -34398.3672  0.6432 
   04424    0.4100  -34418.8086  0.6450 
   04425    0.4117  -34401.0781  0.6474 
   04426    0.4118  -34352.0391  0.6465 
   04427    0.4021  -34281.9727  0.6452 
   04428    0.4127  -34333.7852  0.6465 
   04429    0.4024  -34348.3047  0.6448 
   04430    0.4073  -34369.3125  0.6482 
   04431    0.4057  -34365.9961  0.6427 
   04432    0.4063  -34355.0469  0.6420 
   04433    0.4097  -34288.4844  0.6402 
   04434    0.4143  -34215.1719  0.6374 
   04435    0.4078  -34236.0820  0.6356 
   04436    0.4035  -34240.1328  0.6356 
   04437    0.4146  -34181.3828  0.6362 
   04438    0.4042  -34298.5977  0.6352 
   04439    0.4145  -34226.1289  0.6359 
   04440    0.4016  -34288.4492  0.6352 
   04441    0.4104  -34340.5547  0.6347 
   04442    0.4185  -34308.7617  0.6299 
   04443    0.3991  -34379.5820  0.6299 
   04444    0.4068  -34212.2773  0.6277 
   04445    0.4077  -34171.8008  0.6253 
   04446    0.4034  -34142.3828  0.6267 
   04447    0.4156  -34176.9258  0.6288 
   04448    0.4135  -34211.6953  0.6283 
   04449    0.4046  -34211.4258  0.6301 
   04450    0.4034  -34262.1719  0.6309 
   04451    0.4146  -34299.3047  0.6331 
   04452    0.4062  -34258.2812  0.6354 
   04453    0.4039  -34240.0820  0.6356 
   04454    0.4121  -34274.3320  0.6338 
   04455    0.4058  -34312.0078  0.6304 
   04456    0.4005  -34423.3789  0.6325 
   04457    0.4067  -34320.6289  0.6318 
   04458    0.4126  -34356.5234  0.6341 
   04459    0.4092  -34431.3867  0.6368 
   04460    0.4153  -34408.4062  0.6391 
   04461    0.4092  -34445.4297  0.6431 
   04462    0.4020  -34295.0703  0.6415 
   04463    0.4179  -34264.9297  0.6411 
   04464    0.4101  -34291.0664  0.6412 
   04465    0.4054  -34319.7227  0.6412 
   04466    0.4045  -34253.4961  0.6410 
   04467    0.4172  -34167.2031  0.6410 
   04468    0.4109  -34223.2695  0.6411 
   04469    0.4167  -34263.0430  0.6399 
   04470    0.4087  -34339.5781  0.6392 
   04471    0.4001  -34317.5625  0.6373 
   04472    0.4101  -34238.0898  0.6386 
   04473    0.4001  -34263.8086  0.6374 
   04474    0.4124  -34237.6992  0.6378 
   04475    0.4110  -34200.3828  0.6359 
   04476    0.4147  -34233.1328  0.6358 
   04477    0.4042  -34258.8789  0.6364 
   04478    0.4128  -34216.2812  0.6344 
   04479    0.4095  -34225.0898  0.6356 
   04480    0.4013  -34284.5508  0.6375 
   04481    0.4135  -34287.1406  0.6370 
   04482    0.4080  -34273.6094  0.6356 
   04483    0.4085  -34319.2500  0.6342 
   04484    0.4084  -34268.0820  0.6314 
   04485    0.4131  -34359.1523  0.6314 
   04486    0.4032  -34298.5117  0.6275 
   04487    0.4019  -34327.6445  0.6245 
   04488    0.4097  -34295.0586  0.6225 
   04489    0.4070  -34299.1055  0.6213 
   04490    0.4033  -34291.9414  0.6201 
   04491    0.4030  -34354.4531  0.6205 
   04492    0.4036  -34286.1562  0.6203 
   04493    0.4128  -34295.8828  0.6200 
   04494    0.4109  -34170.8672  0.6204 
   04495    0.4101  -34215.5430  0.6263 
   04496    0.4084  -34211.9062  0.6257 
   04497    0.4155  -34135.4609  0.6224 
   04498    0.4165  -34244.8438  0.6237 
   04499    0.4096  -34299.8359  0.6251 
   04500    0.4021  -34257.6914  0.6273 
   04501    0.4120  -34308.4688  0.6264 
   04502    0.4118  -34330.5039  0.6258 
   04503    0.4098  -34332.8516  0.6257 
   04504    0.4105  -34262.1836  0.6252 
   04505    0.4132  -34336.2422  0.6263 
   04506    0.4147  -34309.9219  0.6249 
   04507    0.3928  -34280.3086  0.6255 
   04508    0.4103  -34275.4766  0.6289 
   04509    0.4056  -34161.4414  0.6274 
   04510    0.4164  -34201.5469  0.6272 
   04511    0.4023  -34230.7812  0.6283 
   04512    0.4044  -34272.9258  0.6284 
   04513    0.4071  -34287.5156  0.6271 
   04514    0.4034  -34290.2891  0.6272 
   04515    0.4082  -34228.9648  0.6263 
   04516    0.4090  -34219.0508  0.6275 
   04517    0.4165  -34235.6953  0.6271 
   04518    0.4084  -34145.1562  0.6262 
   04519    0.4197  -34167.1680  0.6227 
   04520    0.4010  -34162.5586  0.6208 
   04521    0.4127  -34129.1406  0.6218 
   04522    0.4150  -34139.1172  0.6225 
   04523    0.4037  -34140.2930  0.6239 
   04524    0.4148  -34162.7891  0.6231 
   04525    0.4174  -34206.2188  0.6242 
   04526    0.4193  -34237.3320  0.6238 
   04527    0.4138  -34262.4922  0.6239 
   04528    0.4073  -34249.6680  0.6259 
   04529    0.3975  -34237.4375  0.6224 
   04530    0.4013  -34198.4805  0.6209 
   04531    0.4134  -34192.6367  0.6195 
   04532    0.4215  -34205.0273  0.6166 
   04533    0.4033  -34253.7461  0.6194 
   04534    0.4064  -34307.3086  0.6212 
   04535    0.4104  -34306.8633  0.6187 
   04536    0.4112  -34378.9805  0.6234 
   04537    0.4124  -34347.6328  0.6250 
   04538    0.4007  -34386.3711  0.6251 
   04539    0.4051  -34316.7070  0.6249 
   04540    0.4058  -34303.4336  0.6277 
   04541    0.4099  -34230.5234  0.6268 
   04542    0.4078  -34323.3516  0.6274 
   04543    0.4143  -34312.2734  0.6237 
   04544    0.4134  -34328.9297  0.6251 
   04545    0.4124  -34402.7383  0.6262 
   04546    0.4074  -34471.1445  0.6275 
   04547    0.4087  -34515.7070  0.6245 
   04548    0.4028  -34534.5078  0.6251 
   04549    0.4155  -34513.5078  0.6239 
   04550    0.4090  -34521.8438  0.6220 
   04551    0.4054  -34456.1094  0.6187 
   04552    0.3973  -34498.8789  0.6186 
   04553    0.4098  -34445.3320  0.6194 
   04554    0.4046  -34362.6562  0.6195 
   04555    0.4054  -34333.6758  0.6200 
   04556    0.4096  -34375.9023  0.6187 
   04557    0.4161  -34361.8047  0.6179 
   04558    0.4098  -34267.2070  0.6155 
   04559    0.4067  -34274.8477  0.6160 
   04560    0.4120  -34323.3242  0.6132 
   04561    0.4024  -34340.6719  0.6167 
   04562    0.4113  -34237.5000  0.6134 
   04563    0.4119  -34306.0898  0.6173 
   04564    0.4105  -34298.7773  0.6204 
   04565    0.4101  -34263.0625  0.6150 
   04566    0.4065  -34298.0664  0.6140 
   04567    0.4095  -34291.1836  0.6142 
   04568    0.4005  -34324.1875  0.6138 
   04569    0.4079  -34272.9180  0.6117 
   04570    0.4075  -34267.9883  0.6118 
   04571    0.4204  -34294.8750  0.6124 
   04572    0.4134  -34342.9648  0.6129 
   04573    0.4037  -34350.6797  0.6160 
   04574    0.4084  -34367.8555  0.6174 
   04575    0.4099  -34448.5781  0.6185 
   04576    0.4106  -34464.4531  0.6205 
   04577    0.4137  -34416.4062  0.6213 
   04578    0.4091  -34340.3047  0.6196 
   04579    0.4043  -34375.8555  0.6215 
   04580    0.3991  -34367.6719  0.6228 
   04581    0.4137  -34357.6250  0.6251 
   04582    0.4105  -34400.7930  0.6259 
   04583    0.4040  -34278.6836  0.6250 
   04584    0.4139  -34214.3242  0.6256 
   04585    0.4143  -34265.3945  0.6295 
   04586    0.3972  -34340.0195  0.6330 
   04587    0.4124  -34306.7930  0.6352 
   04588    0.4120  -34319.3789  0.6395 
   04589    0.4085  -34430.0000  0.6389 
   04590    0.4029  -34355.3789  0.6387 
   04591    0.4057  -34332.6562  0.6393 
   04592    0.4104  -34274.9180  0.6371 
   04593    0.3937  -34361.4375  0.6374 
   04594    0.4115  -34363.2422  0.6378 
   04595    0.4090  -34357.4453  0.6361 
   04596    0.4046  -34377.6719  0.6343 
   04597    0.4110  -34291.6328  0.6330 
   04598    0.4125  -34227.4180  0.6327 
   04599    0.4092  -34224.1406  0.6312 
   04600    0.4081  -34287.0273  0.6342 
   04601    0.4169  -34293.6328  0.6332 
   04602    0.3950  -34283.0742  0.6325 
   04603    0.4127  -34235.5195  0.6343 
   04604    0.4117  -34132.9648  0.6322 
   04605    0.4083  -34122.6250  0.6308 
   04606    0.4079  -34192.8359  0.6290 
   04607    0.4057  -34211.9648  0.6279 
   04608    0.4164  -34129.5430  0.6295 
   04609    0.4127  -34052.8438  0.6304 
   04610    0.4117  -34116.6719  0.6327 
   04611    0.4085  -34152.7109  0.6330 
   04612    0.4168  -34168.2617  0.6303 
   04613    0.4022  -34166.8672  0.6289 
   04614    0.4081  -34156.1523  0.6294 
   04615    0.4122  -34181.7461  0.6299 
   04616    0.4062  -34205.3086  0.6310 
   04617    0.4090  -34131.5273  0.6271 
   04618    0.4174  -34093.7578  0.6248 
   04619    0.4065  -34167.5664  0.6274 
   04620    0.4074  -34286.1484  0.6302 
   04621    0.4013  -34173.7539  0.6333 
   04622    0.4101  -34147.5742  0.6305 
   04623    0.4235  -34185.9062  0.6295 
   04624    0.4119  -34125.9180  0.6327 
   04625    0.4134  -34085.4648  0.6322 
   04626    0.4171  -34133.6094  0.6336 
   04627    0.4071  -34208.2500  0.6347 
   04628    0.4117  -34202.9727  0.6352 
   04629    0.4186  -34211.6445  0.6366 
   04630    0.4139  -34230.4688  0.6362 
   04631    0.4095  -34258.5195  0.6358 
   04632    0.4040  -34263.9219  0.6366 
   04633    0.4139  -34277.5938  0.6378 
   04634    0.4072  -34288.7969  0.6350 
   04635    0.4064  -34223.9023  0.6342 
   04636    0.4093  -34177.6680  0.6319 
   04637    0.4162  -34229.3867  0.6317 
   04638    0.4116  -34295.3164  0.6323 
   04639    0.4082  -34356.8516  0.6336 
   04640    0.4020  -34322.4609  0.6330 
   04641    0.4149  -34297.1719  0.6314 
   04642    0.4114  -34281.5469  0.6319 
   04643    0.4157  -34229.6953  0.6329 
   04644    0.4138  -34190.1211  0.6332 
   04645    0.4135  -34219.1797  0.6326 
   04646    0.4127  -34225.6172  0.6342 
   04647    0.4117  -34282.5195  0.6332 
   04648    0.4049  -34198.1602  0.6336 
   04649    0.4109  -34222.1367  0.6315 
   04650    0.4101  -34266.2031  0.6338 
   04651    0.4097  -34277.6953  0.6333 
   04652    0.4127  -34153.1641  0.6325 
   04653    0.4052  -34077.5781  0.6330 
   04654    0.4008  -34055.8867  0.6334 
   04655    0.4119  -34129.3828  0.6323 
   04656    0.4159  -34121.4141  0.6325 
   04657    0.4118  -34125.3398  0.6310 
   04658    0.4106  -34094.2188  0.6311 
   04659    0.4160  -34126.8477  0.6338 
   04660    0.4038  -34111.1680  0.6353 
   04661    0.4098  -34129.3359  0.6382 
   04662    0.4050  -34138.8984  0.6401 
   04663    0.4085  -34172.7656  0.6415 
   04664    0.4085  -34195.9688  0.6431 
   04665    0.4048  -34253.3672  0.6450 
   04666    0.4139  -34296.6484  0.6430 
   04667    0.4037  -34271.6562  0.6450 
   04668    0.4190  -34295.3086  0.6424 
   04669    0.4064  -34327.2383  0.6421 
   04670    0.4067  -34361.7734  0.6436 
   04671    0.4014  -34345.0234  0.6412 
   04672    0.4097  -34294.5312  0.6374 
   04673    0.4171  -34286.9609  0.6382 
   04674    0.4085  -34392.0273  0.6409 
   04675    0.4084  -34454.3945  0.6428 
   04676    0.4142  -34450.0312  0.6427 
   04677    0.4092  -34447.7148  0.6431 
   04678    0.4166  -34393.1641  0.6457 
   04679    0.4059  -34326.9688  0.6433 
   04680    0.4168  -34311.0898  0.6446 
   04681    0.4169  -34289.4375  0.6438 
   04682    0.4123  -34308.7422  0.6428 
   04683    0.4187  -34348.9258  0.6420 
   04684    0.4131  -34347.4141  0.6428 
   04685    0.4152  -34327.8789  0.6412 
   04686    0.4105  -34383.6094  0.6420 
   04687    0.4065  -34493.0742  0.6442 
   04688    0.4039  -34427.5859  0.6434 
   04689    0.4028  -34450.0703  0.6432 
   04690    0.4084  -34402.7188  0.6420 
   04691    0.4051  -34288.1211  0.6416 
   04692    0.4132  -34272.8633  0.6402 
   04693    0.4011  -34259.0820  0.6377 
   04694    0.4108  -34241.4648  0.6349 
   04695    0.4063  -34262.9414  0.6353 
   04696    0.4140  -34297.8242  0.6357 
   04697    0.4058  -34339.0312  0.6345 
   04698    0.4111  -34336.0703  0.6308 
   04699    0.4055  -34300.2422  0.6309 
   04700    0.4060  -34305.4414  0.6294 
   04701    0.4229  -34310.2109  0.6327 
   04702    0.4050  -34358.7930  0.6337 
   04703    0.4105  -34344.2109  0.6380 
   04704    0.4100  -34320.9297  0.6375 
   04705    0.4048  -34394.1992  0.6383 
   04706    0.4143  -34343.8828  0.6391 
   04707    0.4031  -34372.8594  0.6383 
   04708    0.4135  -34287.5938  0.6376 
   04709    0.4149  -34323.8633  0.6368 
   04710    0.4032  -34297.2539  0.6394 
   04711    0.4085  -34292.0273  0.6418 
   04712    0.4104  -34329.9180  0.6434 
   04713    0.4009  -34385.3203  0.6426 
   04714    0.4118  -34325.9453  0.6461 
   04715    0.4142  -34391.0781  0.6490 
   04716    0.4126  -34347.6719  0.6513 
   04717    0.4052  -34336.4453  0.6466 
   04718    0.4104  -34320.3438  0.6482 
   04719    0.4122  -34388.8164  0.6476 
   04720    0.4156  -34290.1641  0.6466 
   04721    0.4154  -34326.5156  0.6485 
   04722    0.4095  -34324.8711  0.6512 
   04723    0.4132  -34334.5781  0.6505 
   04724    0.4081  -34287.7812  0.6491 
   04725    0.4093  -34297.5938  0.6478 
   04726    0.4165  -34234.6719  0.6484 
   04727    0.4052  -34285.1758  0.6474 
   04728    0.4088  -34255.4805  0.6470 
   04729    0.4107  -34228.6406  0.6510 
   04730    0.4141  -34164.1992  0.6516 
   04731    0.4062  -34176.9844  0.6547 
   04732    0.4140  -34199.7539  0.6562 
   04733    0.4092  -34212.8672  0.6543 
   04734    0.4089  -34298.1719  0.6568 
   04735    0.4062  -34300.2070  0.6555 
   04736    0.4124  -34266.8516  0.6574 
   04737    0.4003  -34272.3125  0.6590 
   04738    0.4084  -34353.4375  0.6614 
   04739    0.4051  -34236.8633  0.6604 
   04740    0.4078  -34223.9297  0.6616 
   04741    0.4132  -34288.8242  0.6595 
   04742    0.4064  -34320.3125  0.6583 
   04743    0.4073  -34426.8438  0.6609 
   04744    0.4171  -34386.6328  0.6591 
   04745    0.4182  -34430.2891  0.6580 
   04746    0.4110  -34433.7461  0.6599 
   04747    0.4004  -34304.7773  0.6560 
   04748    0.4175  -34250.6680  0.6549 
   04749    0.4085  -34240.7930  0.6557 
   04750    0.4023  -34265.1016  0.6557 
   04751    0.4147  -34317.6445  0.6533 
   04752    0.4079  -34330.8477  0.6552 
   04753    0.3968  -34305.4102  0.6551 
   04754    0.4100  -34292.3281  0.6576 
   04755    0.4115  -34279.7148  0.6538 
   04756    0.4129  -34314.5039  0.6542 
   04757    0.4106  -34290.4180  0.6536 
   04758    0.4052  -34347.7539  0.6567 
   04759    0.4075  -34335.2578  0.6569 
   04760    0.4053  -34321.3438  0.6563 
   04761    0.4091  -34345.0039  0.6551 
   04762    0.4133  -34434.7344  0.6564 
   04763    0.4100  -34395.6562  0.6571 
   04764    0.4059  -34446.3672  0.6597 
   04765    0.4201  -34463.0781  0.6585 
   04766    0.4145  -34350.6094  0.6592 
   04767    0.4154  -34406.4453  0.6616 
   04768    0.4021  -34294.5195  0.6588 
   04769    0.4105  -34216.2852  0.6558 
   04770    0.4157  -34256.3008  0.6529 
   04771    0.4206  -34281.5977  0.6542 
   04772    0.4112  -34267.1602  0.6525 
   04773    0.4071  -34314.7461  0.6550 
   04774    0.4122  -34206.0000  0.6559 
   04775    0.4062  -34252.9727  0.6563 
   04776    0.4094  -34357.0156  0.6569 
   04777    0.4037  -34408.1289  0.6579 
   04778    0.4013  -34363.6289  0.6562 
   04779    0.4043  -34398.0391  0.6581 
   04780    0.4032  -34323.8125  0.6582 
   04781    0.4023  -34360.8047  0.6579 
   04782    0.4078  -34414.8398  0.6578 
   04783    0.4107  -34420.7539  0.6586 
   04784    0.4023  -34330.6914  0.6552 
   04785    0.4095  -34304.3242  0.6568 
   04786    0.4133  -34287.0234  0.6535 
   04787    0.4054  -34328.7734  0.6559 
   04788    0.4142  -34277.9766  0.6541 
   04789    0.4148  -34334.9766  0.6525 
   04790    0.4085  -34291.2383  0.6549 
   04791    0.4068  -34294.0039  0.6589 
   04792    0.4117  -34363.1992  0.6587 
   04793    0.4136  -34362.7109  0.6566 
   04794    0.4041  -34284.6406  0.6554 
   04795    0.4066  -34233.9766  0.6526 
   04796    0.4061  -34323.8281  0.6513 
   04797    0.4029  -34329.8711  0.6527 
   04798    0.4098  -34202.8086  0.6549 
   04799    0.4225  -34289.8242  0.6554 
   04800    0.4013  -34275.8359  0.6575 
   04801    0.4082  -34367.0898  0.6594 
   04802    0.4098  -34282.9883  0.6573 
   04803    0.4156  -34300.5391  0.6603 
   04804    0.4168  -34253.8516  0.6612 
   04805    0.4025  -34388.4648  0.6608 
   04806    0.4029  -34310.8711  0.6624 
   04807    0.4116  -34397.0352  0.6607 
   04808    0.4065  -34405.2227  0.6597 
   04809    0.4118  -34376.2305  0.6601 
   04810    0.4121  -34461.4609  0.6636 
   04811    0.3956  -34454.6250  0.6646 
   04812    0.4064  -34403.4648  0.6663 
   04813    0.4112  -34425.4102  0.6658 
   04814    0.4062  -34390.0898  0.6671 
   04815    0.4104  -34307.9883  0.6674 
   04816    0.4152  -34285.1562  0.6656 
   04817    0.4108  -34318.4609  0.6676 
   04818    0.4117  -34265.3320  0.6647 
   04819    0.4036  -34354.9492  0.6661 
   04820    0.4129  -34350.9141  0.6697 
   04821    0.4153  -34315.3789  0.6688 
   04822    0.4052  -34322.4141  0.6673 
   04823    0.4092  -34320.1602  0.6655 
   04824    0.4035  -34401.4609  0.6700 
   04825    0.4101  -34322.5391  0.6668 
   04826    0.4148  -34251.5703  0.6653 
   04827    0.4084  -34247.1250  0.6631 
   04828    0.4248  -34276.6133  0.6622 
   04829    0.4115  -34352.1953  0.6619 
   04830    0.4165  -34332.8086  0.6636 
   04831    0.4155  -34287.1562  0.6640 
   04832    0.4155  -34368.3867  0.6621 
   04833    0.4091  -34348.2031  0.6619 
   04834    0.4048  -34412.0234  0.6613 
   04835    0.4075  -34388.2031  0.6643 
   04836    0.4055  -34404.6914  0.6672 
   04837    0.4213  -34383.0078  0.6674 
   04838    0.4087  -34374.4727  0.6693 
   04839    0.4009  -34422.9766  0.6683 
   04840    0.4097  -34438.0625  0.6700 
   04841    0.4121  -34373.4844  0.6678 
   04842    0.4052  -34293.6133  0.6688 
   04843    0.4178  -34428.1211  0.6673 
   04844    0.4148  -34367.9258  0.6650 
   04845    0.4038  -34342.7266  0.6645 
   04846    0.3932  -34361.1914  0.6646 
   04847    0.4117  -34270.2422  0.6624 
   04848    0.4008  -34344.6055  0.6613 
   04849    0.4038  -34301.6328  0.6602 
   04850    0.4119  -34388.9492  0.6623 
   04851    0.4052  -34452.8828  0.6657 
   04852    0.4005  -34363.1875  0.6672 
   04853    0.4111  -34309.1953  0.6666 
   04854    0.4006  -34332.6406  0.6687 
   04855    0.4105  -34411.3047  0.6681 
   04856    0.4060  -34359.2500  0.6683 
   04857    0.4144  -34516.2070  0.6713 
   04858    0.4118  -34447.8281  0.6712 
   04859    0.4088  -34420.0469  0.6713 
   04860    0.4130  -34329.6797  0.6684 
   04861    0.4123  -34287.2070  0.6677 
   04862    0.4130  -34271.1055  0.6658 
   04863    0.4194  -34269.8242  0.6643 
   04864    0.4064  -34304.0078  0.6621 
   04865    0.4148  -34299.0625  0.6600 
   04866    0.4188  -34295.1133  0.6626 
   04867    0.4147  -34296.1836  0.6637 
   04868    0.4067  -34268.7305  0.6645 
   04869    0.4100  -34230.7305  0.6635 
   04870    0.4116  -34294.9883  0.6628 
   04871    0.4061  -34226.8711  0.6629 
   04872    0.4104  -34277.7305  0.6615 
   04873    0.4044  -34325.5391  0.6621 
   04874    0.4038  -34325.6523  0.6649 
   04875    0.4107  -34313.6562  0.6647 
   04876    0.4067  -34299.2852  0.6650 
   04877    0.4109  -34291.8242  0.6632 
   04878    0.4055  -34288.3281  0.6634 
   04879    0.4113  -34287.9766  0.6611 
   04880    0.4045  -34352.6719  0.6633 
   04881    0.3991  -34397.7617  0.6655 
   04882    0.4063  -34425.7266  0.6655 
   04883    0.4113  -34367.5508  0.6616 
   04884    0.4072  -34240.0742  0.6613 
   04885    0.4074  -34271.2383  0.6623 
   04886    0.4141  -34343.0820  0.6612 
   04887    0.4044  -34419.0391  0.6597 
   04888    0.4116  -34364.2656  0.6559 
   04889    0.4098  -34308.9141  0.6543 
   04890    0.4147  -34248.9883  0.6527 
   04891    0.4108  -34195.3516  0.6537 
   04892    0.4103  -34244.3320  0.6547 
   04893    0.4189  -34309.1367  0.6575 
   04894    0.4087  -34338.2148  0.6583 
   04895    0.4098  -34437.7461  0.6615 
   04896    0.4056  -34464.3320  0.6646 
   04897    0.4054  -34524.3398  0.6692 
   04898    0.4074  -34462.8125  0.6687 
   04899    0.4177  -34458.2266  0.6682 
   04900    0.4024  -34536.9102  0.6713 
   04901    0.3994  -34443.0234  0.6678 
   04902    0.4186  -34420.4375  0.6694 
   04903    0.4129  -34362.4609  0.6684 
   04904    0.4068  -34421.3711  0.6712 
   04905    0.4079  -34371.4336  0.6696 
   04906    0.4160  -34295.2539  0.6691 
   04907    0.4056  -34317.7734  0.6685 
   04908    0.4114  -34314.7539  0.6688 
   04909    0.4059  -34313.6445  0.6687 
   04910    0.4088  -34305.4570  0.6673 
   04911    0.4085  -34266.0117  0.6646 
   04912    0.4072  -34353.7227  0.6670 
   04913    0.4137  -34357.7422  0.6704 
   04914    0.4078  -34412.6680  0.6723 
   04915    0.4019  -34377.3164  0.6756 
   04916    0.4100  -34353.6914  0.6749 
   04917    0.4096  -34398.8203  0.6763 
   04918    0.4123  -34365.5781  0.6757 
   04919    0.4006  -34428.9766  0.6754 
   04920    0.4032  -34328.3281  0.6716 
   04921    0.4116  -34299.7031  0.6720 
   04922    0.4095  -34311.4766  0.6720 
   04923    0.4086  -34387.2812  0.6732 
   04924    0.4028  -34359.6016  0.6726 
   04925    0.4083  -34289.6641  0.6717 
   04926    0.4082  -34313.7070  0.6716 
   04927    0.4168  -34225.9102  0.6707 
   04928    0.4071  -34351.9883  0.6730 
   04929    0.4107  -34410.9258  0.6742 
   04930    0.4063  -34399.3438  0.6720 
   04931    0.4073  -34469.3672  0.6699 
   04932    0.3975  -34542.6172  0.6695 
   04933    0.4074  -34504.2148  0.6693 
   04934    0.4145  -34474.4062  0.6698 
   04935    0.4133  -34405.9531  0.6705 
   04936    0.3965  -34369.6953  0.6711 
   04937    0.4043  -34373.4062  0.6707 
   04938    0.4155  -34392.7891  0.6712 
   04939    0.4036  -34363.2266  0.6723 
   04940    0.4123  -34432.7891  0.6740 
   04941    0.4179  -34331.8359  0.6718 
   04942    0.3985  -34305.7266  0.6723 
   04943    0.4033  -34207.8867  0.6715 
   04944    0.4104  -34207.7656  0.6710 
   04945    0.4114  -34183.3047  0.6710 
   04946    0.4048  -34278.0859  0.6723 
   04947    0.4068  -34363.6172  0.6738 
   04948    0.4077  -34332.4648  0.6728 
   04949    0.4055  -34299.3789  0.6725 
   04950    0.4066  -34467.4805  0.6742 
   04951    0.4053  -34370.0469  0.6705 
   04952    0.4138  -34236.9219  0.6673 
   04953    0.4062  -34179.4102  0.6656 
   04954    0.4114  -34199.9023  0.6634 
   04955    0.4100  -34161.9883  0.6648 
   04956    0.4166  -34121.9961  0.6619 
   04957    0.4041  -34190.1484  0.6624 
   04958    0.4111  -34275.6875  0.6632 
   04959    0.4109  -34291.2930  0.6644 
   04960    0.4073  -34233.2031  0.6640 
   04961    0.4139  -34156.1914  0.6655 
   04962    0.4122  -34209.3594  0.6649 
   04963    0.4134  -34235.8359  0.6650 
   04964    0.4070  -34242.4414  0.6638 
   04965    0.4160  -34253.0703  0.6626 
   04966    0.4084  -34275.5586  0.6638 
   04967    0.4107  -34243.9258  0.6646 
   04968    0.4175  -34251.5469  0.6677 
   04969    0.4081  -34226.4297  0.6671 
   04970    0.4156  -34220.1797  0.6677 
   04971    0.4188  -34249.3594  0.6683 
   04972    0.4229  -34217.8984  0.6652 
   04973    0.4043  -34160.4609  0.6628 
   04974    0.4199  -34167.3750  0.6655 
   04975    0.4080  -34187.5977  0.6656 
   04976    0.4070  -34105.4492  0.6653 
   04977    0.4093  -34013.4531  0.6618 
   04978    0.4106  -34095.5312  0.6665 
   04979    0.4145  -34067.2656  0.6637 
   04980    0.4125  -34106.2461  0.6670 
   04981    0.4099  -34130.8477  0.6694 
   04982    0.4085  -34167.8828  0.6719 
   04983    0.4187  -34226.9062  0.6743 
   04984    0.4076  -34250.3086  0.6740 
   04985    0.4161  -34300.3008  0.6777 
   04986    0.4132  -34244.0508  0.6776 
   04987    0.4201  -34195.3359  0.6765 
   04988    0.4103  -34207.3047  0.6745 
   04989    0.4082  -34247.5898  0.6735 
   04990    0.4057  -34284.3203  0.6730 
   04991    0.4138  -34252.7812  0.6717 
   04992    0.3993  -34300.7461  0.6698 
   04993    0.4116  -34408.3828  0.6757 
   04994    0.4125  -34319.8789  0.6735 
   04995    0.4096  -34299.3945  0.6754 
   04996    0.4159  -34257.4297  0.6730 
   04997    0.4128  -34300.6328  0.6756 
   04998    0.4170  -34252.9180  0.6752 
   04999    0.4005  -34265.8398  0.6748 
   05000    0.4080  -34317.7188  0.6734 
