#=====================================================
# File created:        Sun-22-Feb-2026-at-06-02-16PM
# Size of lattice:     50x50
# Number of MC steps:  5000
# Reduced temperature: 0.500
# Run time (s):        22.128902
#=====================================================
# MC step:  Ratio:     Energy:   Order:
#=====================================================
   00000    0.5000   -2515.1340  0.2608 
   00001    0.6832   -3686.8479  0.2691 
   00002    0.6024   -4462.5044  0.2692 
   00003    0.5780   -4976.1274  0.2807 
   00004    0.5592   -5375.5786  0.2864 
   00005    0.5560   -5757.5645  0.2950 
   00006    0.5064   -6094.7393  0.2931 
   00007    0.4992   -6330.6465  0.2951 
   00008    0.4920   -6540.1167  0.2959 
   00009    0.5108   -6795.6646  0.2914 
   00010    0.4696   -6873.0117  0.2958 
   00011    0.4584   -6943.9258  0.2966 
   00012    0.4660   -7077.1333  0.2944 
   00013    0.4544   -7205.6035  0.3019 
   00014    0.4568   -7319.2842  0.2991 
   00015    0.4648   -7347.0708  0.3019 
   00016    0.4688   -7409.2812  0.3011 
   00017    0.4432   -7497.9365  0.2986 
   00018    0.4312   -7542.1958  0.2970 
   00019    0.4496   -7576.6914  0.3075 
   00020    0.4588   -7573.5200  0.3107 
   00021    0.4348   -7671.4800  0.3152 
   00022    0.4440   -7655.6890  0.3194 
   00023    0.4340   -7756.0718  0.3183 
   00024    0.4428   -7829.1265  0.3206 
   00025    0.4276   -7842.4502  0.3182 
   00026    0.4236   -7876.4614  0.3107 
   00027    0.4364   -7883.5215  0.3151 
   00028    0.4420   -7953.2827  0.3182 
   00029    0.4060   -8008.4380  0.3196 
   00030    0.4188   -8015.7251  0.3217 
   00031    0.4232   -8071.2129  0.3231 
   00032    0.4296   -8040.2979  0.3231 
   00033    0.4356   -8074.3369  0.3339 
   00034    0.4156   -8094.4136  0.3391 
   00035    0.4172   -8106.1709  0.3458 
   00036    0.4288   -8157.1035  0.3422 
   00037    0.4308   -8150.5176  0.3416 
   00038    0.4352   -8194.4863  0.3392 
   00039    0.4296   -8180.0757  0.3351 
   00040    0.4192   -8159.4697  0.3324 
   00041    0.4312   -8176.6411  0.3273 
   00042    0.3980   -8187.8257  0.3294 
   00043    0.4168   -8261.7930  0.3351 
   00044    0.4448   -8264.2334  0.3295 
   00045    0.4304   -8236.6445  0.3311 
   00046    0.4232   -8205.5615  0.3318 
   00047    0.4228   -8241.8135  0.3303 
   00048    0.4092   -8242.0527  0.3324 
   00049    0.4240   -8277.0947  0.3303 
   00050    0.4264   -8270.2510  0.3292 
   00051    0.4308   -8281.1826  0.3341 
   00052    0.4052   -8297.4824  0.3326 
   00053    0.4200   -8306.5518  0.3359 
   00054    0.4244   -8281.8154  0.3385 
   00055    0.4140   -8299.0166  0.3375 
   00056    0.4188   -8320.0273  0.3402 
   00057    0.4072   -8275.5645  0.3360 
   00058    0.4356   -8274.5986  0.3308 
   00059    0.4160   -8261.4307  0.3242 
   00060    0.4344   -8259.6875  0.3249 
   00061    0.4148   -8302.8223  0.3247 
   00062    0.4188   -8288.3633  0.3287 
   00063    0.4180   -8302.8945  0.3230 
   00064    0.4248   -8326.4219  0.3280 
   00065    0.4276   -8296.7705  0.3350 
   00066    0.4060   -8299.0098  0.3326 
   00067    0.4160   -8209.3154  0.3361 
   00068    0.4276   -8215.5713  0.3373 
   00069    0.4244   -8247.6055  0.3414 
   00070    0.4332   -8289.9756  0.3479 
   00071    0.4208   -8302.3662  0.3527 
   00072    0.4344   -8297.4980  0.3513 
   00073    0.4128   -8300.7119  0.3499 
   00074    0.4332   -8321.0869  0.3427 
   00075    0.4240   -8308.9297  0.3465 
   00076    0.4260   -8339.2949  0.3434 
   00077    0.4224   -8334.1328  0.3405 
   00078    0.4140   -8341.9561  0.3329 
   00079    0.4332   -8382.4600  0.3243 
   00080    0.4180   -8385.2646  0.3263 
   00081    0.4228   -8347.5996  0.3236 
   00082    0.4280   -8354.1562  0.3204 
   00083    0.4112   -8384.5605  0.3216 
   00084    0.4240   -8373.7920  0.3191 
   00085    0.4056   -8329.6475  0.3179 
   00086    0.4244   -8351.7100  0.3189 
   00087    0.4204   -8356.9160  0.3169 
   00088    0.4052   -8363.6816  0.3120 
   00089    0.3996   -8352.4336  0.3142 
   00090    0.4064   -8320.4375  0.3111 
   00091    0.4208   -8325.3643  0.3073 
   00092    0.4128   -8308.6367  0.3080 
   00093    0.4240   -8303.7734  0.3072 
   00094    0.4116   -8285.7734  0.3053 
   00095    0.4260   -8342.7842  0.3047 
   00096    0.4208   -8346.3027  0.3031 
   00097    0.4112   -8400.5820  0.2967 
   00098    0.4108   -8388.6973  0.2985 
   00099    0.4240   -8441.2393  0.2956 
   00100    0.4108   -8451.0020  0.2985 
   00101    0.4140   -8455.1016  0.2950 
   00102    0.4104   -8466.7109  0.2967 
   00103    0.4212   -8408.8262  0.2921 
   00104    0.4412   -8402.5156  0.2890 
   00105    0.4100   -8388.0781  0.2902 
   00106    0.4012   -8395.5781  0.2868 
   00107    0.4016   -8423.6543  0.2720 
   00108    0.4240   -8392.5527  0.2729 
   00109    0.4132   -8383.5322  0.2746 
   00110    0.4284   -8399.8447  0.2794 
   00111    0.4164   -8357.7422  0.2759 
   00112    0.4092   -8318.3135  0.2768 
   00113    0.4104   -8321.5273  0.2801 
   00114    0.4244   -8335.2441  0.2859 
   00115    0.4140   -8334.9590  0.2911 
   00116    0.4124   -8334.2510  0.2917 
   00117    0.4168   -8359.7627  0.2933 
   00118    0.4048   -8383.1816  0.2921 
   00119    0.4028   -8408.1768  0.2950 
   00120    0.4040   -8370.8594  0.2880 
   00121    0.4140   -8437.3105  0.2887 
   00122    0.4272   -8443.5840  0.2892 
   00123    0.4236   -8431.2295  0.2966 
   00124    0.4128   -8451.3291  0.2996 
   00125    0.4176   -8462.0986  0.2991 
   00126    0.4032   -8477.1553  0.2972 
   00127    0.4096   -8446.5166  0.3075 
   00128    0.4040   -8440.6846  0.3096 
   00129    0.4016   -8393.2197  0.3061 
   00130    0.4160   -8417.6045  0.3153 
   00131    0.4056   -8426.1377  0.3136 
   00132    0.4004   -8429.0498  0.3123 
   00133    0.4148   -8443.1777  0.3172 
   00134    0.4344   -8431.3418  0.3194 
   00135    0.4052   -8475.1006  0.3285 
   00136    0.4136   -8488.5566  0.3273 
   00137    0.4064   -8479.7715  0.3329 
   00138    0.4040   -8486.0459  0.3361 
   00139    0.4220   -8461.1719  0.3278 
   00140    0.4172   -8456.1768  0.3261 
   00141    0.3964   -8467.2871  0.3282 
   00142    0.4132   -8421.9258  0.3252 
   00143    0.4316   -8449.9795  0.3259 
   00144    0.4120   -8423.7002  0.3267 
   00145    0.4312   -8439.8291  0.3267 
   00146    0.4320   -8412.6924  0.3177 
   00147    0.3976   -8406.4414  0.3181 
   00148    0.4072   -8413.0820  0.3206 
   00149    0.4316   -8396.6758  0.3191 
   00150    0.4160   -8463.6514  0.3147 
   00151    0.4308   -8416.9150  0.3074 
   00152    0.4056   -8409.2012  0.3166 
   00153    0.4208   -8460.6260  0.3147 
   00154    0.4052   -8512.2305  0.3068 
   00155    0.4060   -8505.3535  0.3095 
   00156    0.4088   -8471.4854  0.3115 
   00157    0.4224   -8448.6934  0.3129 
   00158    0.4132   -8476.8535  0.3138 
   00159    0.4172   -8514.5039  0.3073 
   00160    0.4228   -8495.0518  0.3108 
   00161    0.4128   -8491.0889  0.3085 
   00162    0.4100   -8497.2881  0.3098 
   00163    0.4080   -8477.3154  0.3155 
   00164    0.4088   -8411.3926  0.3127 
   00165    0.4212   -8417.1328  0.3079 
   00166    0.4260   -8441.0391  0.3030 
   00167    0.4132   -8502.3916  0.3078 
   00168    0.4176   -8456.9561  0.3066 
   00169    0.4292   -8472.0098  0.3053 
   00170    0.4036   -8470.5127  0.3097 
   00171    0.4136   -8503.7314  0.3149 
   00172    0.4064   -8497.7969  0.3112 
   00173    0.4128   -8499.8135  0.3130 
   00174    0.3992   -8476.1924  0.3144 
   00175    0.4084   -8489.5020  0.3107 
   00176    0.4264   -8465.7598  0.3161 
   00177    0.4076   -8455.6504  0.3155 
   00178    0.4068   -8466.7686  0.3132 
   00179    0.4136   -8445.6348  0.3118 
   00180    0.4116   -8437.1064  0.3135 
   00181    0.4272   -8435.2031  0.3079 
   00182    0.4200   -8444.9258  0.3067 
   00183    0.4124   -8452.9404  0.3098 
   00184    0.4196   -8472.3711  0.3086 
   00185    0.4132   -8467.1758  0.3039 
   00186    0.3932   -8502.8701  0.3035 
   00187    0.4316   -8463.4658  0.3028 
   00188    0.4108   -8419.0029  0.3076 
   00189    0.4148   -8408.7705  0.3054 
   00190    0.4072   -8432.6406  0.2979 
   00191    0.4160   -8438.6289  0.3040 
   00192    0.4156   -8482.3193  0.3137 
   00193    0.4108   -8491.3770  0.3092 
   00194    0.4112   -8519.3086  0.3113 
   00195    0.4140   -8516.7510  0.3076 
   00196    0.4068   -8498.0508  0.3114 
   00197    0.3904   -8528.3682  0.3132 
   00198    0.4044   -8527.0996  0.3185 
   00199    0.3976   -8533.8662  0.3232 
   00200    0.3996   -8529.1826  0.3197 
   00201    0.4200   -8518.9443  0.3164 
   00202    0.4260   -8485.7783  0.3169 
   00203    0.4076   -8477.3486  0.3186 
   00204    0.4124   -8418.5781  0.3158 
   00205    0.4196   -8432.1006  0.3144 
   00206    0.4200   -8464.7471  0.3183 
   00207    0.4280   -8479.5283  0.3175 
   00208    0.4044   -8413.1279  0.3241 
   00209    0.4176   -8401.5596  0.3179 
   00210    0.4292   -8368.3887  0.3182 
   00211    0.4292   -8407.9502  0.3169 
   00212    0.4004   -8452.8115  0.3147 
   00213    0.4160   -8491.6045  0.3207 
   00214    0.3968   -8516.5908  0.3213 
   00215    0.4052   -8478.7715  0.3228 
   00216    0.4048   -8500.3506  0.3199 
   00217    0.4028   -8498.0264  0.3197 
   00218    0.4168   -8491.4248  0.3208 
   00219    0.4212   -8509.4482  0.3198 
   00220    0.4132   -8523.8174  0.3108 
   00221    0.4232   -8515.8848  0.3136 
   00222    0.4004   -8566.4424  0.3201 
   00223    0.4196   -8529.4336  0.3190 
   00224    0.4056   -8503.0117  0.3199 
   00225    0.4112   -8544.6396  0.3291 
   00226    0.4236   -8523.4209  0.3248 
   00227    0.4240   -8539.9590  0.3225 
   00228    0.4172   -8530.1768  0.3251 
   00229    0.4096   -8528.8955  0.3261 
   00230    0.4252   -8506.3672  0.3220 
   00231    0.4060   -8528.9492  0.3217 
   00232    0.4008   -8553.3154  0.3226 
   00233    0.4120   -8554.9561  0.3197 
   00234    0.3960   -8578.7812  0.3184 
   00235    0.3980   -8569.9688  0.3194 
   00236    0.4296   -8557.8809  0.3259 
   00237    0.4312   -8587.2266  0.3309 
   00238    0.4196   -8607.3574  0.3248 
   00239    0.4032   -8602.6758  0.3245 
   00240    0.4044   -8559.9336  0.3213 
   00241    0.4236   -8573.9541  0.3201 
   00242    0.4424   -8564.5723  0.3221 
   00243    0.4048   -8551.2383  0.3270 
   00244    0.3996   -8512.1699  0.3241 
   00245    0.3980   -8486.7354  0.3231 
   00246    0.4116   -8545.9248  0.3208 
   00247    0.3936   -8511.8818  0.3224 
   00248    0.4128   -8546.5771  0.3244 
   00249    0.4040   -8543.0342  0.3284 
   00250    0.4260   -8480.7549  0.3208 
   00251    0.4112   -8515.4434  0.3201 
   00252    0.4228   -8475.6826  0.3172 
   00253    0.4116   -8422.5205  0.3136 
   00254    0.4140   -8442.8359  0.3151 
   00255    0.4008   -8430.7988  0.3148 
   00256    0.4124   -8475.4551  0.3141 
   00257    0.4252   -8549.0068  0.3230 
   00258    0.4180   -8497.2217  0.3329 
   00259    0.4200   -8524.9189  0.3372 
   00260    0.4044   -8513.9092  0.3439 
   00261    0.4112   -8488.4062  0.3434 
   00262    0.3996   -8442.7744  0.3389 
   00263    0.4308   -8443.8945  0.3419 
   00264    0.4308   -8442.2373  0.3454 
   00265    0.4236   -8479.0439  0.3448 
   00266    0.4064   -8458.1475  0.3433 
   00267    0.4244   -8464.3037  0.3480 
   00268    0.4112   -8497.0654  0.3463 
   00269    0.4104   -8477.1387  0.3429 
   00270    0.4216   -8481.0303  0.3451 
   00271    0.4152   -8478.7471  0.3441 
   00272    0.4156   -8467.0615  0.3399 
   00273    0.4172   -8466.9238  0.3390 
   00274    0.3956   -8498.5166  0.3389 
   00275    0.4052   -8496.2725  0.3375 
   00276    0.4052   -8455.5508  0.3373 
   00277    0.4320   -8460.8857  0.3411 
   00278    0.4100   -8473.0078  0.3401 
   00279    0.4304   -8483.5371  0.3363 
   00280    0.4072   -8495.1475  0.3295 
   00281    0.4140   -8456.7354  0.3307 
   00282    0.4160   -8467.6035  0.3362 
   00283    0.3944   -8486.2139  0.3407 
   00284    0.4196   -8523.1367  0.3449 
   00285    0.4220   -8567.5049  0.3428 
   00286    0.3924   -8572.4053  0.3488 
   00287    0.4140   -8516.9209  0.3435 
   00288    0.4304   -8477.4043  0.3489 
   00289    0.3872   -8489.3311  0.3459 
   00290    0.4088   -8502.0410  0.3458 
   00291    0.4100   -8490.0146  0.3421 
   00292    0.3984   -8548.5576  0.3409 
   00293    0.4248   -8525.0703  0.3401 
   00294    0.4240   -8483.3242  0.3376 
   00295    0.3908   -8484.0723  0.3379 
   00296    0.4172   -8493.0059  0.3368 
   00297    0.4196   -8534.5264  0.3354 
   00298    0.4088   -8507.6982  0.3374 
   00299    0.4280   -8510.4219  0.3370 
   00300    0.4060   -8531.1006  0.3370 
   00301    0.4048   -8499.3525  0.3368 
   00302    0.4044   -8535.7607  0.3415 
   00303    0.4096   -8544.2998  0.3383 
   00304    0.4068   -8542.8135  0.3368 
   00305    0.4056   -8551.1650  0.3376 
   00306    0.4152   -8507.0371  0.3362 
   00307    0.4060   -8475.5479  0.3371 
   00308    0.4120   -8489.8525  0.3446 
   00309    0.4204   -8521.1162  0.3391 
   00310    0.3988   -8495.7080  0.3406 
   00311    0.4032   -8527.0186  0.3413 
   00312    0.4236   -8549.5664  0.3427 
   00313    0.4172   -8580.6328  0.3424 
   00314    0.4116   -8596.8193  0.3400 
   00315    0.4220   -8546.8721  0.3398 
   00316    0.3996   -8500.9014  0.3353 
   00317    0.4268   -8529.8604  0.3309 
   00318    0.4056   -8545.4521  0.3322 
   00319    0.4148   -8569.8262  0.3324 
   00320    0.4196   -8545.4541  0.3290 
   00321    0.4108   -8537.1494  0.3240 
   00322    0.4028   -8519.6816  0.3323 
   00323    0.4216   -8507.7090  0.3204 
   00324    0.4032   -8485.6182  0.3187 
   00325    0.4200   -8468.8799  0.3139 
   00326    0.4104   -8524.6348  0.3137 
   00327    0.3948   -8533.9170  0.3201 
   00328    0.4056   -8492.0527  0.3154 
   00329    0.4032   -8510.6699  0.3131 
   00330    0.4140   -8507.5801  0.3059 
   00331    0.4088   -8518.9209  0.3134 
   00332    0.4188   -8523.1396  0.3099 
   00333    0.4128   -8550.1240  0.3135 
   00334    0.4068   -8533.5293  0.3200 
   00335    0.4128   -8547.3457  0.3243 
   00336    0.4008   -8534.6270  0.3210 
   00337    0.4248   -8497.9678  0.3153 
   00338    0.4188   -8506.9316  0.3215 
   00339    0.4148   -8527.5850  0.3228 
   00340    0.3992   -8515.9209  0.3261 
   00341    0.3984   -8538.5488  0.3265 
   00342    0.4260   -8530.0430  0.3274 
   00343    0.4152   -8527.1055  0.3266 
   00344    0.4052   -8518.4814  0.3160 
   00345    0.4080   -8549.2686  0.3126 
   00346    0.4104   -8542.4707  0.3124 
   00347    0.4200   -8507.2979  0.3091 
   00348    0.4124   -8523.0986  0.3127 
   00349    0.4172   -8494.7900  0.3070 
   00350    0.4260   -8508.8408  0.3049 
   00351    0.4056   -8507.9805  0.3012 
   00352    0.4012   -8489.7451  0.2996 
   00353    0.3944   -8483.7959  0.3017 
   00354    0.4144   -8522.0293  0.3035 
   00355    0.4080   -8488.4863  0.3082 
   00356    0.4116   -8502.5039  0.3091 
   00357    0.3992   -8532.4707  0.3063 
   00358    0.4072   -8471.9346  0.3060 
   00359    0.4100   -8461.3838  0.3038 
   00360    0.4096   -8509.6826  0.3037 
   00361    0.4056   -8468.9365  0.3048 
   00362    0.4396   -8490.3525  0.3053 
   00363    0.4012   -8532.8408  0.3034 
   00364    0.4232   -8467.4521  0.3029 
   00365    0.3960   -8458.8760  0.3023 
   00366    0.4104   -8467.5469  0.2980 
   00367    0.4220   -8522.5840  0.3042 
   00368    0.3868   -8509.5469  0.3026 
   00369    0.4096   -8504.0371  0.2979 
   00370    0.4256   -8467.4717  0.2968 
   00371    0.4088   -8432.9727  0.3008 
   00372    0.4208   -8467.5225  0.2976 
   00373    0.4160   -8466.4590  0.3016 
   00374    0.4168   -8486.9062  0.2960 
   00375    0.4116   -8531.5098  0.2946 
   00376    0.4160   -8531.2197  0.2990 
   00377    0.4072   -8465.9902  0.2967 
   00378    0.3976   -8485.3770  0.3009 
   00379    0.4164   -8487.4912  0.2998 
   00380    0.4140   -8532.9307  0.3020 
   00381    0.4108   -8498.9922  0.2940 
   00382    0.4008   -8500.8135  0.2951 
   00383    0.4048   -8492.5322  0.2871 
   00384    0.4216   -8468.3857  0.2804 
   00385    0.4332   -8484.8193  0.2861 
   00386    0.4100   -8504.7500  0.2930 
   00387    0.4128   -8451.7842  0.2939 
   00388    0.4040   -8444.4873  0.2890 
   00389    0.4080   -8477.8164  0.2933 
   00390    0.4148   -8461.2021  0.2902 
   00391    0.4116   -8485.1523  0.2963 
   00392    0.4260   -8522.7656  0.2992 
   00393    0.4100   -8475.2979  0.2915 
   00394    0.4060   -8485.6367  0.2967 
   00395    0.4136   -8463.3223  0.2920 
   00396    0.4144   -8488.4805  0.2963 
   00397    0.4192   -8471.6299  0.3026 
   00398    0.3984   -8471.9092  0.3070 
   00399    0.4060   -8498.3008  0.3089 
   00400    0.4056   -8480.1221  0.3062 
   00401    0.4176   -8480.0684  0.2959 
   00402    0.3916   -8453.2734  0.3000 
   00403    0.4176   -8457.8799  0.2973 
   00404    0.3956   -8432.6016  0.2959 
   00405    0.4160   -8445.0889  0.3056 
   00406    0.4000   -8449.7871  0.3002 
   00407    0.4024   -8510.1143  0.3050 
   00408    0.4044   -8555.2539  0.3128 
   00409    0.4204   -8575.0723  0.3118 
   00410    0.4064   -8528.3174  0.3134 
   00411    0.4080   -8508.9316  0.3086 
   00412    0.4288   -8515.4492  0.3118 
   00413    0.4076   -8526.9609  0.3085 
   00414    0.4036   -8538.7061  0.3112 
   00415    0.4124   -8536.5811  0.3103 
   00416    0.4200   -8515.9932  0.3100 
   00417    0.3756   -8546.6738  0.3110 
   00418    0.4160   -8523.9453  0.3159 
   00419    0.4180   -8462.6182  0.3138 
   00420    0.4096   -8510.4678  0.3126 
   00421    0.4160   -8508.6943  0.3112 
   00422    0.4148   -8534.4365  0.3119 
   00423    0.4180   -8490.3545  0.3148 
   00424    0.4280   -8486.7158  0.3142 
   00425    0.4128   -8541.6260  0.3209 
   00426    0.4304   -8509.1699  0.3108 
   00427    0.4124   -8538.5361  0.3114 
   00428    0.4152   -8534.9609  0.3107 
   00429    0.4120   -8503.1865  0.3083 
   00430    0.4092   -8458.1738  0.3042 
   00431    0.4072   -8494.1973  0.3073 
   00432    0.4012   -8512.0869  0.3102 
   00433    0.4164   -8478.9658  0.3152 
   00434    0.4004   -8502.4844  0.3171 
   00435    0.4140   -8436.4453  0.3177 
   00436    0.4200   -8412.3438  0.3211 
   00437    0.3952   -8398.8340  0.3239 
   00438    0.4224   -8440.1992  0.3223 
   00439    0.3980   -8461.3174  0.3171 
   00440    0.4156   -8489.8721  0.3197 
   00441    0.4168   -8505.9795  0.3138 
   00442    0.3952   -8442.5059  0.3161 
   00443    0.4036   -8485.8301  0.3211 
   00444    0.4000   -8489.0508  0.3215 
   00445    0.4164   -8448.1729  0.3214 
   00446    0.4004   -8459.8164  0.3240 
   00447    0.4224   -8486.5762  0.3229 
   00448    0.4236   -8455.5889  0.3212 
   00449    0.4052   -8495.7412  0.3232 
   00450    0.4092   -8590.4072  0.3261 
   00451    0.4040   -8542.2012  0.3270 
   00452    0.4144   -8533.3730  0.3280 
   00453    0.4136   -8537.7109  0.3303 
   00454    0.4056   -8490.6328  0.3356 
   00455    0.4200   -8455.8135  0.3379 
   00456    0.4056   -8457.0254  0.3430 
   00457    0.4212   -8498.3730  0.3471 
   00458    0.4004   -8484.4717  0.3469 
   00459    0.4208   -8461.6377  0.3466 
   00460    0.4024   -8504.7627  0.3389 
   00461    0.4236   -8513.1709  0.3437 
   00462    0.4064   -8495.4473  0.3458 
   00463    0.4060   -8493.8154  0.3446 
   00464    0.4060   -8538.3447  0.3419 
   00465    0.4132   -8510.4541  0.3484 
   00466    0.4244   -8483.7051  0.3464 
   00467    0.4036   -8492.5645  0.3526 
   00468    0.4088   -8472.3936  0.3546 
   00469    0.4004   -8454.5713  0.3591 
   00470    0.4140   -8489.6670  0.3549 
   00471    0.4024   -8488.7900  0.3571 
   00472    0.4212   -8577.3389  0.3572 
   00473    0.3984   -8570.6895  0.3634 
   00474    0.4108   -8506.3086  0.3572 
   00475    0.4176   -8461.8643  0.3573 
   00476    0.4200   -8426.2803  0.3563 
   00477    0.4156   -8432.1533  0.3647 
   00478    0.4012   -8470.3848  0.3661 
   00479    0.4316   -8447.0410  0.3597 
   00480    0.4228   -8426.4541  0.3552 
   00481    0.4188   -8474.3232  0.3570 
   00482    0.4008   -8500.6572  0.3656 
   00483    0.4300   -8546.3799  0.3729 
   00484    0.4100   -8519.7197  0.3724 
   00485    0.4164   -8554.4844  0.3747 
   00486    0.4064   -8532.4150  0.3785 
   00487    0.4064   -8607.7373  0.3811 
   00488    0.4100   -8620.8154  0.3863 
   00489    0.3940   -8593.3994  0.3841 
   00490    0.4104   -8567.4053  0.3752 
   00491    0.4144   -8525.4707  0.3690 
   00492    0.4024   -8512.1230  0.3770 
   00493    0.4172   -8513.8906  0.3708 
   00494    0.3956   -8533.1797  0.3640 
   00495    0.4080   -8534.1055  0.3693 
   00496    0.4068   -8508.6660  0.3635 
   00497    0.4176   -8502.7441  0.3571 
   00498    0.4096   -8502.9023  0.3608 
   00499    0.4260   -8475.9570  0.3579 
   00500    0.4224   -8437.1426  0.3524 
   00501    0.4208   -8470.1699  0.3513 
   00502    0.4080   -8523.2129  0.3469 
   00503    0.4172   -8529.8848  0.3389 
   00504    0.4132   -8509.3721  0.3392 
   00505    0.3920   -8476.9932  0.3399 
   00506    0.4024   -8509.6455  0.3395 
   00507    0.4232   -8504.4453  0.3461 
   00508    0.4352   -8476.1289  0.3542 
   00509    0.4268   -8489.9805  0.3574 
   00510    0.4172   -8499.4600  0.3603 
   00511    0.4116   -8568.7158  0.3562 
   00512    0.4128   -8558.9238  0.3622 
   00513    0.4016   -8528.3516  0.3599 
   00514    0.3968   -8512.6357  0.3569 
   00515    0.4148   -8524.6504  0.3580 
   00516    0.4140   -8534.5527  0.3543 
   00517    0.3812   -8572.5137  0.3611 
   00518    0.3936   -8513.2979  0.3542 
   00519    0.3944   -8499.9268  0.3601 
   00520    0.4384   -8494.1670  0.3588 
   00521    0.3976   -8558.0020  0.3634 
   00522    0.4128   -8567.8643  0.3680 
   00523    0.4088   -8530.2100  0.3701 
   00524    0.4004   -8522.1436  0.3727 
   00525    0.4172   -8514.5830  0.3694 
   00526    0.4276   -8489.8770  0.3646 
   00527    0.4020   -8511.1816  0.3691 
   00528    0.4236   -8501.4990  0.3684 
   00529    0.4120   -8534.3428  0.3691 
   00530    0.4044   -8532.4297  0.3710 
   00531    0.4208   -8515.3643  0.3693 
   00532    0.4124   -8527.8105  0.3680 
   00533    0.4076   -8499.3145  0.3628 
   00534    0.4316   -8478.1953  0.3680 
   00535    0.4336   -8490.8750  0.3657 
   00536    0.4084   -8491.8613  0.3673 
   00537    0.4056   -8483.4414  0.3691 
   00538    0.4108   -8480.5811  0.3682 
   00539    0.4192   -8455.2275  0.3703 
   00540    0.4144   -8429.5508  0.3746 
   00541    0.4080   -8444.4141  0.3731 
   00542    0.4200   -8408.6807  0.3752 
   00543    0.4184   -8441.4395  0.3785 
   00544    0.4132   -8458.9932  0.3720 
   00545    0.4184   -8495.7061  0.3728 
   00546    0.4208   -8470.1855  0.3632 
   00547    0.4196   -8444.5303  0.3632 
   00548    0.4248   -8432.4922  0.3605 
   00549    0.4092   -8397.6162  0.3639 
   00550    0.4276   -8455.0127  0.3712 
   00551    0.3972   -8415.2119  0.3692 
   00552    0.3980   -8395.8857  0.3658 
   00553    0.4100   -8417.0186  0.3626 
   00554    0.4160   -8435.8223  0.3668 
   00555    0.4040   -8468.1338  0.3701 
   00556    0.4088   -8417.4941  0.3686 
   00557    0.4224   -8424.3623  0.3613 
   00558    0.4292   -8510.4121  0.3633 
   00559    0.4096   -8528.8379  0.3623 
   00560    0.4136   -8501.6025  0.3685 
   00561    0.4000   -8505.9902  0.3571 
   00562    0.4112   -8455.6367  0.3634 
   00563    0.4180   -8424.7402  0.3668 
   00564    0.4084   -8433.3799  0.3655 
   00565    0.4100   -8488.8975  0.3711 
   00566    0.4128   -8494.9629  0.3748 
   00567    0.4208   -8506.7998  0.3729 
   00568    0.3988   -8531.3867  0.3690 
   00569    0.4148   -8507.7637  0.3624 
   00570    0.4012   -8419.6514  0.3604 
   00571    0.4040   -8485.0488  0.3655 
   00572    0.4060   -8521.9668  0.3652 
   00573    0.4012   -8511.7939  0.3619 
   00574    0.4076   -8463.6611  0.3680 
   00575    0.4104   -8481.3184  0.3658 
   00576    0.4124   -8471.9092  0.3716 
   00577    0.4020   -8500.2930  0.3762 
   00578    0.4016   -8536.8027  0.3709 
   00579    0.4060   -8519.5176  0.3723 
   00580    0.4028   -8543.7490  0.3761 
   00581    0.4332   -8554.8857  0.3669 
   00582    0.4092   -8544.5459  0.3694 
   00583    0.4072   -8505.1104  0.3600 
   00584    0.4200   -8479.8223  0.3639 
   00585    0.4004   -8492.8359  0.3623 
   00586    0.4028   -8493.9795  0.3650 
   00587    0.4164   -8473.8164  0.3645 
   00588    0.4236   -8513.5254  0.3676 
   00589    0.4268   -8488.9951  0.3723 
   00590    0.4232   -8481.1133  0.3706 
   00591    0.4096   -8505.4219  0.3825 
   00592    0.4080   -8485.5117  0.3796 
   00593    0.4236   -8499.0518  0.3801 
   00594    0.4164   -8513.4922  0.3773 
   00595    0.4028   -8483.2725  0.3810 
   00596    0.3964   -8526.3867  0.3859 
   00597    0.4172   -8453.7021  0.3827 
   00598    0.4176   -8450.4053  0.3832 
   00599    0.4140   -8449.7354  0.3894 
   00600    0.4040   -8472.3066  0.3898 
   00601    0.4100   -8542.4170  0.3929 
   00602    0.4380   -8539.4639  0.3880 
   00603    0.4180   -8506.2666  0.3901 
   00604    0.4112   -8467.7119  0.3916 
   00605    0.4128   -8489.6865  0.3938 
   00606    0.4260   -8478.6377  0.3962 
   00607    0.4116   -8492.4414  0.3996 
   00608    0.4156   -8504.3730  0.3992 
   00609    0.4148   -8509.7949  0.4007 
   00610    0.4156   -8520.1299  0.4020 
   00611    0.3904   -8494.9111  0.3959 
   00612    0.4160   -8508.5869  0.3935 
   00613    0.4280   -8446.0762  0.3982 
   00614    0.4204   -8426.7061  0.4020 
   00615    0.3996   -8404.9004  0.4011 
   00616    0.4400   -8454.8350  0.3976 
   00617    0.4168   -8450.7520  0.3912 
   00618    0.4132   -8507.7207  0.3849 
   00619    0.4292   -8550.2363  0.3829 
   00620    0.4192   -8561.4053  0.3826 
   00621    0.4092   -8573.2676  0.3792 
   00622    0.4052   -8576.3779  0.3772 
   00623    0.4040   -8554.6895  0.3806 
   00624    0.4024   -8543.3242  0.3751 
   00625    0.3948   -8497.5752  0.3792 
   00626    0.4200   -8510.3125  0.3839 
   00627    0.4064   -8524.0488  0.3903 
   00628    0.4004   -8509.2549  0.3913 
   00629    0.3932   -8504.9141  0.3953 
   00630    0.4192   -8530.2012  0.3940 
   00631    0.4088   -8532.8506  0.3946 
   00632    0.4036   -8552.3652  0.3989 
   00633    0.4168   -8512.6426  0.4026 
   00634    0.4220   -8508.4775  0.4064 
   00635    0.4168   -8475.2617  0.4126 
   00636    0.4064   -8485.3701  0.4107 
   00637    0.4236   -8484.6299  0.4099 
   00638    0.4188   -8473.8301  0.4110 
   00639    0.4032   -8437.6885  0.4082 
   00640    0.4232   -8481.6172  0.4119 
   00641    0.4140   -8466.2227  0.4138 
   00642    0.3992   -8491.7148  0.4112 
   00643    0.4128   -8468.1230  0.4165 
   00644    0.4180   -8436.4990  0.4123 
   00645    0.4208   -8429.0156  0.4201 
   00646    0.4068   -8419.7256  0.4218 
   00647    0.3916   -8435.5957  0.4207 
   00648    0.4172   -8419.6348  0.4185 
   00649    0.4140   -8457.5732  0.4262 
   00650    0.3932   -8528.2510  0.4266 
   00651    0.4176   -8532.7627  0.4279 
   00652    0.4056   -8497.8164  0.4229 
   00653    0.3972   -8478.5898  0.4246 
   00654    0.4084   -8490.1885  0.4335 
   00655    0.4116   -8466.9658  0.4340 
   00656    0.4088   -8445.6182  0.4338 
   00657    0.4204   -8475.1377  0.4392 
   00658    0.4268   -8479.5059  0.4330 
   00659    0.4284   -8444.8809  0.4303 
   00660    0.4360   -8441.6699  0.4337 
   00661    0.4364   -8379.1201  0.4351 
   00662    0.4136   -8384.7236  0.4366 
   00663    0.3972   -8389.1855  0.4381 
   00664    0.4132   -8421.2578  0.4374 
   00665    0.4380   -8451.2529  0.4390 
   00666    0.4164   -8446.1338  0.4371 
   00667    0.4356   -8419.0439  0.4404 
   00668    0.4272   -8375.9932  0.4386 
   00669    0.4152   -8420.8320  0.4432 
   00670    0.4100   -8498.4980  0.4402 
   00671    0.4292   -8489.0088  0.4427 
   00672    0.4060   -8536.4443  0.4458 
   00673    0.4100   -8527.2441  0.4430 
   00674    0.4160   -8505.4766  0.4369 
   00675    0.4200   -8511.3135  0.4402 
   00676    0.4132   -8473.2568  0.4362 
   00677    0.4244   -8505.6807  0.4369 
   00678    0.4152   -8551.4951  0.4374 
   00679    0.4272   -8574.9443  0.4396 
   00680    0.3956   -8556.5059  0.4346 
   00681    0.4180   -8534.4004  0.4370 
   00682    0.4060   -8532.8154  0.4353 
   00683    0.3940   -8475.0977  0.4351 
   00684    0.3972   -8513.8457  0.4390 
   00685    0.4040   -8537.2480  0.4377 
   00686    0.4228   -8538.9385  0.4412 
   00687    0.4188   -8531.2520  0.4415 
   00688    0.4104   -8512.0205  0.4352 
   00689    0.4164   -8542.7568  0.4343 
   00690    0.4160   -8516.1436  0.4297 
   00691    0.4056   -8524.7520  0.4265 
   00692    0.4040   -8498.9580  0.4230 
   00693    0.4196   -8503.6133  0.4205 
   00694    0.4244   -8512.6670  0.4247 
   00695    0.3964   -8470.4424  0.4217 
   00696    0.4312   -8429.8643  0.4196 
   00697    0.4092   -8432.8359  0.4144 
   00698    0.4192   -8477.1172  0.4158 
   00699    0.4180   -8435.5723  0.4172 
   00700    0.4164   -8469.7031  0.4224 
   00701    0.4152   -8483.3252  0.4276 
   00702    0.4316   -8491.8564  0.4166 
   00703    0.3960   -8472.2998  0.4080 
   00704    0.4328   -8456.4785  0.4085 
   00705    0.4220   -8439.3389  0.4083 
   00706    0.4152   -8477.1523  0.4092 
   00707    0.4044   -8491.7080  0.4160 
   00708    0.4096   -8509.7129  0.4148 
   00709    0.4096   -8496.1260  0.4044 
   00710    0.4420   -8506.8057  0.4055 
   00711    0.4068   -8507.2832  0.4105 
   00712    0.4100   -8521.1846  0.4058 
   00713    0.4104   -8524.6602  0.4104 
   00714    0.4028   -8531.9473  0.4102 
   00715    0.4220   -8510.5957  0.4097 
   00716    0.4164   -8561.2383  0.4110 
   00717    0.3940   -8564.8467  0.4090 
   00718    0.4184   -8556.5898  0.4076 
   00719    0.4072   -8586.0625  0.4065 
   00720    0.3972   -8521.7402  0.4008 
   00721    0.4144   -8550.6289  0.4004 
   00722    0.4004   -8585.3809  0.3981 
   00723    0.4140   -8572.1973  0.3928 
   00724    0.4124   -8574.3691  0.3969 
   00725    0.4196   -8516.4404  0.4008 
   00726    0.4068   -8499.3828  0.3991 
   00727    0.4172   -8561.2676  0.4064 
   00728    0.4128   -8537.8643  0.4021 
   00729    0.4108   -8510.7959  0.3962 
   00730    0.4168   -8522.6963  0.3989 
   00731    0.4020   -8553.8115  0.3963 
   00732    0.4048   -8479.9521  0.3940 
   00733    0.4156   -8454.2783  0.3902 
   00734    0.4116   -8483.4648  0.3933 
   00735    0.4228   -8497.1328  0.3933 
   00736    0.4212   -8513.9258  0.4021 
   00737    0.4028   -8526.0615  0.4006 
   00738    0.4128   -8519.5244  0.3957 
   00739    0.4272   -8518.1621  0.3969 
   00740    0.3972   -8544.3506  0.3931 
   00741    0.4084   -8565.0928  0.3939 
   00742    0.4160   -8546.8271  0.3936 
   00743    0.4176   -8582.3105  0.3911 
   00744    0.4028   -8589.6611  0.3986 
   00745    0.3852   -8574.4814  0.3982 
   00746    0.4036   -8511.2168  0.3972 
   00747    0.4300   -8495.9746  0.3980 
   00748    0.4236   -8495.0195  0.3992 
   00749    0.4160   -8489.5967  0.3956 
   00750    0.4108   -8466.2373  0.3979 
   00751    0.4364   -8481.8447  0.4055 
   00752    0.4088   -8473.4668  0.4098 
   00753    0.4104   -8476.5557  0.4176 
   00754    0.4108   -8492.4199  0.4147 
   00755    0.4092   -8428.8623  0.4179 
   00756    0.4064   -8403.5039  0.4192 
   00757    0.4316   -8460.7656  0.4175 
   00758    0.3956   -8478.9570  0.4168 
   00759    0.4048   -8498.4648  0.4123 
   00760    0.4396   -8496.4199  0.4192 
   00761    0.4236   -8486.3291  0.4161 
   00762    0.4224   -8532.1006  0.4137 
   00763    0.3984   -8576.5107  0.4114 
   00764    0.4092   -8561.5986  0.4103 
   00765    0.4036   -8591.4297  0.4083 
   00766    0.4068   -8564.0449  0.4032 
   00767    0.4192   -8568.9033  0.4011 
   00768    0.3996   -8570.2754  0.4043 
   00769    0.4044   -8596.8984  0.4063 
   00770    0.4064   -8584.5742  0.4075 
   00771    0.4136   -8550.4277  0.4097 
   00772    0.4300   -8530.9365  0.4059 
   00773    0.4056   -8531.1660  0.4048 
   00774    0.4068   -8511.0107  0.4074 
   00775    0.4008   -8528.7832  0.4102 
   00776    0.3944   -8536.6611  0.4091 
   00777    0.4084   -8539.9932  0.4171 
   00778    0.4244   -8504.4102  0.4180 
   00779    0.4104   -8558.9170  0.4169 
   00780    0.4092   -8598.5439  0.4166 
   00781    0.3924   -8572.5762  0.4156 
   00782    0.4172   -8566.5908  0.4139 
   00783    0.4216   -8550.9824  0.4120 
   00784    0.4192   -8486.3691  0.4214 
   00785    0.4028   -8519.6211  0.4195 
   00786    0.4060   -8516.6279  0.4218 
   00787    0.4112   -8519.8242  0.4210 
   00788    0.4040   -8462.2500  0.4245 
   00789    0.4112   -8461.2012  0.4252 
   00790    0.3996   -8436.7734  0.4270 
   00791    0.4076   -8435.5898  0.4292 
   00792    0.4148   -8465.5000  0.4233 
   00793    0.4036   -8462.9375  0.4229 
   00794    0.4060   -8508.7031  0.4252 
   00795    0.4008   -8482.4941  0.4233 
   00796    0.4316   -8494.9619  0.4237 
   00797    0.4164   -8467.2627  0.4253 
   00798    0.4344   -8459.7852  0.4219 
   00799    0.4284   -8457.4883  0.4225 
   00800    0.4204   -8443.4180  0.4222 
   00801    0.4008   -8488.4307  0.4249 
   00802    0.4188   -8494.9189  0.4252 
   00803    0.4172   -8524.8125  0.4355 
   00804    0.4088   -8491.3232  0.4370 
   00805    0.4144   -8490.6162  0.4275 
   00806    0.4136   -8526.0059  0.4288 
   00807    0.4276   -8547.6943  0.4349 
   00808    0.4132   -8542.4482  0.4330 
   00809    0.4112   -8525.8271  0.4324 
   00810    0.4084   -8480.3037  0.4264 
   00811    0.4108   -8436.8193  0.4229 
   00812    0.4148   -8419.3193  0.4207 
   00813    0.4300   -8404.7061  0.4168 
   00814    0.4028   -8421.3740  0.4174 
   00815    0.4200   -8444.6318  0.4140 
   00816    0.4196   -8493.7412  0.4199 
   00817    0.4056   -8502.7344  0.4253 
   00818    0.4036   -8485.6738  0.4213 
   00819    0.4192   -8458.0840  0.4192 
   00820    0.4076   -8503.1064  0.4197 
   00821    0.4000   -8480.2334  0.4178 
   00822    0.4028   -8498.1182  0.4165 
   00823    0.4180   -8484.2002  0.4171 
   00824    0.4116   -8526.9707  0.4222 
   00825    0.4024   -8502.9023  0.4176 
   00826    0.4196   -8499.5088  0.4192 
   00827    0.4160   -8573.0703  0.4213 
   00828    0.4192   -8551.0918  0.4265 
   00829    0.3900   -8530.1465  0.4299 
   00830    0.4220   -8520.6914  0.4315 
   00831    0.4000   -8531.2793  0.4306 
   00832    0.4112   -8538.5908  0.4321 
   00833    0.4076   -8506.6172  0.4316 
   00834    0.4056   -8433.3721  0.4327 
   00835    0.4208   -8457.9746  0.4347 
   00836    0.4024   -8494.6250  0.4406 
   00837    0.4260   -8488.0928  0.4396 
   00838    0.4048   -8461.0479  0.4490 
   00839    0.4168   -8459.3291  0.4407 
   00840    0.4136   -8465.7979  0.4420 
   00841    0.4096   -8444.3574  0.4474 
   00842    0.4156   -8422.4297  0.4449 
   00843    0.4156   -8414.5664  0.4446 
   00844    0.4292   -8427.2578  0.4500 
   00845    0.4256   -8437.1758  0.4452 
   00846    0.4124   -8404.0967  0.4382 
   00847    0.3984   -8466.8994  0.4419 
   00848    0.4128   -8451.5986  0.4375 
   00849    0.4408   -8476.0967  0.4349 
   00850    0.4068   -8497.3672  0.4305 
   00851    0.4148   -8505.0566  0.4341 
   00852    0.4100   -8531.2168  0.4362 
   00853    0.4216   -8542.6357  0.4350 
   00854    0.4036   -8560.5605  0.4287 
   00855    0.3996   -8539.3535  0.4270 
   00856    0.4220   -8552.9561  0.4274 
   00857    0.3844   -8532.1494  0.4242 
   00858    0.4156   -8504.5156  0.4279 
   00859    0.4132   -8535.0928  0.4184 
   00860    0.4072   -8525.9150  0.4185 
   00861    0.4204   -8541.3965  0.4216 
   00862    0.4176   -8561.2119  0.4243 
   00863    0.4076   -8527.8262  0.4269 
   00864    0.4268   -8496.0420  0.4335 
   00865    0.4204   -8503.9385  0.4416 
   00866    0.4032   -8504.7080  0.4468 
   00867    0.4196   -8502.5791  0.4441 
   00868    0.4156   -8494.2227  0.4463 
   00869    0.4024   -8499.6016  0.4460 
   00870    0.4196   -8504.4854  0.4446 
   00871    0.4080   -8526.3994  0.4421 
   00872    0.4212   -8528.3848  0.4410 
   00873    0.4028   -8525.7920  0.4350 
   00874    0.4004   -8480.2881  0.4328 
   00875    0.4256   -8482.4961  0.4359 
   00876    0.4224   -8488.9248  0.4326 
   00877    0.4208   -8503.2959  0.4215 
   00878    0.4232   -8508.8916  0.4193 
   00879    0.4308   -8520.6709  0.4238 
   00880    0.4052   -8533.1680  0.4209 
   00881    0.4032   -8539.0244  0.4217 
   00882    0.4144   -8565.8779  0.4208 
   00883    0.4164   -8553.8242  0.4216 
   00884    0.4232   -8546.0205  0.4190 
   00885    0.4184   -8515.9102  0.4216 
   00886    0.4216   -8578.9775  0.4281 
   00887    0.4176   -8554.6514  0.4199 
   00888    0.4212   -8498.6514  0.4119 
   00889    0.4216   -8496.9609  0.4148 
   00890    0.4240   -8480.2705  0.4165 
   00891    0.4200   -8503.8252  0.4099 
   00892    0.4052   -8483.6865  0.4113 
   00893    0.4116   -8482.8711  0.4190 
   00894    0.4172   -8468.8223  0.4152 
   00895    0.4228   -8502.8115  0.4204 
   00896    0.4068   -8492.3193  0.4206 
   00897    0.4176   -8475.2109  0.4190 
   00898    0.4072   -8489.3652  0.4240 
   00899    0.4072   -8539.9326  0.4200 
   00900    0.4084   -8542.9717  0.4233 
   00901    0.4148   -8544.0693  0.4244 
   00902    0.4108   -8525.5898  0.4224 
   00903    0.4172   -8527.1201  0.4256 
   00904    0.4068   -8527.2324  0.4305 
   00905    0.4308   -8514.2783  0.4366 
   00906    0.4264   -8451.9473  0.4304 
   00907    0.4236   -8421.1279  0.4389 
   00908    0.4380   -8428.2510  0.4376 
   00909    0.4080   -8407.6631  0.4425 
   00910    0.4060   -8378.0352  0.4420 
   00911    0.4308   -8385.0752  0.4297 
   00912    0.4280   -8425.8047  0.4310 
   00913    0.4188   -8453.3604  0.4333 
   00914    0.4112   -8452.9268  0.4356 
   00915    0.4324   -8420.3398  0.4376 
   00916    0.4300   -8437.3057  0.4333 
   00917    0.4144   -8422.5791  0.4284 
   00918    0.4172   -8434.8125  0.4286 
   00919    0.4212   -8419.7598  0.4265 
   00920    0.4200   -8414.8389  0.4286 
   00921    0.4112   -8427.4277  0.4313 
   00922    0.4004   -8447.6768  0.4325 
   00923    0.3980   -8466.2510  0.4391 
   00924    0.4116   -8489.9473  0.4394 
   00925    0.3992   -8528.8350  0.4390 
   00926    0.4144   -8502.6133  0.4464 
   00927    0.4140   -8540.3418  0.4483 
   00928    0.3984   -8511.4229  0.4499 
   00929    0.4084   -8547.4141  0.4534 
   00930    0.4152   -8506.9453  0.4531 
   00931    0.4144   -8443.6504  0.4522 
   00932    0.4220   -8443.8105  0.4553 
   00933    0.4236   -8448.9717  0.4544 
   00934    0.4328   -8462.8691  0.4560 
   00935    0.4228   -8476.8789  0.4521 
   00936    0.4096   -8487.7568  0.4533 
   00937    0.4116   -8494.1895  0.4535 
   00938    0.4256   -8528.0303  0.4532 
   00939    0.4156   -8486.8594  0.4550 
   00940    0.4052   -8489.3193  0.4514 
   00941    0.4148   -8465.2920  0.4518 
   00942    0.4148   -8446.3945  0.4568 
   00943    0.4096   -8466.0850  0.4520 
   00944    0.4092   -8420.1377  0.4535 
   00945    0.4236   -8434.1875  0.4567 
   00946    0.4048   -8453.2383  0.4585 
   00947    0.4192   -8394.8789  0.4527 
   00948    0.4080   -8387.0459  0.4518 
   00949    0.4152   -8461.0547  0.4503 
   00950    0.4068   -8493.4238  0.4522 
   00951    0.4200   -8532.2656  0.4496 
   00952    0.4068   -8506.7705  0.4521 
   00953    0.3968   -8546.5264  0.4423 
   00954    0.4124   -8526.1582  0.4424 
   00955    0.3928   -8542.7383  0.4425 
   00956    0.3976   -8569.5342  0.4445 
   00957    0.4112   -8503.1621  0.4408 
   00958    0.4084   -8520.1729  0.4394 
   00959    0.4072   -8541.0400  0.4374 
   00960    0.4184   -8557.5186  0.4401 
   00961    0.4188   -8605.0342  0.4378 
   00962    0.4120   -8590.8594  0.4389 
   00963    0.4196   -8564.8135  0.4384 
   00964    0.4180   -8521.4424  0.4333 
   00965    0.4068   -8550.4512  0.4375 
   00966    0.4160   -8534.6279  0.4358 
   00967    0.4096   -8500.6455  0.4365 
   00968    0.4068   -8508.7129  0.4330 
   00969    0.3956   -8484.0752  0.4377 
   00970    0.3864   -8472.7432  0.4396 
   00971    0.4164   -8444.8213  0.4422 
   00972    0.3976   -8432.7119  0.4415 
   00973    0.4100   -8487.6523  0.4440 
   00974    0.4140   -8461.3203  0.4464 
   00975    0.4008   -8452.9697  0.4450 
   00976    0.4064   -8513.9111  0.4372 
   00977    0.3912   -8519.0996  0.4408 
   00978    0.3976   -8478.9111  0.4329 
   00979    0.4128   -8487.3730  0.4315 
   00980    0.4192   -8501.5645  0.4261 
   00981    0.4204   -8530.4248  0.4316 
   00982    0.4160   -8494.2031  0.4326 
   00983    0.4312   -8478.6514  0.4325 
   00984    0.4156   -8454.1777  0.4336 
   00985    0.4060   -8444.2373  0.4316 
   00986    0.4140   -8490.9561  0.4268 
   00987    0.3996   -8475.0469  0.4253 
   00988    0.4260   -8539.3574  0.4220 
   00989    0.3996   -8491.2197  0.4261 
   00990    0.4064   -8460.0488  0.4309 
   00991    0.4160   -8494.8086  0.4311 
   00992    0.4044   -8486.9453  0.4286 
   00993    0.3972   -8432.3857  0.4331 
   00994    0.4240   -8398.9854  0.4320 
   00995    0.4240   -8373.3721  0.4320 
   00996    0.4220   -8406.3887  0.4369 
   00997    0.4160   -8438.3359  0.4344 
   00998    0.4172   -8437.4375  0.4326 
   00999    0.4064   -8482.5557  0.4303 
   01000    0.4088   -8490.2754  0.4309 
   01001    0.4104   -8544.8184  0.4321 
   01002    0.4112   -8514.5977  0.4310 
   01003    0.4268   -8507.8203  0.4341 
   01004    0.4088   -8499.4277  0.4272 
   01005    0.4060   -8471.6533  0.4321 
   01006    0.4096   -8460.0508  0.4376 
   01007    0.4168   -8553.7197  0.4425 
   01008    0.4164   -8576.7168  0.4510 
   01009    0.4220   -8586.0195  0.4384 
   01010    0.4048   -8588.9199  0.4427 
   01011    0.3984   -8573.6113  0.4429 
   01012    0.4240   -8531.4619  0.4416 
   01013    0.4108   -8506.6816  0.4407 
   01014    0.4004   -8493.9629  0.4492 
   01015    0.4104   -8507.9531  0.4433 
   01016    0.4264   -8464.9463  0.4426 
   01017    0.4168   -8520.5557  0.4446 
   01018    0.4052   -8528.4521  0.4408 
   01019    0.4040   -8541.1377  0.4412 
   01020    0.3972   -8511.0605  0.4408 
   01021    0.3956   -8510.5879  0.4492 
   01022    0.4208   -8471.0566  0.4460 
   01023    0.4128   -8431.8711  0.4398 
   01024    0.4008   -8440.1885  0.4366 
   01025    0.4132   -8514.0283  0.4403 
   01026    0.4012   -8502.8389  0.4441 
   01027    0.4192   -8501.4971  0.4372 
   01028    0.4148   -8497.2402  0.4410 
   01029    0.4044   -8514.7793  0.4379 
   01030    0.4160   -8546.6992  0.4322 
   01031    0.4104   -8525.7744  0.4351 
   01032    0.4128   -8584.9717  0.4364 
   01033    0.4144   -8544.7793  0.4356 
   01034    0.4344   -8511.1475  0.4386 
   01035    0.4100   -8527.7764  0.4453 
   01036    0.3952   -8571.0342  0.4480 
   01037    0.4228   -8579.8613  0.4556 
   01038    0.3888   -8592.1406  0.4517 
   01039    0.4240   -8588.0186  0.4540 
   01040    0.4200   -8548.8389  0.4575 
   01041    0.4164   -8513.4072  0.4577 
   01042    0.3932   -8513.3018  0.4627 
   01043    0.4072   -8549.4277  0.4666 
   01044    0.4092   -8552.0908  0.4674 
   01045    0.4044   -8569.8662  0.4660 
   01046    0.3992   -8590.0371  0.4664 
   01047    0.4192   -8578.0820  0.4623 
   01048    0.4268   -8527.7295  0.4694 
   01049    0.4120   -8532.2744  0.4672 
   01050    0.4240   -8568.7471  0.4640 
   01051    0.4176   -8553.3105  0.4614 
   01052    0.4028   -8505.8340  0.4629 
   01053    0.4248   -8463.6777  0.4592 
   01054    0.4144   -8360.4717  0.4512 
   01055    0.4364   -8448.7812  0.4480 
   01056    0.4060   -8485.3770  0.4517 
   01057    0.4272   -8443.0068  0.4582 
   01058    0.4028   -8423.6064  0.4517 
   01059    0.4040   -8455.7744  0.4547 
   01060    0.4212   -8427.2148  0.4519 
   01061    0.4196   -8484.4941  0.4571 
   01062    0.4120   -8477.6074  0.4534 
   01063    0.4012   -8484.5840  0.4531 
   01064    0.4284   -8506.9238  0.4567 
   01065    0.3908   -8491.5908  0.4547 
   01066    0.4116   -8504.5684  0.4527 
   01067    0.4112   -8536.0322  0.4529 
   01068    0.4016   -8514.1943  0.4510 
   01069    0.4196   -8536.7939  0.4495 
   01070    0.4160   -8479.8271  0.4430 
   01071    0.4304   -8450.0908  0.4464 
   01072    0.4160   -8485.1035  0.4508 
   01073    0.4128   -8399.9697  0.4425 
   01074    0.3896   -8405.2080  0.4413 
   01075    0.4236   -8437.5391  0.4475 
   01076    0.4056   -8447.3408  0.4448 
   01077    0.4156   -8462.1006  0.4422 
   01078    0.4072   -8455.8525  0.4412 
   01079    0.4136   -8463.9033  0.4359 
   01080    0.4164   -8483.5576  0.4341 
   01081    0.4048   -8468.8428  0.4411 
   01082    0.4000   -8483.4805  0.4415 
   01083    0.4188   -8469.5322  0.4429 
   01084    0.4028   -8490.5293  0.4416 
   01085    0.4044   -8494.4189  0.4389 
   01086    0.4116   -8514.1094  0.4439 
   01087    0.4136   -8538.3125  0.4482 
   01088    0.3980   -8505.4404  0.4457 
   01089    0.4164   -8496.2715  0.4426 
   01090    0.4192   -8455.4912  0.4402 
   01091    0.4372   -8493.6191  0.4374 
   01092    0.4344   -8521.2842  0.4401 
   01093    0.4100   -8479.6484  0.4446 
   01094    0.3904   -8497.3076  0.4436 
   01095    0.4168   -8540.0391  0.4428 
   01096    0.4148   -8518.9668  0.4430 
   01097    0.4112   -8524.0820  0.4320 
   01098    0.4128   -8507.8223  0.4314 
   01099    0.4140   -8532.2988  0.4323 
   01100    0.4176   -8502.3828  0.4261 
   01101    0.4280   -8502.0674  0.4276 
   01102    0.4280   -8484.9141  0.4273 
   01103    0.4080   -8505.8359  0.4255 
   01104    0.4064   -8486.1182  0.4219 
   01105    0.4144   -8509.4717  0.4217 
   01106    0.4016   -8520.4951  0.4234 
   01107    0.4252   -8463.9512  0.4214 
   01108    0.4096   -8480.7393  0.4181 
   01109    0.4028   -8501.9678  0.4198 
   01110    0.4284   -8517.7217  0.4298 
   01111    0.4140   -8558.8604  0.4270 
   01112    0.4248   -8578.8359  0.4299 
   01113    0.4068   -8565.5947  0.4324 
   01114    0.4136   -8584.7500  0.4406 
   01115    0.4232   -8546.5078  0.4394 
   01116    0.4188   -8591.0332  0.4398 
   01117    0.3948   -8572.3379  0.4406 
   01118    0.4260   -8545.9014  0.4465 
   01119    0.4136   -8509.3457  0.4418 
   01120    0.4116   -8505.9395  0.4426 
   01121    0.4036   -8547.4512  0.4424 
   01122    0.4268   -8560.0459  0.4439 
   01123    0.4160   -8572.7256  0.4430 
   01124    0.4068   -8537.6230  0.4394 
   01125    0.4144   -8526.4980  0.4435 
   01126    0.4164   -8492.8750  0.4415 
   01127    0.3992   -8525.6914  0.4394 
   01128    0.4248   -8538.3291  0.4321 
   01129    0.4020   -8494.1514  0.4368 
   01130    0.4108   -8483.1777  0.4391 
   01131    0.4048   -8494.1680  0.4370 
   01132    0.4160   -8448.9023  0.4406 
   01133    0.4324   -8483.7646  0.4411 
   01134    0.4044   -8478.9248  0.4405 
   01135    0.4120   -8482.5645  0.4339 
   01136    0.3972   -8488.9561  0.4370 
   01137    0.4112   -8565.8027  0.4374 
   01138    0.4064   -8580.3672  0.4365 
   01139    0.4228   -8517.3232  0.4385 
   01140    0.4068   -8516.8184  0.4387 
   01141    0.4040   -8510.5146  0.4400 
   01142    0.4188   -8502.6582  0.4412 
   01143    0.4264   -8490.6367  0.4487 
   01144    0.4268   -8531.2998  0.4465 
   01145    0.4116   -8532.9102  0.4440 
   01146    0.4180   -8528.7617  0.4453 
   01147    0.4088   -8515.4297  0.4445 
   01148    0.4084   -8538.8760  0.4511 
   01149    0.4236   -8544.2119  0.4475 
   01150    0.4020   -8539.1436  0.4426 
   01151    0.4128   -8543.5625  0.4498 
   01152    0.4116   -8559.9785  0.4468 
   01153    0.4056   -8558.6963  0.4374 
   01154    0.4032   -8568.8164  0.4346 
   01155    0.4044   -8520.7754  0.4340 
   01156    0.4036   -8515.0947  0.4350 
   01157    0.4172   -8515.3252  0.4299 
   01158    0.3856   -8505.5879  0.4279 
   01159    0.4196   -8467.2705  0.4246 
   01160    0.4132   -8510.2705  0.4249 
   01161    0.4136   -8532.9375  0.4194 
   01162    0.3968   -8551.2041  0.4223 
   01163    0.4064   -8511.1230  0.4231 
   01164    0.4232   -8501.8262  0.4237 
   01165    0.4120   -8535.2354  0.4190 
   01166    0.4024   -8540.5371  0.4241 
   01167    0.4240   -8549.0078  0.4208 
   01168    0.4168   -8570.2129  0.4142 
   01169    0.4024   -8557.7363  0.4109 
   01170    0.4176   -8531.4717  0.4113 
   01171    0.4052   -8569.8203  0.4149 
   01172    0.4144   -8525.4424  0.4155 
   01173    0.4064   -8551.2373  0.4158 
   01174    0.4376   -8573.0762  0.4182 
   01175    0.4140   -8554.0605  0.4136 
   01176    0.4112   -8563.3086  0.4125 
   01177    0.4020   -8549.0078  0.4062 
   01178    0.4024   -8528.5781  0.4103 
   01179    0.4360   -8516.2441  0.4133 
   01180    0.4204   -8554.7188  0.4134 
   01181    0.4144   -8535.5352  0.4136 
   01182    0.4184   -8553.0215  0.4150 
   01183    0.3960   -8552.4834  0.4102 
   01184    0.4176   -8528.6768  0.4049 
   01185    0.4116   -8508.6201  0.4177 
   01186    0.4116   -8492.2500  0.4173 
   01187    0.3948   -8484.8828  0.4192 
   01188    0.4036   -8464.5928  0.4168 
   01189    0.4232   -8454.8105  0.4191 
   01190    0.4116   -8491.8535  0.4230 
   01191    0.3904   -8540.5244  0.4209 
   01192    0.4332   -8504.3486  0.4267 
   01193    0.4224   -8505.8242  0.4235 
   01194    0.4044   -8504.0156  0.4169 
   01195    0.4240   -8503.6768  0.4118 
   01196    0.4048   -8532.9668  0.4166 
   01197    0.4040   -8529.3906  0.4191 
   01198    0.4048   -8540.4658  0.4223 
   01199    0.3936   -8542.4316  0.4253 
   01200    0.4120   -8529.9463  0.4234 
   01201    0.4104   -8520.7734  0.4263 
   01202    0.4212   -8521.7861  0.4260 
   01203    0.4040   -8496.7168  0.4202 
   01204    0.4188   -8486.6318  0.4233 
   01205    0.4048   -8455.1572  0.4263 
   01206    0.4156   -8415.1982  0.4264 
   01207    0.4092   -8413.9561  0.4275 
   01208    0.4148   -8442.0928  0.4290 
   01209    0.4164   -8432.1719  0.4250 
   01210    0.4168   -8432.9473  0.4248 
   01211    0.4172   -8441.2949  0.4298 
   01212    0.4176   -8494.2637  0.4343 
   01213    0.3976   -8489.5264  0.4383 
   01214    0.4108   -8495.5977  0.4434 
   01215    0.4252   -8517.9053  0.4443 
   01216    0.3972   -8519.7676  0.4463 
   01217    0.4240   -8505.5371  0.4448 
   01218    0.3944   -8513.1631  0.4445 
   01219    0.4068   -8495.1582  0.4454 
   01220    0.4132   -8522.7295  0.4477 
   01221    0.4208   -8530.9336  0.4475 
   01222    0.3964   -8522.9893  0.4527 
   01223    0.4140   -8522.7969  0.4550 
   01224    0.4052   -8486.1621  0.4477 
   01225    0.4212   -8479.6514  0.4502 
   01226    0.4032   -8508.8496  0.4498 
   01227    0.4076   -8519.0732  0.4467 
   01228    0.3980   -8541.1055  0.4513 
   01229    0.4152   -8486.0752  0.4486 
   01230    0.4056   -8465.0947  0.4483 
   01231    0.3888   -8461.1650  0.4534 
   01232    0.4120   -8526.3047  0.4490 
   01233    0.4056   -8524.2666  0.4481 
   01234    0.3984   -8516.0566  0.4480 
   01235    0.3988   -8567.0166  0.4429 
   01236    0.4200   -8568.6240  0.4403 
   01237    0.4140   -8555.6318  0.4395 
   01238    0.4140   -8567.7109  0.4459 
   01239    0.3964   -8545.7266  0.4474 
   01240    0.4044   -8572.6680  0.4539 
   01241    0.4072   -8564.8906  0.4531 
   01242    0.4092   -8561.9004  0.4526 
   01243    0.4096   -8516.7529  0.4491 
   01244    0.4192   -8538.0977  0.4498 
   01245    0.4020   -8537.2090  0.4398 
   01246    0.4080   -8552.9121  0.4442 
   01247    0.4200   -8567.7012  0.4418 
   01248    0.4124   -8564.6211  0.4337 
   01249    0.3936   -8555.7139  0.4359 
   01250    0.4256   -8599.4072  0.4365 
   01251    0.4284   -8565.1016  0.4382 
   01252    0.4036   -8532.2158  0.4418 
   01253    0.3912   -8554.4639  0.4370 
   01254    0.4272   -8543.5303  0.4351 
   01255    0.4176   -8547.4287  0.4345 
   01256    0.4144   -8545.5195  0.4365 
   01257    0.4244   -8567.6240  0.4400 
   01258    0.4056   -8554.0146  0.4424 
   01259    0.4112   -8579.0771  0.4432 
   01260    0.3988   -8583.7090  0.4469 
   01261    0.4096   -8579.6816  0.4516 
   01262    0.4120   -8573.1758  0.4525 
   01263    0.4140   -8549.6289  0.4522 
   01264    0.4124   -8521.8643  0.4558 
   01265    0.4156   -8523.8936  0.4659 
   01266    0.3808   -8532.1797  0.4617 
   01267    0.4212   -8552.3018  0.4506 
   01268    0.3928   -8553.7227  0.4510 
   01269    0.4224   -8552.1387  0.4546 
   01270    0.4140   -8557.5088  0.4543 
   01271    0.4076   -8569.4346  0.4564 
   01272    0.3916   -8525.0059  0.4512 
   01273    0.4104   -8514.5195  0.4495 
   01274    0.4116   -8484.6211  0.4527 
   01275    0.3912   -8518.6260  0.4507 
   01276    0.4188   -8581.1426  0.4537 
   01277    0.4212   -8585.1035  0.4569 
   01278    0.4128   -8584.5811  0.4615 
   01279    0.4232   -8567.2334  0.4559 
   01280    0.4096   -8547.4971  0.4512 
   01281    0.4020   -8534.3662  0.4570 
   01282    0.4204   -8549.8301  0.4580 
   01283    0.4124   -8502.4014  0.4558 
   01284    0.4228   -8539.9766  0.4589 
   01285    0.4032   -8560.2441  0.4622 
   01286    0.3960   -8508.8896  0.4691 
   01287    0.4036   -8497.9805  0.4649 
   01288    0.4100   -8517.0928  0.4594 
   01289    0.4028   -8505.5967  0.4573 
   01290    0.4084   -8456.9053  0.4529 
   01291    0.4004   -8501.8711  0.4573 
   01292    0.4080   -8523.3994  0.4566 
   01293    0.4112   -8491.4805  0.4593 
   01294    0.4184   -8498.3652  0.4619 
   01295    0.4100   -8515.4854  0.4604 
   01296    0.4076   -8498.8467  0.4531 
   01297    0.4056   -8477.3516  0.4472 
   01298    0.4308   -8499.1533  0.4403 
   01299    0.4056   -8496.9297  0.4420 
   01300    0.4288   -8507.6973  0.4468 
   01301    0.4136   -8494.5664  0.4509 
   01302    0.4200   -8471.4014  0.4555 
   01303    0.4088   -8496.3379  0.4593 
   01304    0.4172   -8491.6553  0.4589 
   01305    0.4112   -8517.3271  0.4606 
   01306    0.4180   -8513.2822  0.4614 
   01307    0.4228   -8518.6230  0.4570 
   01308    0.4092   -8510.1289  0.4613 
   01309    0.4048   -8512.9629  0.4624 
   01310    0.4128   -8462.5586  0.4568 
   01311    0.4296   -8392.5977  0.4585 
   01312    0.4268   -8422.8369  0.4583 
   01313    0.4076   -8432.8369  0.4533 
   01314    0.4124   -8456.2344  0.4503 
   01315    0.4024   -8490.7217  0.4493 
   01316    0.4208   -8517.2168  0.4504 
   01317    0.4144   -8522.1152  0.4474 
   01318    0.4068   -8547.3398  0.4417 
   01319    0.4100   -8495.7236  0.4438 
   01320    0.3916   -8488.7178  0.4456 
   01321    0.3944   -8514.9170  0.4456 
   01322    0.4016   -8541.1865  0.4480 
   01323    0.4160   -8581.6084  0.4530 
   01324    0.4144   -8614.1250  0.4537 
   01325    0.4048   -8596.9424  0.4522 
   01326    0.4120   -8594.8516  0.4522 
   01327    0.4044   -8545.4072  0.4511 
   01328    0.4108   -8470.7959  0.4501 
   01329    0.4028   -8492.6465  0.4503 
   01330    0.4176   -8506.8516  0.4526 
   01331    0.4024   -8538.5801  0.4579 
   01332    0.4280   -8545.3730  0.4591 
   01333    0.3980   -8542.1797  0.4588 
   01334    0.4116   -8527.8154  0.4622 
   01335    0.4212   -8518.6211  0.4684 
   01336    0.4064   -8541.2139  0.4631 
   01337    0.3984   -8558.8301  0.4647 
   01338    0.4124   -8582.7686  0.4687 
   01339    0.4204   -8561.0781  0.4657 
   01340    0.4172   -8508.7920  0.4631 
   01341    0.4044   -8520.9277  0.4607 
   01342    0.4152   -8495.5430  0.4623 
   01343    0.4128   -8516.4893  0.4621 
   01344    0.4092   -8551.7617  0.4676 
   01345    0.4124   -8522.0635  0.4625 
   01346    0.4144   -8473.3379  0.4572 
   01347    0.4168   -8500.0771  0.4543 
   01348    0.4080   -8534.9297  0.4536 
   01349    0.4040   -8531.9180  0.4527 
   01350    0.3920   -8477.5596  0.4454 
   01351    0.4072   -8507.0381  0.4388 
   01352    0.4128   -8516.6562  0.4327 
   01353    0.3976   -8510.9385  0.4269 
   01354    0.4152   -8507.2334  0.4265 
   01355    0.4060   -8470.8799  0.4279 
   01356    0.4056   -8503.6318  0.4284 
   01357    0.4092   -8497.6211  0.4235 
   01358    0.4148   -8475.8213  0.4221 
   01359    0.4008   -8562.3369  0.4159 
   01360    0.4176   -8513.3740  0.4146 
   01361    0.4204   -8466.3086  0.4103 
   01362    0.4124   -8495.7344  0.4095 
   01363    0.4180   -8508.3535  0.4095 
   01364    0.4316   -8497.9160  0.4157 
   01365    0.4084   -8548.0449  0.4206 
   01366    0.3940   -8616.0371  0.4113 
   01367    0.4000   -8644.7549  0.4158 
   01368    0.4000   -8636.1191  0.4163 
   01369    0.4112   -8646.9971  0.4138 
   01370    0.4140   -8602.7090  0.4131 
   01371    0.4052   -8558.3252  0.4115 
   01372    0.4264   -8577.8975  0.4165 
   01373    0.4048   -8563.4844  0.4159 
   01374    0.3924   -8523.4150  0.4101 
   01375    0.4164   -8547.6729  0.4103 
   01376    0.4048   -8478.8438  0.4111 
   01377    0.4028   -8492.8945  0.4150 
   01378    0.4240   -8474.3154  0.4136 
   01379    0.4128   -8504.2920  0.4152 
   01380    0.4144   -8503.3711  0.4159 
   01381    0.4064   -8542.1182  0.4173 
   01382    0.4332   -8519.6875  0.4160 
   01383    0.4144   -8505.9912  0.4239 
   01384    0.4064   -8502.3369  0.4167 
   01385    0.4216   -8484.4551  0.4175 
   01386    0.4092   -8502.1631  0.4147 
   01387    0.3972   -8496.2217  0.4145 
   01388    0.4132   -8475.9297  0.4130 
   01389    0.4140   -8485.3379  0.4125 
   01390    0.4016   -8501.0957  0.4140 
   01391    0.4244   -8467.0068  0.4102 
   01392    0.4084   -8547.8027  0.4157 
   01393    0.4052   -8536.2041  0.4225 
   01394    0.4044   -8547.5459  0.4173 
   01395    0.4148   -8507.5820  0.4176 
   01396    0.4120   -8516.7090  0.4142 
   01397    0.4200   -8499.1348  0.4226 
   01398    0.4056   -8527.8066  0.4226 
   01399    0.4152   -8500.4980  0.4258 
   01400    0.4076   -8478.7275  0.4233 
   01401    0.4020   -8497.2568  0.4295 
   01402    0.4264   -8520.3066  0.4229 
   01403    0.4076   -8519.0361  0.4178 
   01404    0.4108   -8531.0137  0.4182 
   01405    0.4132   -8525.7900  0.4180 
   01406    0.4016   -8530.6094  0.4175 
   01407    0.4100   -8573.0303  0.4221 
   01408    0.3976   -8578.6074  0.4173 
   01409    0.4220   -8576.8828  0.4153 
   01410    0.3996   -8550.4961  0.4186 
   01411    0.4056   -8547.0166  0.4156 
   01412    0.4180   -8594.9443  0.4140 
   01413    0.4112   -8546.4971  0.4167 
   01414    0.4228   -8521.9014  0.4179 
   01415    0.4168   -8554.4824  0.4174 
   01416    0.4044   -8588.2412  0.4189 
   01417    0.3948   -8558.9463  0.4167 
   01418    0.4028   -8535.4355  0.4165 
   01419    0.4056   -8512.7471  0.4187 
   01420    0.4248   -8504.9229  0.4148 
   01421    0.4040   -8560.4121  0.4165 
   01422    0.3988   -8517.0508  0.4168 
   01423    0.4048   -8549.0850  0.4243 
   01424    0.4044   -8567.1055  0.4272 
   01425    0.4164   -8561.6689  0.4186 
   01426    0.4240   -8566.1758  0.4174 
   01427    0.3932   -8543.2480  0.4077 
   01428    0.4104   -8514.0801  0.4056 
   01429    0.4160   -8549.2803  0.3989 
   01430    0.4132   -8502.4658  0.3987 
   01431    0.4220   -8498.4375  0.4011 
   01432    0.4140   -8471.2383  0.4004 
   01433    0.4080   -8485.7842  0.4044 
   01434    0.4076   -8499.5342  0.4077 
   01435    0.4012   -8491.8115  0.4074 
   01436    0.4112   -8533.4600  0.4084 
   01437    0.4172   -8514.4482  0.4113 
   01438    0.4264   -8566.4150  0.4064 
   01439    0.4096   -8554.2461  0.4043 
   01440    0.3820   -8562.4238  0.3976 
   01441    0.4120   -8539.5039  0.3921 
   01442    0.4068   -8602.7051  0.3886 
   01443    0.4080   -8555.0283  0.3945 
   01444    0.4144   -8560.5684  0.3988 
   01445    0.3904   -8590.6777  0.4029 
   01446    0.4048   -8537.8652  0.4027 
   01447    0.4212   -8539.1084  0.4012 
   01448    0.4076   -8550.8711  0.4034 
   01449    0.4004   -8535.4434  0.3950 
   01450    0.4196   -8552.2402  0.3985 
   01451    0.3892   -8510.7285  0.3995 
   01452    0.4180   -8551.0146  0.3979 
   01453    0.3968   -8524.8115  0.3963 
   01454    0.4132   -8539.1816  0.3972 
   01455    0.4096   -8581.4717  0.3962 
   01456    0.4204   -8545.0859  0.4011 
   01457    0.4012   -8552.0977  0.3984 
   01458    0.4016   -8562.6172  0.3984 
   01459    0.4204   -8534.4287  0.4062 
   01460    0.4148   -8545.3584  0.4038 
   01461    0.3980   -8544.1328  0.4009 
   01462    0.4156   -8558.3076  0.4052 
   01463    0.3984   -8546.1221  0.4059 
   01464    0.4068   -8532.1748  0.3985 
   01465    0.4116   -8561.8945  0.4010 
   01466    0.4216   -8558.9287  0.4005 
   01467    0.4156   -8572.7109  0.4032 
   01468    0.4132   -8583.9473  0.4017 
   01469    0.4000   -8570.4453  0.4030 
   01470    0.4280   -8570.5420  0.4091 
   01471    0.4092   -8568.6797  0.4119 
   01472    0.4060   -8515.8398  0.4129 
   01473    0.4208   -8568.4053  0.4122 
   01474    0.4056   -8563.0645  0.4173 
   01475    0.4260   -8552.4512  0.4237 
   01476    0.4064   -8585.1582  0.4296 
   01477    0.4232   -8551.7197  0.4298 
   01478    0.4028   -8546.7764  0.4304 
   01479    0.4148   -8558.3857  0.4314 
   01480    0.4216   -8528.6777  0.4275 
   01481    0.4108   -8500.0771  0.4269 
   01482    0.4112   -8480.0918  0.4331 
   01483    0.4064   -8495.8662  0.4329 
   01484    0.3964   -8466.8574  0.4381 
   01485    0.4212   -8471.0010  0.4321 
   01486    0.4064   -8445.9102  0.4345 
   01487    0.4272   -8452.1279  0.4309 
   01488    0.4120   -8492.7041  0.4297 
   01489    0.4232   -8546.4902  0.4348 
   01490    0.4104   -8530.1094  0.4337 
   01491    0.4208   -8572.1152  0.4321 
   01492    0.4172   -8597.1387  0.4217 
   01493    0.4132   -8578.5664  0.4247 
   01494    0.4084   -8592.6934  0.4259 
   01495    0.4236   -8555.2588  0.4223 
   01496    0.4168   -8557.2803  0.4178 
   01497    0.4128   -8551.1094  0.4169 
   01498    0.4064   -8521.5615  0.4190 
   01499    0.4088   -8546.1602  0.4244 
   01500    0.4020   -8593.7510  0.4273 
   01501    0.4216   -8564.8496  0.4171 
   01502    0.4080   -8558.4932  0.4093 
   01503    0.4220   -8564.6240  0.4156 
   01504    0.3924   -8555.1729  0.4170 
   01505    0.4012   -8536.6084  0.4179 
   01506    0.4032   -8515.3994  0.4241 
   01507    0.4152   -8521.9463  0.4232 
   01508    0.3920   -8515.6514  0.4274 
   01509    0.4204   -8542.5645  0.4201 
   01510    0.4036   -8537.6758  0.4153 
   01511    0.4104   -8510.2324  0.4097 
   01512    0.3912   -8554.1963  0.4070 
   01513    0.4208   -8616.3330  0.4089 
   01514    0.4068   -8620.3613  0.4050 
   01515    0.3980   -8580.3076  0.4072 
   01516    0.3928   -8577.1836  0.3989 
   01517    0.4236   -8592.5205  0.4022 
   01518    0.4016   -8602.9375  0.4047 
   01519    0.4108   -8561.0098  0.4030 
   01520    0.4072   -8587.1953  0.4110 
   01521    0.3976   -8571.1777  0.4123 
   01522    0.4204   -8546.0752  0.4096 
   01523    0.4188   -8571.7500  0.4149 
   01524    0.4036   -8589.9463  0.4181 
   01525    0.3988   -8599.4209  0.4172 
   01526    0.4100   -8642.5439  0.4172 
   01527    0.4084   -8627.3047  0.4208 
   01528    0.4168   -8594.2373  0.4223 
   01529    0.3984   -8586.0586  0.4165 
   01530    0.4040   -8605.1514  0.4139 
   01531    0.4180   -8603.3867  0.4114 
   01532    0.4204   -8586.2998  0.4127 
   01533    0.4032   -8586.0293  0.4148 
   01534    0.4120   -8513.8584  0.4128 
   01535    0.4068   -8490.0117  0.4122 
   01536    0.4160   -8510.5615  0.4185 
   01537    0.4040   -8522.0840  0.4145 
   01538    0.4220   -8510.7764  0.4257 
   01539    0.3968   -8510.5830  0.4226 
   01540    0.4060   -8524.7285  0.4216 
   01541    0.4016   -8503.8174  0.4233 
   01542    0.4220   -8489.9541  0.4205 
   01543    0.4016   -8516.7500  0.4244 
   01544    0.4132   -8512.1865  0.4224 
   01545    0.4052   -8502.2871  0.4296 
   01546    0.4080   -8522.5762  0.4268 
   01547    0.4116   -8540.5088  0.4275 
   01548    0.4152   -8538.9062  0.4286 
   01549    0.4072   -8515.4229  0.4246 
   01550    0.4100   -8564.7441  0.4308 
   01551    0.4172   -8528.7588  0.4222 
   01552    0.4036   -8524.7441  0.4272 
   01553    0.4144   -8489.8076  0.4279 
   01554    0.4112   -8486.4287  0.4224 
   01555    0.4256   -8453.9199  0.4224 
   01556    0.4212   -8475.2607  0.4269 
   01557    0.4260   -8442.8623  0.4280 
   01558    0.4096   -8496.7578  0.4275 
   01559    0.4056   -8457.3477  0.4214 
   01560    0.4188   -8504.5576  0.4193 
   01561    0.4156   -8503.3232  0.4235 
   01562    0.3920   -8522.2129  0.4270 
   01563    0.3876   -8529.3389  0.4289 
   01564    0.4128   -8513.5879  0.4224 
   01565    0.4000   -8551.3428  0.4309 
   01566    0.4104   -8573.8662  0.4349 
   01567    0.4184   -8563.1260  0.4311 
   01568    0.4048   -8511.2266  0.4294 
   01569    0.4068   -8513.6182  0.4218 
   01570    0.4136   -8511.0391  0.4221 
   01571    0.4032   -8517.4033  0.4190 
   01572    0.4228   -8507.8594  0.4234 
   01573    0.4124   -8523.9736  0.4213 
   01574    0.4108   -8551.9062  0.4207 
   01575    0.3988   -8555.7725  0.4199 
   01576    0.4112   -8529.0498  0.4179 
   01577    0.4120   -8502.5811  0.4208 
   01578    0.4200   -8528.5293  0.4179 
   01579    0.4136   -8540.5967  0.4114 
   01580    0.4132   -8536.3320  0.4159 
   01581    0.4264   -8524.5576  0.4159 
   01582    0.4140   -8547.8574  0.4087 
   01583    0.3936   -8562.3438  0.4083 
   01584    0.4348   -8577.1436  0.4180 
   01585    0.4088   -8572.2510  0.4207 
   01586    0.4160   -8589.6240  0.4280 
   01587    0.4220   -8582.5977  0.4337 
   01588    0.4092   -8551.8096  0.4342 
   01589    0.4028   -8582.6045  0.4353 
   01590    0.4028   -8530.6309  0.4334 
   01591    0.4116   -8536.0293  0.4386 
   01592    0.4088   -8528.6865  0.4327 
   01593    0.3988   -8537.8877  0.4319 
   01594    0.4064   -8552.2490  0.4329 
   01595    0.4168   -8538.2520  0.4362 
   01596    0.4168   -8554.0020  0.4374 
   01597    0.4024   -8565.4219  0.4301 
   01598    0.4052   -8531.1689  0.4262 
   01599    0.4152   -8509.7451  0.4264 
   01600    0.4184   -8525.3672  0.4270 
   01601    0.4148   -8469.1230  0.4272 
   01602    0.4084   -8486.9346  0.4254 
   01603    0.4048   -8505.9170  0.4287 
   01604    0.4156   -8509.0781  0.4335 
   01605    0.4032   -8489.7510  0.4321 
   01606    0.4276   -8492.9443  0.4267 
   01607    0.4108   -8456.7529  0.4257 
   01608    0.4016   -8448.5156  0.4207 
   01609    0.4096   -8539.5840  0.4211 
   01610    0.4056   -8545.5566  0.4164 
   01611    0.3980   -8544.6182  0.4153 
   01612    0.4256   -8564.4658  0.4140 
   01613    0.4080   -8527.9443  0.4191 
   01614    0.4036   -8535.4131  0.4134 
   01615    0.4100   -8509.1689  0.4131 
   01616    0.4024   -8448.2188  0.4108 
   01617    0.4172   -8486.8701  0.4053 
   01618    0.4212   -8494.0127  0.4035 
   01619    0.4248   -8473.0820  0.4017 
   01620    0.4112   -8453.0029  0.4029 
   01621    0.4180   -8511.9102  0.4071 
   01622    0.4168   -8506.9082  0.4087 
   01623    0.3976   -8475.2715  0.4149 
   01624    0.4112   -8474.0293  0.4065 
   01625    0.4144   -8476.3926  0.4047 
   01626    0.4132   -8468.8564  0.4050 
   01627    0.4216   -8476.9141  0.4027 
   01628    0.4152   -8540.2529  0.4092 
   01629    0.4004   -8547.8193  0.4056 
   01630    0.4024   -8552.9590  0.4068 
   01631    0.4052   -8577.3711  0.4093 
   01632    0.4164   -8588.5996  0.4058 
   01633    0.4208   -8578.7266  0.4027 
   01634    0.4144   -8522.2432  0.3998 
   01635    0.4120   -8526.2705  0.4031 
   01636    0.3952   -8545.4326  0.4007 
   01637    0.4140   -8574.4043  0.3992 
   01638    0.4100   -8586.1865  0.3971 
   01639    0.4016   -8619.2217  0.3994 
   01640    0.4080   -8611.9941  0.3970 
   01641    0.4140   -8569.3672  0.3930 
   01642    0.3952   -8570.5078  0.3955 
   01643    0.4040   -8491.0742  0.4011 
   01644    0.4280   -8504.8398  0.4018 
   01645    0.4284   -8530.1025  0.4037 
   01646    0.4160   -8539.2168  0.4033 
   01647    0.4040   -8552.1611  0.4023 
   01648    0.4132   -8602.6240  0.3931 
   01649    0.4092   -8575.4082  0.3955 
   01650    0.4048   -8595.4521  0.3914 
   01651    0.4284   -8602.0195  0.3886 
   01652    0.4192   -8587.5752  0.3935 
   01653    0.4104   -8621.5684  0.3902 
   01654    0.4176   -8597.7354  0.3916 
   01655    0.4188   -8596.3125  0.3898 
   01656    0.4036   -8620.3311  0.3868 
   01657    0.4124   -8573.6650  0.3830 
   01658    0.4152   -8569.9131  0.3853 
   01659    0.4048   -8544.0029  0.3850 
   01660    0.4196   -8555.3701  0.3857 
   01661    0.4228   -8566.7588  0.3853 
   01662    0.4084   -8547.5469  0.3825 
   01663    0.4008   -8548.7539  0.3795 
   01664    0.4164   -8566.5186  0.3821 
   01665    0.4016   -8553.5303  0.3842 
   01666    0.4148   -8597.1387  0.3912 
   01667    0.4028   -8606.6465  0.3866 
   01668    0.4028   -8602.7715  0.3807 
   01669    0.4156   -8600.3730  0.3751 
   01670    0.4224   -8572.4619  0.3757 
   01671    0.4176   -8522.8887  0.3784 
   01672    0.4132   -8553.5713  0.3825 
   01673    0.3952   -8542.0547  0.3831 
   01674    0.4144   -8569.7627  0.3857 
   01675    0.3976   -8534.7930  0.3845 
   01676    0.4172   -8530.0146  0.3915 
   01677    0.4180   -8507.1924  0.3818 
   01678    0.4004   -8543.3262  0.3765 
   01679    0.4152   -8553.4443  0.3814 
   01680    0.4180   -8566.5400  0.3815 
   01681    0.4212   -8554.7715  0.3875 
   01682    0.4128   -8543.3730  0.3903 
   01683    0.4044   -8537.3730  0.3904 
   01684    0.3876   -8592.8066  0.3920 
   01685    0.4032   -8588.2256  0.3825 
   01686    0.3988   -8549.4883  0.3818 
   01687    0.4128   -8538.6777  0.3764 
   01688    0.4240   -8544.0303  0.3746 
   01689    0.4136   -8549.6514  0.3723 
   01690    0.4192   -8526.7129  0.3691 
   01691    0.4140   -8470.3838  0.3715 
   01692    0.4124   -8476.9121  0.3704 
   01693    0.4048   -8497.7197  0.3722 
   01694    0.3956   -8514.1514  0.3749 
   01695    0.4036   -8519.1211  0.3709 
   01696    0.3972   -8519.1396  0.3718 
   01697    0.4152   -8481.7188  0.3741 
   01698    0.3896   -8478.9873  0.3780 
   01699    0.4172   -8482.8174  0.3762 
   01700    0.4220   -8507.4863  0.3825 
   01701    0.4016   -8510.9561  0.3806 
   01702    0.3924   -8551.1768  0.3790 
   01703    0.4012   -8524.8516  0.3794 
   01704    0.3976   -8558.4199  0.3798 
   01705    0.4084   -8519.5596  0.3807 
   01706    0.4164   -8497.0996  0.3771 
   01707    0.4172   -8501.2002  0.3797 
   01708    0.4120   -8538.9258  0.3816 
   01709    0.3988   -8571.2783  0.3754 
   01710    0.3860   -8540.9111  0.3757 
   01711    0.4200   -8545.5518  0.3749 
   01712    0.4032   -8484.9121  0.3710 
   01713    0.4048   -8497.9678  0.3678 
   01714    0.4204   -8522.7188  0.3666 
   01715    0.3792   -8550.5488  0.3677 
   01716    0.4044   -8565.1104  0.3696 
   01717    0.4188   -8579.6553  0.3703 
   01718    0.3996   -8543.3604  0.3691 
   01719    0.4208   -8558.0869  0.3706 
   01720    0.4096   -8591.5508  0.3657 
   01721    0.4172   -8615.5117  0.3633 
   01722    0.4084   -8583.1436  0.3628 
   01723    0.3992   -8543.2959  0.3651 
   01724    0.3984   -8511.8701  0.3618 
   01725    0.4088   -8527.8203  0.3638 
   01726    0.3932   -8583.8057  0.3611 
   01727    0.4248   -8591.1426  0.3661 
   01728    0.4176   -8546.9893  0.3749 
   01729    0.4232   -8521.1240  0.3713 
   01730    0.4284   -8548.9268  0.3682 
   01731    0.4092   -8541.8662  0.3729 
   01732    0.3980   -8526.4443  0.3828 
   01733    0.4108   -8562.3994  0.3831 
   01734    0.4084   -8528.4277  0.3884 
   01735    0.4148   -8532.0771  0.3877 
   01736    0.4292   -8519.1650  0.3861 
   01737    0.4144   -8535.3535  0.3865 
   01738    0.4272   -8566.0713  0.3828 
   01739    0.4004   -8553.2236  0.3936 
   01740    0.4044   -8600.3652  0.4024 
   01741    0.3976   -8535.7861  0.4038 
   01742    0.4072   -8553.2891  0.4046 
   01743    0.4116   -8575.3398  0.4116 
   01744    0.4028   -8529.5479  0.4109 
   01745    0.4232   -8499.9307  0.4140 
   01746    0.4012   -8549.8213  0.4155 
   01747    0.3992   -8602.1270  0.4238 
   01748    0.4144   -8593.2773  0.4149 
   01749    0.4104   -8594.5508  0.4126 
   01750    0.3976   -8616.9766  0.4131 
   01751    0.3912   -8588.3604  0.4113 
   01752    0.4008   -8621.8848  0.4146 
   01753    0.4028   -8624.5654  0.4156 
   01754    0.4172   -8625.9307  0.4217 
   01755    0.3984   -8612.4961  0.4263 
   01756    0.4328   -8607.8613  0.4282 
   01757    0.4040   -8594.9277  0.4318 
   01758    0.4044   -8610.2314  0.4300 
   01759    0.4260   -8553.0068  0.4331 
   01760    0.4204   -8496.4443  0.4271 
   01761    0.4128   -8522.5098  0.4301 
   01762    0.3964   -8525.7910  0.4298 
   01763    0.3960   -8567.5088  0.4312 
   01764    0.4184   -8554.5391  0.4324 
   01765    0.4096   -8534.6494  0.4408 
   01766    0.3952   -8496.6338  0.4426 
   01767    0.4104   -8516.4951  0.4454 
   01768    0.3932   -8519.6338  0.4470 
   01769    0.4096   -8528.9727  0.4442 
   01770    0.4100   -8542.5381  0.4449 
   01771    0.4140   -8579.7227  0.4481 
   01772    0.4028   -8569.0986  0.4420 
   01773    0.4196   -8577.7256  0.4394 
   01774    0.4128   -8557.7627  0.4388 
   01775    0.4212   -8600.9287  0.4414 
   01776    0.4052   -8561.1709  0.4408 
   01777    0.4172   -8547.5811  0.4404 
   01778    0.3984   -8568.4980  0.4395 
   01779    0.3908   -8543.9492  0.4389 
   01780    0.4080   -8553.3672  0.4439 
   01781    0.4196   -8561.1123  0.4471 
   01782    0.3992   -8562.3438  0.4402 
   01783    0.4132   -8602.9004  0.4474 
   01784    0.4004   -8579.3770  0.4478 
   01785    0.4160   -8549.9863  0.4484 
   01786    0.4188   -8524.5186  0.4519 
   01787    0.4140   -8547.1621  0.4490 
   01788    0.4256   -8529.5029  0.4363 
   01789    0.4136   -8492.7627  0.4380 
   01790    0.4012   -8507.8477  0.4346 
   01791    0.4076   -8517.8398  0.4335 
   01792    0.3908   -8545.4473  0.4246 
   01793    0.4124   -8532.0742  0.4206 
   01794    0.4208   -8534.4551  0.4130 
   01795    0.4104   -8510.7129  0.4097 
   01796    0.4216   -8512.2979  0.4122 
   01797    0.4084   -8519.4248  0.4072 
   01798    0.4124   -8528.5693  0.4115 
   01799    0.4104   -8539.4717  0.4059 
   01800    0.4216   -8597.0156  0.4105 
   01801    0.4112   -8593.3926  0.4102 
   01802    0.4064   -8546.8457  0.4100 
   01803    0.4076   -8575.7041  0.4099 
   01804    0.4104   -8569.2637  0.4121 
   01805    0.3852   -8562.9932  0.4123 
   01806    0.4084   -8544.2529  0.4100 
   01807    0.4072   -8558.0391  0.4110 
   01808    0.4004   -8572.1533  0.4202 
   01809    0.4168   -8616.6719  0.4172 
   01810    0.4092   -8622.2949  0.4137 
   01811    0.4116   -8550.3301  0.4114 
   01812    0.4148   -8517.6064  0.4153 
   01813    0.4156   -8526.9961  0.4133 
   01814    0.4196   -8552.2520  0.4160 
   01815    0.4124   -8531.8574  0.4199 
   01816    0.4092   -8493.8242  0.4247 
   01817    0.4088   -8441.2275  0.4220 
   01818    0.4208   -8485.4932  0.4217 
   01819    0.4284   -8489.4395  0.4159 
   01820    0.4028   -8500.6064  0.4197 
   01821    0.3956   -8492.8633  0.4243 
   01822    0.4156   -8500.4424  0.4221 
   01823    0.4000   -8527.4883  0.4201 
   01824    0.4036   -8532.1074  0.4142 
   01825    0.4124   -8499.2090  0.4191 
   01826    0.4104   -8512.9619  0.4184 
   01827    0.4320   -8528.9238  0.4150 
   01828    0.4016   -8528.1875  0.4129 
   01829    0.4260   -8473.3740  0.4169 
   01830    0.4264   -8431.8027  0.4137 
   01831    0.4140   -8465.1699  0.4061 
   01832    0.4180   -8459.6367  0.4074 
   01833    0.4080   -8463.2480  0.4119 
   01834    0.4036   -8438.3643  0.4063 
   01835    0.4140   -8458.1826  0.4044 
   01836    0.3996   -8486.9492  0.4018 
   01837    0.3936   -8471.3887  0.4031 
   01838    0.4028   -8520.0381  0.4076 
   01839    0.4088   -8499.0928  0.4127 
   01840    0.4252   -8504.7314  0.4197 
   01841    0.4008   -8531.8018  0.4131 
   01842    0.4000   -8541.1553  0.4131 
   01843    0.4052   -8507.7314  0.4119 
   01844    0.4084   -8464.0039  0.4157 
   01845    0.4136   -8475.6270  0.4096 
   01846    0.4208   -8444.0674  0.4027 
   01847    0.4044   -8468.3662  0.4071 
   01848    0.4184   -8521.7109  0.4091 
   01849    0.3968   -8508.1611  0.4078 
   01850    0.4132   -8557.7412  0.4087 
   01851    0.4276   -8545.3555  0.4126 
   01852    0.4180   -8548.9395  0.4125 
   01853    0.3844   -8505.3301  0.4156 
   01854    0.4228   -8489.8633  0.4118 
   01855    0.3984   -8489.7979  0.4164 
   01856    0.4108   -8486.6104  0.4141 
   01857    0.4060   -8503.9600  0.4139 
   01858    0.4240   -8494.2305  0.4122 
   01859    0.4016   -8476.9688  0.4084 
   01860    0.4032   -8496.9219  0.4153 
   01861    0.4140   -8521.8623  0.4195 
   01862    0.4128   -8568.2188  0.4155 
   01863    0.4340   -8541.8779  0.4178 
   01864    0.4164   -8537.1650  0.4177 
   01865    0.4072   -8495.4805  0.4161 
   01866    0.3896   -8493.5381  0.4131 
   01867    0.4084   -8442.2627  0.4125 
   01868    0.4188   -8492.2969  0.4099 
   01869    0.4112   -8509.7520  0.4161 
   01870    0.4316   -8536.0029  0.4184 
   01871    0.3992   -8545.9844  0.4239 
   01872    0.4176   -8544.2754  0.4298 
   01873    0.4104   -8543.6113  0.4321 
   01874    0.4244   -8539.6572  0.4334 
   01875    0.4244   -8519.5176  0.4308 
   01876    0.4124   -8523.4688  0.4334 
   01877    0.4148   -8552.8232  0.4254 
   01878    0.4172   -8546.8721  0.4315 
   01879    0.4132   -8523.1455  0.4342 
   01880    0.4312   -8502.3174  0.4300 
   01881    0.4256   -8528.6260  0.4427 
   01882    0.3996   -8585.9736  0.4403 
   01883    0.4216   -8581.5107  0.4402 
   01884    0.4292   -8596.4023  0.4353 
   01885    0.3968   -8590.5898  0.4344 
   01886    0.3964   -8602.5723  0.4346 
   01887    0.4092   -8593.3887  0.4310 
   01888    0.3984   -8558.9150  0.4347 
   01889    0.4256   -8523.0117  0.4356 
   01890    0.4264   -8455.1963  0.4368 
   01891    0.4208   -8424.6455  0.4333 
   01892    0.4168   -8471.4053  0.4254 
   01893    0.4044   -8511.0400  0.4189 
   01894    0.3968   -8549.4971  0.4142 
   01895    0.4220   -8568.7012  0.4170 
   01896    0.4024   -8550.3018  0.4169 
   01897    0.3992   -8580.8281  0.4181 
   01898    0.4040   -8584.2607  0.4164 
   01899    0.4056   -8566.7021  0.4233 
   01900    0.4104   -8557.3037  0.4258 
   01901    0.4104   -8558.9717  0.4286 
   01902    0.4120   -8549.2842  0.4291 
   01903    0.4104   -8534.5498  0.4368 
   01904    0.4228   -8490.3809  0.4386 
   01905    0.4100   -8524.8867  0.4419 
   01906    0.4028   -8547.9844  0.4425 
   01907    0.4184   -8590.2021  0.4438 
   01908    0.3996   -8580.9893  0.4379 
   01909    0.4108   -8598.6758  0.4359 
   01910    0.3976   -8559.9746  0.4317 
   01911    0.4020   -8527.7139  0.4367 
   01912    0.4044   -8553.4238  0.4370 
   01913    0.4160   -8550.9229  0.4362 
   01914    0.4076   -8552.0518  0.4425 
   01915    0.4160   -8581.9297  0.4472 
   01916    0.4076   -8565.3125  0.4451 
   01917    0.4016   -8587.1924  0.4405 
   01918    0.4140   -8522.5166  0.4440 
   01919    0.4108   -8518.8750  0.4471 
   01920    0.4132   -8518.5312  0.4442 
   01921    0.4028   -8511.4268  0.4466 
   01922    0.4012   -8516.7021  0.4468 
   01923    0.3944   -8497.2881  0.4493 
   01924    0.3904   -8495.7393  0.4415 
   01925    0.4096   -8533.5244  0.4372 
   01926    0.4328   -8524.9277  0.4375 
   01927    0.4084   -8529.7637  0.4403 
   01928    0.4144   -8499.1318  0.4381 
   01929    0.4032   -8511.1006  0.4316 
   01930    0.4136   -8504.8184  0.4327 
   01931    0.4176   -8534.4512  0.4343 
   01932    0.4060   -8541.1543  0.4349 
   01933    0.4196   -8522.7178  0.4422 
   01934    0.4108   -8519.7285  0.4411 
   01935    0.4060   -8516.5098  0.4397 
   01936    0.4296   -8572.0342  0.4382 
   01937    0.3944   -8566.1758  0.4346 
   01938    0.4176   -8592.6035  0.4336 
   01939    0.3988   -8576.1553  0.4300 
   01940    0.3980   -8536.3887  0.4294 
   01941    0.4072   -8534.9053  0.4282 
   01942    0.4260   -8504.7725  0.4272 
   01943    0.4216   -8532.4551  0.4262 
   01944    0.4144   -8523.4766  0.4291 
   01945    0.4044   -8556.2656  0.4314 
   01946    0.4080   -8501.6465  0.4307 
   01947    0.4084   -8512.8857  0.4290 
   01948    0.4028   -8476.4219  0.4235 
   01949    0.4120   -8508.0273  0.4252 
   01950    0.4136   -8514.8193  0.4305 
   01951    0.4172   -8532.7588  0.4370 
   01952    0.4024   -8521.6748  0.4345 
   01953    0.4128   -8547.6338  0.4379 
   01954    0.3932   -8507.6895  0.4334 
   01955    0.4028   -8524.4395  0.4334 
   01956    0.3984   -8540.8877  0.4373 
   01957    0.4132   -8540.8096  0.4336 
   01958    0.3896   -8539.7412  0.4343 
   01959    0.4244   -8517.9463  0.4341 
   01960    0.4040   -8569.9453  0.4343 
   01961    0.4112   -8548.6094  0.4339 
   01962    0.4132   -8580.6191  0.4390 
   01963    0.4120   -8559.6992  0.4344 
   01964    0.4076   -8522.6572  0.4339 
   01965    0.4152   -8553.6797  0.4312 
   01966    0.4144   -8560.0410  0.4302 
   01967    0.4104   -8570.0293  0.4399 
   01968    0.4148   -8594.2061  0.4380 
   01969    0.3940   -8547.2383  0.4391 
   01970    0.4028   -8548.5264  0.4313 
   01971    0.4100   -8567.3965  0.4315 
   01972    0.4060   -8571.2998  0.4257 
   01973    0.4164   -8574.4980  0.4256 
   01974    0.4036   -8584.2168  0.4238 
   01975    0.4052   -8614.1123  0.4340 
   01976    0.3948   -8598.4346  0.4336 
   01977    0.4168   -8614.9375  0.4295 
   01978    0.4064   -8621.5264  0.4323 
   01979    0.3804   -8587.1562  0.4269 
   01980    0.4220   -8587.6260  0.4219 
   01981    0.4180   -8616.0879  0.4249 
   01982    0.4024   -8560.4004  0.4247 
   01983    0.4276   -8548.5801  0.4231 
   01984    0.4200   -8521.9922  0.4294 
   01985    0.4088   -8539.0176  0.4304 
   01986    0.4004   -8544.6094  0.4369 
   01987    0.4064   -8556.0010  0.4471 
   01988    0.4272   -8578.7852  0.4448 
   01989    0.4080   -8553.2783  0.4484 
   01990    0.4208   -8540.2656  0.4512 
   01991    0.4052   -8548.8340  0.4535 
   01992    0.4092   -8525.8564  0.4530 
   01993    0.4232   -8580.9170  0.4466 
   01994    0.4084   -8609.4834  0.4531 
   01995    0.4032   -8608.2061  0.4501 
   01996    0.4044   -8629.4053  0.4474 
   01997    0.4148   -8568.1338  0.4411 
   01998    0.4216   -8559.5586  0.4304 
   01999    0.4268   -8524.6777  0.4289 
   02000    0.4076   -8499.6719  0.4312 
   02001    0.4164   -8547.5049  0.4414 
   02002    0.3980   -8536.7998  0.4346 
   02003    0.3936   -8561.2080  0.4353 
   02004    0.4240   -8526.6826  0.4383 
   02005    0.4260   -8555.3057  0.4418 
   02006    0.4004   -8590.7822  0.4403 
   02007    0.4048   -8589.4512  0.4401 
   02008    0.4048   -8574.9102  0.4328 
   02009    0.4284   -8553.1387  0.4261 
   02010    0.4000   -8572.7578  0.4290 
   02011    0.3812   -8566.7598  0.4317 
   02012    0.3964   -8550.4609  0.4353 
   02013    0.4068   -8595.2969  0.4455 
   02014    0.3988   -8616.0156  0.4400 
   02015    0.4300   -8575.7510  0.4347 
   02016    0.4136   -8539.6113  0.4376 
   02017    0.4028   -8590.7158  0.4371 
   02018    0.3972   -8544.1064  0.4278 
   02019    0.4012   -8551.4033  0.4292 
   02020    0.4176   -8545.5918  0.4285 
   02021    0.4144   -8519.6777  0.4274 
   02022    0.4040   -8549.2275  0.4273 
   02023    0.4168   -8560.4365  0.4235 
   02024    0.3960   -8581.4795  0.4334 
   02025    0.3988   -8554.0137  0.4362 
   02026    0.4124   -8541.4336  0.4321 
   02027    0.3884   -8547.0391  0.4363 
   02028    0.4208   -8527.9326  0.4348 
   02029    0.4268   -8573.5986  0.4330 
   02030    0.4128   -8557.4551  0.4365 
   02031    0.4100   -8529.3594  0.4354 
   02032    0.4172   -8545.2080  0.4322 
   02033    0.4068   -8519.8896  0.4271 
   02034    0.4364   -8507.7949  0.4256 
   02035    0.4136   -8509.1396  0.4230 
   02036    0.4044   -8511.4912  0.4217 
   02037    0.4164   -8490.4971  0.4195 
   02038    0.4156   -8494.5576  0.4124 
   02039    0.4056   -8500.5820  0.4092 
   02040    0.4144   -8503.6475  0.4053 
   02041    0.4248   -8533.4727  0.4048 
   02042    0.4208   -8517.6318  0.4052 
   02043    0.4184   -8531.5908  0.3999 
   02044    0.3976   -8497.4023  0.4084 
   02045    0.4116   -8477.7939  0.4161 
   02046    0.4056   -8500.1133  0.4188 
   02047    0.4016   -8511.8096  0.4152 
   02048    0.4272   -8549.9131  0.4157 
   02049    0.4268   -8560.7334  0.4195 
   02050    0.4052   -8542.7510  0.4164 
   02051    0.3920   -8560.2803  0.4167 
   02052    0.4144   -8557.7900  0.4160 
   02053    0.4132   -8557.3789  0.4130 
   02054    0.4332   -8513.9805  0.4151 
   02055    0.4092   -8581.1172  0.4198 
   02056    0.4300   -8546.3789  0.4208 
   02057    0.4064   -8581.0479  0.4150 
   02058    0.4280   -8530.1260  0.4156 
   02059    0.4296   -8537.6211  0.4160 
   02060    0.3980   -8538.7051  0.4266 
   02061    0.4124   -8544.0205  0.4246 
   02062    0.4228   -8540.6357  0.4266 
   02063    0.4032   -8562.9648  0.4321 
   02064    0.4112   -8547.5420  0.4339 
   02065    0.4184   -8565.6328  0.4276 
   02066    0.4072   -8536.8096  0.4251 
   02067    0.4072   -8541.3164  0.4311 
   02068    0.4148   -8561.5430  0.4364 
   02069    0.4172   -8570.4395  0.4447 
   02070    0.4164   -8558.4629  0.4461 
   02071    0.4136   -8542.4746  0.4430 
   02072    0.4024   -8543.4209  0.4329 
   02073    0.4212   -8523.2607  0.4202 
   02074    0.4060   -8589.5928  0.4220 
   02075    0.4064   -8523.3701  0.4211 
   02076    0.4096   -8492.8271  0.4232 
   02077    0.3980   -8537.1816  0.4280 
   02078    0.3880   -8565.7939  0.4275 
   02079    0.3996   -8517.9307  0.4352 
   02080    0.3948   -8552.3877  0.4336 
   02081    0.4148   -8564.0762  0.4337 
   02082    0.4084   -8572.9902  0.4257 
   02083    0.4148   -8549.3145  0.4243 
   02084    0.4192   -8583.8506  0.4264 
   02085    0.4272   -8574.1641  0.4226 
   02086    0.4100   -8586.7275  0.4193 
   02087    0.4004   -8563.8057  0.4214 
   02088    0.4120   -8528.6816  0.4194 
   02089    0.3964   -8499.3467  0.4153 
   02090    0.4048   -8536.3682  0.4061 
   02091    0.4100   -8499.4150  0.4029 
   02092    0.4088   -8493.0273  0.4059 
   02093    0.4312   -8479.8916  0.4124 
   02094    0.4144   -8485.4873  0.4100 
   02095    0.3948   -8502.3662  0.4136 
   02096    0.4028   -8461.6719  0.4109 
   02097    0.4164   -8485.8301  0.4138 
   02098    0.4164   -8455.5693  0.4103 
   02099    0.4244   -8455.7334  0.4096 
   02100    0.4176   -8471.1338  0.4108 
   02101    0.4184   -8460.2773  0.4098 
   02102    0.4084   -8459.1260  0.4085 
   02103    0.4196   -8531.0459  0.4142 
   02104    0.3964   -8534.0801  0.4159 
   02105    0.4104   -8514.8867  0.4246 
   02106    0.4112   -8532.4746  0.4225 
   02107    0.3948   -8546.4941  0.4183 
   02108    0.4012   -8551.0303  0.4138 
   02109    0.4004   -8505.6123  0.4149 
   02110    0.4104   -8547.2451  0.4111 
   02111    0.4020   -8599.5254  0.4221 
   02112    0.3820   -8579.6475  0.4171 
   02113    0.4112   -8546.1396  0.4179 
   02114    0.3896   -8572.2148  0.4130 
   02115    0.3988   -8572.8613  0.4088 
   02116    0.3868   -8573.8574  0.4030 
   02117    0.3920   -8566.7979  0.3983 
   02118    0.4004   -8569.7812  0.3942 
   02119    0.4064   -8558.2598  0.3908 
   02120    0.4000   -8545.9463  0.3999 
   02121    0.4144   -8540.4316  0.3978 
   02122    0.4132   -8570.9307  0.4025 
   02123    0.4100   -8570.3926  0.4032 
   02124    0.3980   -8545.3633  0.4013 
   02125    0.4240   -8512.9072  0.4008 
   02126    0.3884   -8538.9766  0.3960 
   02127    0.4124   -8513.6631  0.3954 
   02128    0.3984   -8515.7305  0.3977 
   02129    0.4184   -8487.7051  0.3874 
   02130    0.3964   -8478.4727  0.3883 
   02131    0.4136   -8535.4248  0.3887 
   02132    0.4236   -8582.5176  0.3867 
   02133    0.4036   -8561.7051  0.3831 
   02134    0.4116   -8556.9082  0.3798 
   02135    0.3948   -8562.4736  0.3820 
   02136    0.3968   -8555.9189  0.3774 
   02137    0.4276   -8575.4482  0.3813 
   02138    0.4040   -8537.4043  0.3831 
   02139    0.3904   -8522.3311  0.3863 
   02140    0.4220   -8576.6709  0.3831 
   02141    0.4080   -8528.2646  0.3771 
   02142    0.4272   -8563.0850  0.3800 
   02143    0.4140   -8619.4277  0.3793 
   02144    0.3808   -8578.9023  0.3827 
   02145    0.4064   -8573.7061  0.3849 
   02146    0.4196   -8568.4131  0.3785 
   02147    0.4152   -8604.4043  0.3807 
   02148    0.4228   -8585.1504  0.3826 
   02149    0.4156   -8567.8047  0.3797 
   02150    0.4060   -8565.1465  0.3816 
   02151    0.3980   -8544.0430  0.3790 
   02152    0.4232   -8505.9580  0.3737 
   02153    0.4172   -8489.4902  0.3768 
   02154    0.4108   -8518.1230  0.3776 
   02155    0.3940   -8496.0654  0.3767 
   02156    0.4184   -8550.5186  0.3735 
   02157    0.4192   -8550.9492  0.3756 
   02158    0.4096   -8529.4736  0.3732 
   02159    0.4172   -8533.2881  0.3639 
   02160    0.4004   -8532.4062  0.3617 
   02161    0.4132   -8544.9365  0.3628 
   02162    0.4040   -8561.3594  0.3544 
   02163    0.3952   -8526.6963  0.3441 
   02164    0.4112   -8546.1338  0.3434 
   02165    0.4040   -8550.0303  0.3467 
   02166    0.4028   -8549.9072  0.3480 
   02167    0.4036   -8522.7646  0.3458 
   02168    0.3908   -8547.4238  0.3446 
   02169    0.4080   -8534.1943  0.3450 
   02170    0.3936   -8541.0938  0.3451 
   02171    0.3928   -8557.8623  0.3423 
   02172    0.4304   -8530.7148  0.3393 
   02173    0.4168   -8515.6436  0.3356 
   02174    0.4076   -8528.1211  0.3364 
   02175    0.4280   -8527.9375  0.3371 
   02176    0.4124   -8531.2285  0.3346 
   02177    0.4164   -8501.2588  0.3322 
   02178    0.4088   -8521.3242  0.3291 
   02179    0.4128   -8539.1465  0.3269 
   02180    0.3956   -8526.7500  0.3274 
   02181    0.4284   -8530.6904  0.3277 
   02182    0.4080   -8510.8076  0.3286 
   02183    0.4184   -8543.2969  0.3311 
   02184    0.4180   -8535.4902  0.3305 
   02185    0.3940   -8538.9707  0.3319 
   02186    0.4296   -8536.8691  0.3298 
   02187    0.4048   -8512.7393  0.3244 
   02188    0.4080   -8509.2578  0.3281 
   02189    0.4064   -8564.1328  0.3311 
   02190    0.4356   -8583.7178  0.3319 
   02191    0.4228   -8601.1748  0.3243 
   02192    0.4132   -8616.4668  0.3213 
   02193    0.4048   -8567.3428  0.3214 
   02194    0.4208   -8577.6777  0.3230 
   02195    0.4040   -8545.0195  0.3273 
   02196    0.4084   -8538.8877  0.3298 
   02197    0.4060   -8538.0576  0.3287 
   02198    0.4156   -8507.6504  0.3277 
   02199    0.4152   -8503.8320  0.3280 
   02200    0.4372   -8535.6572  0.3243 
   02201    0.4304   -8527.6035  0.3279 
   02202    0.4212   -8556.9844  0.3255 
   02203    0.4024   -8528.3242  0.3189 
   02204    0.4116   -8523.5898  0.3218 
   02205    0.4088   -8530.8027  0.3209 
   02206    0.4172   -8499.3789  0.3191 
   02207    0.4156   -8501.1455  0.3198 
   02208    0.4096   -8490.8086  0.3223 
   02209    0.4060   -8506.9189  0.3224 
   02210    0.4288   -8466.7012  0.3190 
   02211    0.4064   -8504.1895  0.3201 
   02212    0.4068   -8462.5186  0.3216 
   02213    0.4144   -8543.1279  0.3264 
   02214    0.4208   -8533.0205  0.3244 
   02215    0.4064   -8503.1631  0.3251 
   02216    0.4072   -8524.4434  0.3246 
   02217    0.4232   -8551.3184  0.3315 
   02218    0.3872   -8548.2529  0.3284 
   02219    0.4316   -8551.2793  0.3371 
   02220    0.3956   -8522.7500  0.3364 
   02221    0.4044   -8549.0488  0.3359 
   02222    0.4216   -8531.5928  0.3414 
   02223    0.4108   -8510.5391  0.3411 
   02224    0.4116   -8518.6680  0.3407 
   02225    0.4104   -8493.5928  0.3388 
   02226    0.4020   -8462.8467  0.3431 
   02227    0.4172   -8480.2920  0.3520 
   02228    0.4288   -8528.4561  0.3464 
   02229    0.4120   -8510.0791  0.3483 
   02230    0.4128   -8493.8184  0.3539 
   02231    0.4064   -8481.0352  0.3559 
   02232    0.4148   -8484.8926  0.3579 
   02233    0.4140   -8474.3740  0.3606 
   02234    0.4020   -8485.5957  0.3580 
   02235    0.4168   -8525.7861  0.3559 
   02236    0.4256   -8522.6787  0.3540 
   02237    0.4096   -8529.4131  0.3608 
   02238    0.3996   -8493.9990  0.3604 
   02239    0.4108   -8512.0752  0.3611 
   02240    0.4220   -8504.0537  0.3587 
   02241    0.4124   -8503.3037  0.3577 
   02242    0.4016   -8502.8818  0.3587 
   02243    0.4000   -8484.8691  0.3629 
   02244    0.4108   -8506.7783  0.3651 
   02245    0.4104   -8477.5615  0.3631 
   02246    0.4200   -8471.7061  0.3583 
   02247    0.4224   -8473.6035  0.3543 
   02248    0.4092   -8472.0703  0.3524 
   02249    0.4104   -8508.5254  0.3563 
   02250    0.4084   -8512.9717  0.3549 
   02251    0.4140   -8524.3398  0.3521 
   02252    0.4040   -8511.8506  0.3491 
   02253    0.4172   -8536.3555  0.3528 
   02254    0.3896   -8547.0459  0.3502 
   02255    0.4120   -8533.9268  0.3552 
   02256    0.4188   -8559.5488  0.3502 
   02257    0.4108   -8522.8242  0.3489 
   02258    0.4108   -8492.4707  0.3509 
   02259    0.4180   -8475.0850  0.3580 
   02260    0.4232   -8453.1289  0.3547 
   02261    0.4180   -8489.7559  0.3530 
   02262    0.3944   -8487.8506  0.3563 
   02263    0.4136   -8498.9209  0.3550 
   02264    0.4204   -8524.0508  0.3559 
   02265    0.4140   -8528.2266  0.3523 
   02266    0.4132   -8584.6738  0.3529 
   02267    0.4108   -8534.2461  0.3512 
   02268    0.4020   -8524.6172  0.3569 
   02269    0.4180   -8493.9482  0.3516 
   02270    0.4084   -8504.6963  0.3574 
   02271    0.4108   -8490.6035  0.3529 
   02272    0.4180   -8480.2178  0.3524 
   02273    0.3920   -8529.9951  0.3534 
   02274    0.4044   -8525.4238  0.3559 
   02275    0.4260   -8547.4062  0.3634 
   02276    0.4076   -8581.9785  0.3639 
   02277    0.4132   -8560.7705  0.3693 
   02278    0.4088   -8579.3916  0.3716 
   02279    0.3984   -8627.4492  0.3684 
   02280    0.4028   -8645.6934  0.3683 
   02281    0.3996   -8633.9590  0.3700 
   02282    0.4216   -8662.7021  0.3670 
   02283    0.4044   -8646.4326  0.3653 
   02284    0.3956   -8596.1006  0.3634 
   02285    0.4104   -8586.4795  0.3630 
   02286    0.4188   -8560.8789  0.3580 
   02287    0.4112   -8512.9268  0.3585 
   02288    0.4084   -8490.1865  0.3561 
   02289    0.4076   -8532.2207  0.3633 
   02290    0.4140   -8544.2383  0.3607 
   02291    0.4068   -8527.4453  0.3595 
   02292    0.4116   -8511.7266  0.3594 
   02293    0.4136   -8517.2266  0.3618 
   02294    0.3932   -8517.6455  0.3647 
   02295    0.4136   -8475.2041  0.3681 
   02296    0.4076   -8478.0371  0.3671 
   02297    0.4180   -8511.6768  0.3689 
   02298    0.4096   -8504.0947  0.3615 
   02299    0.4036   -8518.7529  0.3610 
   02300    0.4076   -8540.2295  0.3509 
   02301    0.4104   -8511.9805  0.3581 
   02302    0.4172   -8494.0186  0.3561 
   02303    0.4072   -8543.5723  0.3623 
   02304    0.3956   -8576.9873  0.3666 
   02305    0.3968   -8561.4512  0.3737 
   02306    0.4232   -8540.3398  0.3757 
   02307    0.4068   -8510.7705  0.3807 
   02308    0.4044   -8499.7969  0.3753 
   02309    0.4236   -8479.7363  0.3809 
   02310    0.3936   -8486.1465  0.3779 
   02311    0.4064   -8539.7383  0.3782 
   02312    0.3968   -8557.3018  0.3768 
   02313    0.4100   -8574.9385  0.3825 
   02314    0.4068   -8604.6543  0.3881 
   02315    0.4148   -8579.5830  0.3936 
   02316    0.4176   -8588.2939  0.3910 
   02317    0.4152   -8577.6357  0.3863 
   02318    0.3996   -8614.1846  0.3849 
   02319    0.4112   -8578.2158  0.3815 
   02320    0.4120   -8596.1699  0.3798 
   02321    0.4080   -8556.8330  0.3794 
   02322    0.4104   -8583.8281  0.3804 
   02323    0.4180   -8544.6270  0.3845 
   02324    0.4084   -8548.9521  0.3860 
   02325    0.4028   -8574.6885  0.3872 
   02326    0.4096   -8546.0977  0.3886 
   02327    0.4232   -8512.8691  0.3972 
   02328    0.4032   -8497.5859  0.3960 
   02329    0.4020   -8568.3359  0.3914 
   02330    0.4196   -8573.4746  0.3897 
   02331    0.4060   -8562.3467  0.3881 
   02332    0.4208   -8516.8701  0.3891 
   02333    0.4036   -8526.2549  0.3888 
   02334    0.3988   -8531.7178  0.3892 
   02335    0.4008   -8588.0566  0.3897 
   02336    0.4068   -8569.2627  0.3923 
   02337    0.4020   -8554.8281  0.3855 
   02338    0.4000   -8562.3447  0.3778 
   02339    0.3912   -8520.6426  0.3758 
   02340    0.4136   -8563.9453  0.3762 
   02341    0.4120   -8566.9414  0.3745 
   02342    0.4088   -8568.8223  0.3710 
   02343    0.4112   -8574.5156  0.3712 
   02344    0.4372   -8578.4600  0.3709 
   02345    0.3864   -8535.4746  0.3765 
   02346    0.4120   -8494.8750  0.3797 
   02347    0.4044   -8490.5146  0.3796 
   02348    0.4128   -8487.5625  0.3807 
   02349    0.4152   -8462.0127  0.3845 
   02350    0.4172   -8487.0400  0.3835 
   02351    0.3964   -8506.6387  0.3833 
   02352    0.4056   -8489.9756  0.3857 
   02353    0.3916   -8519.3271  0.3882 
   02354    0.4124   -8570.9023  0.3882 
   02355    0.4124   -8574.0996  0.3813 
   02356    0.4020   -8568.1396  0.3878 
   02357    0.4152   -8516.7021  0.3910 
   02358    0.4160   -8480.6611  0.3897 
   02359    0.4092   -8458.7227  0.3940 
   02360    0.4124   -8453.3750  0.3949 
   02361    0.4336   -8459.8887  0.3916 
   02362    0.4168   -8488.2715  0.3912 
   02363    0.4132   -8501.2637  0.4004 
   02364    0.4240   -8505.0654  0.3994 
   02365    0.3900   -8451.4521  0.3966 
   02366    0.4164   -8477.4258  0.3989 
   02367    0.4064   -8487.5244  0.4003 
   02368    0.4000   -8516.1318  0.4089 
   02369    0.4112   -8557.0957  0.4077 
   02370    0.4220   -8568.4033  0.4097 
   02371    0.3960   -8588.4492  0.4147 
   02372    0.4156   -8540.7061  0.4181 
   02373    0.4024   -8534.4209  0.4181 
   02374    0.4172   -8538.4678  0.4166 
   02375    0.4136   -8575.0850  0.4210 
   02376    0.4208   -8559.2236  0.4267 
   02377    0.4044   -8590.8281  0.4297 
   02378    0.4128   -8530.7598  0.4403 
   02379    0.3916   -8488.5166  0.4361 
   02380    0.4136   -8537.7314  0.4361 
   02381    0.3912   -8511.9707  0.4433 
   02382    0.4096   -8529.2803  0.4405 
   02383    0.4108   -8544.0635  0.4388 
   02384    0.4056   -8581.1855  0.4373 
   02385    0.4208   -8551.8047  0.4510 
   02386    0.4228   -8526.7100  0.4528 
   02387    0.4080   -8511.4502  0.4471 
   02388    0.4156   -8572.3691  0.4507 
   02389    0.4280   -8578.0410  0.4442 
   02390    0.4016   -8534.3828  0.4420 
   02391    0.4012   -8550.9102  0.4411 
   02392    0.4116   -8602.7646  0.4427 
   02393    0.4040   -8555.2852  0.4338 
   02394    0.4128   -8513.4707  0.4368 
   02395    0.4220   -8587.2217  0.4357 
   02396    0.4012   -8588.2891  0.4331 
   02397    0.4040   -8591.6348  0.4368 
   02398    0.4156   -8589.2891  0.4358 
   02399    0.4276   -8583.0557  0.4409 
   02400    0.4032   -8584.2373  0.4476 
   02401    0.4240   -8564.5322  0.4444 
   02402    0.4184   -8540.7686  0.4478 
   02403    0.3980   -8518.2705  0.4511 
   02404    0.4152   -8551.9980  0.4499 
   02405    0.3988   -8545.9414  0.4528 
   02406    0.4064   -8526.4590  0.4505 
   02407    0.4104   -8556.0781  0.4538 
   02408    0.3980   -8556.3340  0.4535 
   02409    0.3904   -8516.2080  0.4528 
   02410    0.4104   -8508.2266  0.4480 
   02411    0.4216   -8567.0020  0.4419 
   02412    0.4116   -8571.7969  0.4428 
   02413    0.4144   -8573.5605  0.4408 
   02414    0.4172   -8507.1992  0.4309 
   02415    0.4164   -8527.6074  0.4297 
   02416    0.3992   -8534.1846  0.4272 
   02417    0.4152   -8576.1953  0.4295 
   02418    0.3976   -8527.7891  0.4324 
   02419    0.3996   -8586.5859  0.4364 
   02420    0.4044   -8553.8213  0.4347 
   02421    0.4072   -8541.8447  0.4382 
   02422    0.4108   -8536.6406  0.4386 
   02423    0.4100   -8493.3027  0.4415 
   02424    0.4160   -8510.6777  0.4439 
   02425    0.4044   -8547.6650  0.4512 
   02426    0.4116   -8538.9639  0.4470 
   02427    0.3968   -8528.9336  0.4484 
   02428    0.4048   -8551.7715  0.4506 
   02429    0.4204   -8559.9170  0.4488 
   02430    0.3956   -8522.6309  0.4454 
   02431    0.4168   -8547.0791  0.4408 
   02432    0.4064   -8523.9316  0.4407 
   02433    0.4088   -8520.3379  0.4407 
   02434    0.3956   -8459.7920  0.4384 
   02435    0.4216   -8491.4775  0.4383 
   02436    0.4236   -8527.8311  0.4329 
   02437    0.4176   -8503.2021  0.4308 
   02438    0.4096   -8470.4141  0.4295 
   02439    0.4024   -8474.3945  0.4313 
   02440    0.4076   -8522.1025  0.4376 
   02441    0.4132   -8496.2061  0.4384 
   02442    0.4040   -8531.5215  0.4380 
   02443    0.4140   -8521.2734  0.4385 
   02444    0.4144   -8569.2949  0.4387 
   02445    0.4296   -8541.5576  0.4432 
   02446    0.4276   -8555.9033  0.4488 
   02447    0.4108   -8545.0801  0.4409 
   02448    0.4048   -8533.1475  0.4467 
   02449    0.4032   -8558.9629  0.4421 
   02450    0.4176   -8537.1416  0.4441 
   02451    0.3928   -8506.8223  0.4423 
   02452    0.4188   -8475.8330  0.4443 
   02453    0.4240   -8524.6611  0.4483 
   02454    0.4084   -8510.7080  0.4497 
   02455    0.4240   -8479.8330  0.4504 
   02456    0.4184   -8460.0840  0.4476 
   02457    0.4008   -8470.9189  0.4481 
   02458    0.4192   -8539.7686  0.4493 
   02459    0.4352   -8572.3818  0.4568 
   02460    0.4172   -8561.5127  0.4450 
   02461    0.4000   -8569.3408  0.4420 
   02462    0.4240   -8532.6504  0.4445 
   02463    0.3920   -8567.0781  0.4416 
   02464    0.3988   -8566.1680  0.4430 
   02465    0.3980   -8551.5283  0.4476 
   02466    0.3976   -8566.8633  0.4446 
   02467    0.4264   -8536.7744  0.4392 
   02468    0.3936   -8578.1035  0.4358 
   02469    0.4192   -8570.2842  0.4414 
   02470    0.4080   -8556.2959  0.4419 
   02471    0.4228   -8551.8506  0.4359 
   02472    0.3984   -8536.4180  0.4346 
   02473    0.4316   -8524.5371  0.4313 
   02474    0.4108   -8504.5244  0.4265 
   02475    0.4200   -8538.4922  0.4280 
   02476    0.3988   -8520.3096  0.4273 
   02477    0.4132   -8501.6768  0.4262 
   02478    0.4088   -8474.1846  0.4270 
   02479    0.4060   -8451.2344  0.4270 
   02480    0.4160   -8455.4648  0.4321 
   02481    0.4264   -8498.4609  0.4371 
   02482    0.4064   -8505.9102  0.4393 
   02483    0.4136   -8527.6523  0.4412 
   02484    0.3988   -8492.1777  0.4427 
   02485    0.4224   -8489.3037  0.4381 
   02486    0.4080   -8472.3037  0.4431 
   02487    0.4072   -8532.8135  0.4464 
   02488    0.4204   -8545.3135  0.4488 
   02489    0.4044   -8531.4365  0.4435 
   02490    0.4208   -8489.5186  0.4359 
   02491    0.4060   -8490.2207  0.4404 
   02492    0.4140   -8523.4863  0.4440 
   02493    0.4112   -8512.7627  0.4452 
   02494    0.3976   -8541.2803  0.4476 
   02495    0.4100   -8492.0996  0.4399 
   02496    0.4312   -8501.7207  0.4410 
   02497    0.4136   -8570.5254  0.4389 
   02498    0.3972   -8544.3916  0.4340 
   02499    0.4012   -8552.3398  0.4395 
   02500    0.4056   -8505.6758  0.4333 
   02501    0.4000   -8497.7363  0.4376 
   02502    0.4100   -8496.1572  0.4323 
   02503    0.4092   -8482.7373  0.4377 
   02504    0.4304   -8519.3936  0.4401 
   02505    0.4100   -8524.5605  0.4438 
   02506    0.4212   -8535.4414  0.4509 
   02507    0.4196   -8504.8643  0.4544 
   02508    0.4064   -8512.4150  0.4530 
   02509    0.4240   -8484.5137  0.4585 
   02510    0.4036   -8459.9287  0.4545 
   02511    0.4008   -8474.3584  0.4520 
   02512    0.4232   -8517.7734  0.4533 
   02513    0.4124   -8543.5947  0.4517 
   02514    0.4088   -8467.7314  0.4578 
   02515    0.4148   -8470.6064  0.4546 
   02516    0.3992   -8462.6309  0.4577 
   02517    0.4260   -8477.5176  0.4604 
   02518    0.4228   -8423.7061  0.4613 
   02519    0.4264   -8490.5654  0.4589 
   02520    0.4032   -8483.4404  0.4633 
   02521    0.4000   -8454.6807  0.4650 
   02522    0.3996   -8456.5137  0.4706 
   02523    0.4152   -8467.8779  0.4719 
   02524    0.4240   -8507.6094  0.4672 
   02525    0.4012   -8483.0156  0.4695 
   02526    0.3996   -8457.5908  0.4678 
   02527    0.4332   -8512.6357  0.4710 
   02528    0.3960   -8497.6387  0.4723 
   02529    0.4020   -8449.6270  0.4696 
   02530    0.4212   -8457.1895  0.4726 
   02531    0.4184   -8468.1836  0.4699 
   02532    0.4048   -8454.9316  0.4674 
   02533    0.4172   -8474.7949  0.4649 
   02534    0.4232   -8480.4102  0.4666 
   02535    0.4348   -8525.0332  0.4647 
   02536    0.4200   -8519.9102  0.4659 
   02537    0.4008   -8507.1367  0.4665 
   02538    0.4108   -8517.9102  0.4564 
   02539    0.4120   -8528.5371  0.4549 
   02540    0.4148   -8521.6455  0.4552 
   02541    0.3940   -8521.7314  0.4611 
   02542    0.4020   -8519.5557  0.4668 
   02543    0.4060   -8517.6592  0.4671 
   02544    0.3988   -8566.6367  0.4697 
   02545    0.4112   -8480.6992  0.4627 
   02546    0.4056   -8514.2510  0.4632 
   02547    0.4072   -8484.7979  0.4665 
   02548    0.4040   -8469.7129  0.4630 
   02549    0.4204   -8467.1943  0.4677 
   02550    0.4260   -8511.1670  0.4656 
   02551    0.4212   -8525.9395  0.4634 
   02552    0.4064   -8555.9043  0.4643 
   02553    0.4200   -8564.3467  0.4650 
   02554    0.4284   -8528.9707  0.4660 
   02555    0.4200   -8545.4014  0.4699 
   02556    0.4008   -8543.0674  0.4749 
   02557    0.4108   -8528.3516  0.4746 
   02558    0.4124   -8526.1953  0.4720 
   02559    0.3996   -8472.7275  0.4740 
   02560    0.3872   -8492.4707  0.4740 
   02561    0.4040   -8521.1377  0.4833 
   02562    0.4048   -8547.5996  0.4795 
   02563    0.3984   -8535.9297  0.4774 
   02564    0.4144   -8526.7188  0.4724 
   02565    0.4028   -8559.3730  0.4699 
   02566    0.4000   -8551.8711  0.4624 
   02567    0.4000   -8508.1973  0.4596 
   02568    0.4092   -8548.8340  0.4535 
   02569    0.3976   -8559.5713  0.4472 
   02570    0.4104   -8546.2354  0.4471 
   02571    0.4132   -8512.7451  0.4464 
   02572    0.4212   -8495.5635  0.4367 
   02573    0.4028   -8488.9971  0.4373 
   02574    0.3964   -8464.9863  0.4413 
   02575    0.4028   -8458.3359  0.4444 
   02576    0.4048   -8484.4238  0.4422 
   02577    0.3968   -8482.7461  0.4468 
   02578    0.4040   -8484.0273  0.4430 
   02579    0.4212   -8524.4346  0.4446 
   02580    0.4064   -8499.6699  0.4396 
   02581    0.4192   -8547.2998  0.4433 
   02582    0.4164   -8598.7168  0.4406 
   02583    0.3964   -8586.0000  0.4414 
   02584    0.4060   -8556.8447  0.4425 
   02585    0.3980   -8552.9590  0.4432 
   02586    0.4220   -8580.5586  0.4510 
   02587    0.3972   -8592.6934  0.4489 
   02588    0.4116   -8511.2373  0.4517 
   02589    0.3868   -8531.2539  0.4579 
   02590    0.4092   -8550.5781  0.4567 
   02591    0.4172   -8581.0742  0.4570 
   02592    0.4164   -8555.7979  0.4506 
   02593    0.4224   -8574.3594  0.4581 
   02594    0.4112   -8548.5186  0.4641 
   02595    0.3888   -8550.0840  0.4664 
   02596    0.3964   -8597.3721  0.4718 
   02597    0.4028   -8578.9170  0.4690 
   02598    0.3984   -8593.0957  0.4733 
   02599    0.4092   -8578.8770  0.4667 
   02600    0.4056   -8540.8428  0.4704 
   02601    0.4108   -8569.3633  0.4755 
   02602    0.4020   -8550.2041  0.4761 
   02603    0.4004   -8542.5615  0.4791 
   02604    0.4152   -8525.8496  0.4827 
   02605    0.4140   -8512.0957  0.4826 
   02606    0.4232   -8543.4629  0.4817 
   02607    0.4120   -8539.8916  0.4787 
   02608    0.4064   -8563.3867  0.4791 
   02609    0.4016   -8545.0791  0.4808 
   02610    0.4196   -8584.7109  0.4809 
   02611    0.4072   -8625.3018  0.4801 
   02612    0.4080   -8624.9326  0.4869 
   02613    0.4032   -8561.8350  0.4887 
   02614    0.4016   -8574.2031  0.4845 
   02615    0.4120   -8540.4893  0.4831 
   02616    0.4008   -8537.1348  0.4803 
   02617    0.4100   -8554.8340  0.4812 
   02618    0.4068   -8510.3311  0.4796 
   02619    0.4360   -8491.6494  0.4813 
   02620    0.4224   -8507.3945  0.4814 
   02621    0.4332   -8481.0723  0.4803 
   02622    0.3964   -8454.9951  0.4808 
   02623    0.4312   -8444.8281  0.4768 
   02624    0.4116   -8415.9590  0.4774 
   02625    0.4248   -8423.7236  0.4709 
   02626    0.4124   -8450.5479  0.4700 
   02627    0.4008   -8403.4902  0.4683 
   02628    0.4120   -8443.9004  0.4707 
   02629    0.4364   -8488.6533  0.4675 
   02630    0.4144   -8481.6787  0.4666 
   02631    0.4080   -8480.9932  0.4635 
   02632    0.4152   -8502.1172  0.4642 
   02633    0.4088   -8481.8828  0.4739 
   02634    0.4080   -8473.4385  0.4784 
   02635    0.4028   -8502.0811  0.4799 
   02636    0.4004   -8562.2529  0.4781 
   02637    0.4136   -8536.0205  0.4758 
   02638    0.4120   -8457.4424  0.4719 
   02639    0.4104   -8450.7344  0.4712 
   02640    0.4148   -8471.8359  0.4725 
   02641    0.4136   -8511.6836  0.4709 
   02642    0.4188   -8455.9326  0.4671 
   02643    0.3900   -8448.4766  0.4607 
   02644    0.4432   -8461.6016  0.4557 
   02645    0.4048   -8456.2051  0.4502 
   02646    0.4192   -8481.0098  0.4556 
   02647    0.4268   -8496.8145  0.4563 
   02648    0.4136   -8526.8535  0.4554 
   02649    0.4100   -8502.0107  0.4573 
   02650    0.3956   -8528.0420  0.4679 
   02651    0.4172   -8556.8750  0.4681 
   02652    0.4232   -8520.3369  0.4675 
   02653    0.4168   -8514.9893  0.4722 
   02654    0.4216   -8545.9580  0.4671 
   02655    0.4160   -8613.9863  0.4653 
   02656    0.3984   -8602.6465  0.4612 
   02657    0.4120   -8619.1865  0.4610 
   02658    0.4068   -8590.9297  0.4589 
   02659    0.4104   -8611.5381  0.4570 
   02660    0.4232   -8619.4512  0.4526 
   02661    0.4216   -8599.5469  0.4505 
   02662    0.4036   -8621.5732  0.4506 
   02663    0.4120   -8611.2471  0.4535 
   02664    0.3956   -8608.3076  0.4491 
   02665    0.4028   -8612.6934  0.4502 
   02666    0.3964   -8578.4316  0.4532 
   02667    0.4056   -8576.0596  0.4533 
   02668    0.4148   -8519.2383  0.4537 
   02669    0.4152   -8537.1016  0.4546 
   02670    0.4184   -8484.9053  0.4531 
   02671    0.4132   -8527.7148  0.4540 
   02672    0.4116   -8512.2451  0.4562 
   02673    0.4200   -8503.9365  0.4496 
   02674    0.4052   -8487.0469  0.4528 
   02675    0.4088   -8468.1768  0.4578 
   02676    0.4076   -8465.3105  0.4558 
   02677    0.3884   -8480.3281  0.4601 
   02678    0.4128   -8533.8438  0.4637 
   02679    0.4060   -8504.5176  0.4596 
   02680    0.4036   -8526.9482  0.4575 
   02681    0.4204   -8546.2197  0.4633 
   02682    0.4000   -8523.8223  0.4670 
   02683    0.4156   -8522.3916  0.4712 
   02684    0.4224   -8493.2646  0.4734 
   02685    0.4136   -8527.3584  0.4744 
   02686    0.4128   -8534.4541  0.4667 
   02687    0.4012   -8511.4492  0.4640 
   02688    0.3984   -8512.9424  0.4623 
   02689    0.4000   -8502.1455  0.4603 
   02690    0.4148   -8526.2871  0.4652 
   02691    0.4152   -8504.8213  0.4689 
   02692    0.4292   -8497.5781  0.4749 
   02693    0.4216   -8515.6445  0.4713 
   02694    0.4148   -8531.3389  0.4715 
   02695    0.4120   -8541.8643  0.4794 
   02696    0.4124   -8538.2305  0.4799 
   02697    0.4140   -8567.8457  0.4802 
   02698    0.4084   -8539.5781  0.4772 
   02699    0.4056   -8498.1777  0.4788 
   02700    0.4076   -8476.2510  0.4751 
   02701    0.4308   -8502.4775  0.4789 
   02702    0.4124   -8520.9248  0.4876 
   02703    0.4076   -8506.9424  0.4890 
   02704    0.4336   -8479.1699  0.4816 
   02705    0.4284   -8457.4805  0.4887 
   02706    0.4176   -8449.8789  0.4881 
   02707    0.4044   -8425.8535  0.4841 
   02708    0.4036   -8432.4111  0.4854 
   02709    0.4256   -8451.5244  0.4867 
   02710    0.3956   -8452.0596  0.4902 
   02711    0.4180   -8473.7881  0.4901 
   02712    0.4152   -8474.1240  0.4964 
   02713    0.4104   -8471.0908  0.4996 
   02714    0.4420   -8491.8574  0.5006 
   02715    0.4264   -8460.8047  0.5036 
   02716    0.4212   -8442.6865  0.4967 
   02717    0.3940   -8448.8760  0.4952 
   02718    0.4244   -8475.5342  0.4932 
   02719    0.4084   -8472.1279  0.4966 
   02720    0.4212   -8457.7109  0.5017 
   02721    0.4052   -8472.4590  0.5086 
   02722    0.4060   -8517.6943  0.5095 
   02723    0.4172   -8552.3428  0.5116 
   02724    0.3992   -8525.6699  0.5021 
   02725    0.4116   -8476.5322  0.5009 
   02726    0.4180   -8494.8760  0.5006 
   02727    0.4140   -8510.4111  0.4969 
   02728    0.4108   -8556.6250  0.5001 
   02729    0.4020   -8529.5566  0.5081 
   02730    0.4236   -8544.3223  0.5126 
   02731    0.3976   -8530.9189  0.5081 
   02732    0.3900   -8538.1328  0.5093 
   02733    0.4016   -8550.4082  0.5145 
   02734    0.4112   -8538.3057  0.5101 
   02735    0.4204   -8510.1865  0.5101 
   02736    0.4180   -8531.2832  0.5120 
   02737    0.4132   -8527.7891  0.5116 
   02738    0.4012   -8526.4062  0.5149 
   02739    0.4060   -8484.3389  0.5226 
   02740    0.4256   -8515.9678  0.5263 
   02741    0.4048   -8559.8037  0.5304 
   02742    0.4160   -8525.4072  0.5244 
   02743    0.3948   -8549.0820  0.5179 
   02744    0.4224   -8559.5410  0.5143 
   02745    0.4264   -8512.2471  0.5113 
   02746    0.4056   -8536.7812  0.5124 
   02747    0.4068   -8536.6309  0.5120 
   02748    0.4152   -8542.8691  0.5108 
   02749    0.4108   -8579.4775  0.5139 
   02750    0.3992   -8548.2158  0.5138 
   02751    0.4060   -8520.9570  0.5248 
   02752    0.4064   -8565.4707  0.5254 
   02753    0.4284   -8552.3779  0.5260 
   02754    0.3912   -8531.0703  0.5298 
   02755    0.4156   -8530.6133  0.5316 
   02756    0.4224   -8533.6758  0.5368 
   02757    0.4092   -8467.9463  0.5322 
   02758    0.4104   -8453.1357  0.5319 
   02759    0.4312   -8456.4932  0.5320 
   02760    0.4060   -8481.4473  0.5262 
   02761    0.4092   -8499.7021  0.5187 
   02762    0.4156   -8479.3164  0.5145 
   02763    0.4004   -8504.5371  0.5177 
   02764    0.4168   -8482.0186  0.5190 
   02765    0.4184   -8506.5820  0.5252 
   02766    0.4032   -8537.5400  0.5206 
   02767    0.4084   -8533.9268  0.5246 
   02768    0.4088   -8511.8037  0.5251 
   02769    0.4172   -8479.3604  0.5316 
   02770    0.4132   -8488.0186  0.5378 
   02771    0.4128   -8501.0654  0.5376 
   02772    0.4140   -8475.6885  0.5335 
   02773    0.4196   -8519.0928  0.5331 
   02774    0.4136   -8504.0039  0.5331 
   02775    0.4192   -8485.9346  0.5267 
   02776    0.4204   -8449.5205  0.5329 
   02777    0.4212   -8518.5537  0.5402 
   02778    0.4056   -8520.6328  0.5390 
   02779    0.4124   -8519.8438  0.5388 
   02780    0.4024   -8535.9141  0.5337 
   02781    0.4016   -8539.9805  0.5455 
   02782    0.4012   -8546.0869  0.5459 
   02783    0.4156   -8536.1533  0.5533 
   02784    0.4264   -8509.2852  0.5570 
   02785    0.4128   -8556.9893  0.5632 
   02786    0.4112   -8503.6621  0.5555 
   02787    0.4096   -8514.1006  0.5539 
   02788    0.4060   -8549.7529  0.5545 
   02789    0.4216   -8526.1436  0.5577 
   02790    0.3948   -8538.2812  0.5654 
   02791    0.4044   -8528.3574  0.5728 
   02792    0.4080   -8543.0557  0.5758 
   02793    0.4132   -8536.4424  0.5752 
   02794    0.4208   -8494.7432  0.5822 
   02795    0.4012   -8528.0898  0.5824 
   02796    0.4024   -8539.2998  0.5854 
   02797    0.4124   -8536.4277  0.5887 
   02798    0.4156   -8543.7217  0.5840 
   02799    0.4120   -8544.3652  0.5817 
   02800    0.4064   -8520.5918  0.5845 
   02801    0.4028   -8500.4990  0.5823 
   02802    0.4008   -8484.3740  0.5813 
   02803    0.4068   -8512.1895  0.5795 
   02804    0.4004   -8488.9248  0.5815 
   02805    0.4104   -8486.5459  0.5818 
   02806    0.4328   -8502.4902  0.5826 
   02807    0.4152   -8506.9473  0.5845 
   02808    0.4184   -8487.3965  0.5820 
   02809    0.4220   -8501.7207  0.5927 
   02810    0.4172   -8502.7021  0.5914 
   02811    0.4180   -8469.5781  0.5840 
   02812    0.4232   -8506.7646  0.5766 
   02813    0.4076   -8485.8643  0.5712 
   02814    0.4204   -8536.4277  0.5696 
   02815    0.4072   -8533.3994  0.5690 
   02816    0.4020   -8514.4375  0.5730 
   02817    0.4024   -8480.0068  0.5636 
   02818    0.4192   -8482.8076  0.5584 
   02819    0.4236   -8520.4990  0.5595 
   02820    0.4040   -8527.0332  0.5622 
   02821    0.4036   -8527.8721  0.5619 
   02822    0.4120   -8542.8789  0.5594 
   02823    0.4116   -8525.7793  0.5624 
   02824    0.4168   -8598.7842  0.5601 
   02825    0.3848   -8586.4004  0.5580 
   02826    0.4140   -8567.9287  0.5586 
   02827    0.4112   -8565.8721  0.5620 
   02828    0.4184   -8541.0586  0.5598 
   02829    0.4180   -8536.3145  0.5555 
   02830    0.4176   -8515.6650  0.5495 
   02831    0.4112   -8490.0723  0.5482 
   02832    0.4196   -8508.5537  0.5525 
   02833    0.4108   -8529.2998  0.5562 
   02834    0.4292   -8530.1338  0.5566 
   02835    0.4052   -8500.3076  0.5535 
   02836    0.4304   -8560.8789  0.5610 
   02837    0.3996   -8526.7705  0.5548 
   02838    0.4244   -8529.0381  0.5602 
   02839    0.4156   -8514.8027  0.5571 
   02840    0.4132   -8493.9766  0.5546 
   02841    0.4064   -8497.5762  0.5548 
   02842    0.4080   -8539.2939  0.5557 
   02843    0.4056   -8552.9668  0.5640 
   02844    0.4032   -8523.7461  0.5629 
   02845    0.4108   -8516.6064  0.5625 
   02846    0.4084   -8564.6943  0.5657 
   02847    0.3960   -8533.6641  0.5642 
   02848    0.4284   -8543.7588  0.5656 
   02849    0.3908   -8536.6660  0.5671 
   02850    0.4208   -8538.1211  0.5709 
   02851    0.4048   -8576.8555  0.5768 
   02852    0.4228   -8569.0811  0.5756 
   02853    0.3960   -8584.3711  0.5766 
   02854    0.3948   -8561.8057  0.5770 
   02855    0.3848   -8553.0078  0.5773 
   02856    0.4252   -8501.1162  0.5737 
   02857    0.4184   -8487.8926  0.5786 
   02858    0.4104   -8498.1523  0.5791 
   02859    0.3956   -8566.7637  0.5795 
   02860    0.4144   -8561.2490  0.5813 
   02861    0.3964   -8514.3125  0.5791 
   02862    0.4084   -8521.7725  0.5799 
   02863    0.4116   -8539.6230  0.5829 
   02864    0.4116   -8542.4326  0.5797 
   02865    0.4180   -8504.6299  0.5766 
   02866    0.4016   -8474.0156  0.5798 
   02867    0.4212   -8511.2734  0.5826 
   02868    0.4004   -8549.5703  0.5797 
   02869    0.3888   -8529.8750  0.5834 
   02870    0.4044   -8542.4404  0.5838 
   02871    0.4060   -8544.3311  0.5839 
   02872    0.4028   -8579.5771  0.5863 
   02873    0.4208   -8601.7500  0.5842 
   02874    0.3944   -8568.3506  0.5837 
   02875    0.4192   -8569.2334  0.5883 
   02876    0.4092   -8535.2256  0.5869 
   02877    0.3964   -8505.5928  0.5845 
   02878    0.4256   -8503.1855  0.5832 
   02879    0.4112   -8509.1650  0.5837 
   02880    0.4000   -8517.7529  0.5829 
   02881    0.4080   -8501.2783  0.5795 
   02882    0.3936   -8510.8525  0.5769 
   02883    0.4052   -8513.3408  0.5742 
   02884    0.4244   -8531.4365  0.5757 
   02885    0.4040   -8500.9443  0.5699 
   02886    0.4068   -8518.9775  0.5727 
   02887    0.4156   -8528.4229  0.5727 
   02888    0.4028   -8540.5889  0.5756 
   02889    0.4044   -8554.2832  0.5739 
   02890    0.4040   -8583.0840  0.5723 
   02891    0.4128   -8557.3428  0.5753 
   02892    0.3988   -8519.6641  0.5742 
   02893    0.4164   -8544.1826  0.5746 
   02894    0.4136   -8547.1475  0.5708 
   02895    0.4152   -8510.3525  0.5663 
   02896    0.4116   -8509.8467  0.5731 
   02897    0.4040   -8543.2754  0.5752 
   02898    0.4216   -8553.8701  0.5762 
   02899    0.4096   -8540.6904  0.5768 
   02900    0.4012   -8542.3203  0.5754 
   02901    0.4104   -8553.6455  0.5781 
   02902    0.4184   -8558.3535  0.5747 
   02903    0.4024   -8534.2617  0.5767 
   02904    0.4136   -8488.6621  0.5797 
   02905    0.4000   -8485.2178  0.5818 
   02906    0.4016   -8522.9873  0.5872 
   02907    0.3996   -8514.6855  0.5911 
   02908    0.4320   -8476.6230  0.5923 
   02909    0.4060   -8520.2100  0.6022 
   02910    0.4188   -8507.1221  0.5990 
   02911    0.4264   -8537.1504  0.5971 
   02912    0.4088   -8563.2578  0.6046 
   02913    0.4280   -8554.7588  0.6061 
   02914    0.4076   -8562.1582  0.6088 
   02915    0.3952   -8575.0547  0.6092 
   02916    0.3856   -8531.1221  0.6098 
   02917    0.4032   -8556.7803  0.6113 
   02918    0.4072   -8542.4863  0.6122 
   02919    0.4132   -8533.3516  0.6041 
   02920    0.4100   -8509.5420  0.6041 
   02921    0.4088   -8557.0605  0.6067 
   02922    0.4144   -8571.6816  0.6088 
   02923    0.3996   -8500.7080  0.6022 
   02924    0.4136   -8535.1738  0.6065 
   02925    0.4020   -8502.4717  0.6040 
   02926    0.3980   -8496.2627  0.6029 
   02927    0.4360   -8482.2324  0.6064 
   02928    0.4040   -8507.9727  0.6101 
   02929    0.4136   -8520.6553  0.6076 
   02930    0.4052   -8500.5840  0.6027 
   02931    0.4184   -8495.6152  0.6054 
   02932    0.4100   -8585.8760  0.6052 
   02933    0.4020   -8591.6650  0.6070 
   02934    0.4200   -8584.1934  0.6097 
   02935    0.4152   -8562.6279  0.6064 
   02936    0.4100   -8565.1104  0.6120 
   02937    0.4076   -8584.2373  0.6110 
   02938    0.4000   -8608.1113  0.6026 
   02939    0.4056   -8568.7783  0.5977 
   02940    0.4020   -8538.6426  0.6006 
   02941    0.4100   -8543.5742  0.6028 
   02942    0.4048   -8557.2256  0.5936 
   02943    0.4080   -8573.6729  0.5944 
   02944    0.3972   -8567.9717  0.5975 
   02945    0.4148   -8597.4316  0.5943 
   02946    0.3996   -8520.9072  0.5935 
   02947    0.4104   -8510.2227  0.5943 
   02948    0.4072   -8554.2939  0.5882 
   02949    0.4052   -8544.4082  0.5902 
   02950    0.3896   -8531.4941  0.5871 
   02951    0.4124   -8479.2314  0.5865 
   02952    0.4144   -8485.3525  0.5943 
   02953    0.4100   -8513.8398  0.5962 
   02954    0.4116   -8511.0576  0.5964 
   02955    0.4096   -8464.4248  0.6038 
   02956    0.4260   -8502.8652  0.6062 
   02957    0.4172   -8480.9746  0.6057 
   02958    0.4024   -8498.1270  0.6038 
   02959    0.4260   -8480.1689  0.5980 
   02960    0.4076   -8467.7715  0.6000 
   02961    0.4208   -8518.1562  0.6059 
   02962    0.4076   -8536.5703  0.6051 
   02963    0.4044   -8540.7969  0.6026 
   02964    0.4136   -8491.5801  0.6034 
   02965    0.4308   -8494.7881  0.6032 
   02966    0.4164   -8481.2598  0.6082 
   02967    0.4124   -8526.9570  0.6012 
   02968    0.4096   -8501.7275  0.5969 
   02969    0.4124   -8493.9814  0.5981 
   02970    0.4148   -8484.9434  0.6012 
   02971    0.3988   -8525.8311  0.6001 
   02972    0.4040   -8516.4316  0.6009 
   02973    0.4072   -8499.1426  0.5984 
   02974    0.4068   -8505.7100  0.5938 
   02975    0.4304   -8444.8184  0.5925 
   02976    0.4292   -8506.8281  0.5928 
   02977    0.4064   -8487.2598  0.5956 
   02978    0.4092   -8497.9229  0.5910 
   02979    0.3980   -8505.2422  0.5933 
   02980    0.4096   -8511.6602  0.5910 
   02981    0.4092   -8538.1777  0.5891 
   02982    0.4056   -8511.8516  0.5864 
   02983    0.4012   -8514.0869  0.5932 
   02984    0.4108   -8561.2783  0.5951 
   02985    0.4092   -8613.9639  0.5944 
   02986    0.3884   -8585.7246  0.5957 
   02987    0.4172   -8620.8164  0.5979 
   02988    0.4228   -8572.7021  0.5988 
   02989    0.4064   -8552.9199  0.6012 
   02990    0.4184   -8540.0439  0.5978 
   02991    0.3984   -8523.5449  0.5932 
   02992    0.4072   -8544.6045  0.5959 
   02993    0.4004   -8566.5693  0.5914 
   02994    0.4300   -8515.0967  0.5926 
   02995    0.4124   -8525.7705  0.5897 
   02996    0.4192   -8576.2158  0.5951 
   02997    0.4084   -8513.5195  0.5903 
   02998    0.3940   -8602.6406  0.5912 
   02999    0.4144   -8566.1260  0.5905 
   03000    0.4016   -8577.1328  0.5958 
   03001    0.4016   -8620.1865  0.6022 
   03002    0.4064   -8592.7305  0.6011 
   03003    0.3928   -8606.0146  0.6005 
   03004    0.3992   -8629.5811  0.5997 
   03005    0.3852   -8578.4287  0.6001 
   03006    0.4032   -8553.8291  0.5993 
   03007    0.4108   -8572.3994  0.6006 
   03008    0.4280   -8548.0322  0.5976 
   03009    0.4084   -8549.4189  0.5956 
   03010    0.4136   -8535.4971  0.5895 
   03011    0.4200   -8571.9258  0.5988 
   03012    0.4204   -8552.7881  0.5956 
   03013    0.3984   -8564.1729  0.5958 
   03014    0.4048   -8545.4170  0.5922 
   03015    0.4212   -8558.3174  0.5915 
   03016    0.4076   -8542.7676  0.5861 
   03017    0.4044   -8524.3408  0.5892 
   03018    0.4076   -8484.5664  0.5897 
   03019    0.4040   -8478.5088  0.5910 
   03020    0.4292   -8512.8428  0.5955 
   03021    0.4340   -8508.5400  0.5970 
   03022    0.4208   -8433.2188  0.6015 
   03023    0.4160   -8451.6416  0.6019 
   03024    0.4064   -8470.7285  0.5991 
   03025    0.4164   -8529.3447  0.6036 
   03026    0.4132   -8542.6992  0.6058 
   03027    0.4260   -8518.9639  0.6109 
   03028    0.4152   -8518.6621  0.6122 
   03029    0.4160   -8552.9629  0.6141 
   03030    0.4136   -8562.4609  0.6193 
   03031    0.4052   -8582.7412  0.6215 
   03032    0.4160   -8552.0879  0.6190 
   03033    0.3892   -8559.9756  0.6146 
   03034    0.4180   -8554.7979  0.6089 
   03035    0.4064   -8529.3506  0.6049 
   03036    0.4208   -8504.2051  0.6083 
   03037    0.4044   -8487.1182  0.6092 
   03038    0.4380   -8505.6074  0.6145 
   03039    0.4128   -8523.2139  0.6198 
   03040    0.4092   -8544.2803  0.6227 
   03041    0.4040   -8549.8633  0.6235 
   03042    0.4092   -8536.4199  0.6232 
   03043    0.4032   -8540.7666  0.6196 
   03044    0.4176   -8510.9248  0.6238 
   03045    0.4184   -8508.6104  0.6293 
   03046    0.4216   -8478.6514  0.6279 
   03047    0.4120   -8485.3584  0.6343 
   03048    0.4160   -8461.3984  0.6286 
   03049    0.4160   -8463.7021  0.6227 
   03050    0.4236   -8477.0186  0.6234 
   03051    0.4200   -8462.5195  0.6186 
   03052    0.4088   -8484.9385  0.6223 
   03053    0.4020   -8517.9551  0.6156 
   03054    0.4172   -8567.3486  0.6231 
   03055    0.3992   -8563.9570  0.6224 
   03056    0.4308   -8519.4824  0.6244 
   03057    0.3956   -8535.4346  0.6305 
   03058    0.4076   -8533.4863  0.6316 
   03059    0.4144   -8487.6211  0.6242 
   03060    0.3916   -8520.6318  0.6251 
   03061    0.4192   -8495.4775  0.6245 
   03062    0.4148   -8506.2373  0.6229 
   03063    0.4040   -8506.7148  0.6286 
   03064    0.4164   -8495.4424  0.6275 
   03065    0.4156   -8555.5605  0.6273 
   03066    0.4140   -8578.7510  0.6259 
   03067    0.3984   -8596.7793  0.6279 
   03068    0.4140   -8581.9990  0.6248 
   03069    0.3980   -8601.1133  0.6268 
   03070    0.4224   -8576.2256  0.6240 
   03071    0.4084   -8536.5615  0.6221 
   03072    0.4272   -8580.2246  0.6246 
   03073    0.4028   -8547.5781  0.6217 
   03074    0.4296   -8532.8945  0.6233 
   03075    0.4028   -8524.8770  0.6191 
   03076    0.4204   -8492.0918  0.6208 
   03077    0.3976   -8529.0352  0.6267 
   03078    0.4228   -8527.1475  0.6319 
   03079    0.4232   -8535.8623  0.6278 
   03080    0.4128   -8562.5566  0.6336 
   03081    0.4044   -8557.8564  0.6259 
   03082    0.4180   -8524.9941  0.6305 
   03083    0.3852   -8534.2080  0.6308 
   03084    0.4292   -8593.0059  0.6312 
   03085    0.4048   -8584.8945  0.6313 
   03086    0.4144   -8616.4238  0.6325 
   03087    0.4100   -8618.9893  0.6357 
   03088    0.4184   -8558.2676  0.6300 
   03089    0.4180   -8518.5000  0.6341 
   03090    0.4080   -8580.9023  0.6382 
   03091    0.3964   -8587.3750  0.6379 
   03092    0.4232   -8622.3408  0.6381 
   03093    0.4096   -8613.6699  0.6402 
   03094    0.4084   -8592.4180  0.6362 
   03095    0.4044   -8563.1943  0.6352 
   03096    0.4200   -8513.7656  0.6330 
   03097    0.4036   -8566.8740  0.6269 
   03098    0.4040   -8585.9570  0.6292 
   03099    0.4180   -8584.7432  0.6270 
   03100    0.3972   -8591.5107  0.6265 
   03101    0.4040   -8588.0684  0.6283 
   03102    0.4108   -8578.4434  0.6240 
   03103    0.4204   -8527.7539  0.6223 
   03104    0.4164   -8501.0176  0.6220 
   03105    0.4132   -8515.8213  0.6259 
   03106    0.4112   -8546.8301  0.6275 
   03107    0.3952   -8587.6055  0.6318 
   03108    0.4096   -8570.1602  0.6320 
   03109    0.4020   -8576.4619  0.6346 
   03110    0.4132   -8587.4287  0.6356 
   03111    0.3988   -8633.7578  0.6388 
   03112    0.4088   -8605.8828  0.6384 
   03113    0.4152   -8580.4463  0.6378 
   03114    0.4220   -8596.9414  0.6417 
   03115    0.3864   -8598.0605  0.6354 
   03116    0.4008   -8577.1270  0.6375 
   03117    0.4080   -8608.4395  0.6388 
   03118    0.4068   -8586.0049  0.6393 
   03119    0.3828   -8592.6377  0.6367 
   03120    0.4228   -8549.9600  0.6316 
   03121    0.4096   -8591.4033  0.6307 
   03122    0.4100   -8557.5469  0.6290 
   03123    0.4068   -8510.2734  0.6224 
   03124    0.4256   -8560.0215  0.6260 
   03125    0.4076   -8559.3223  0.6257 
   03126    0.4304   -8533.6230  0.6226 
   03127    0.4252   -8521.6143  0.6230 
   03128    0.4008   -8518.9619  0.6211 
   03129    0.4120   -8537.8164  0.6225 
   03130    0.4168   -8531.4717  0.6213 
   03131    0.4136   -8536.6885  0.6206 
   03132    0.4048   -8518.4580  0.6222 
   03133    0.4208   -8508.0732  0.6200 
   03134    0.4072   -8511.2861  0.6172 
   03135    0.4264   -8534.2188  0.6117 
   03136    0.4132   -8541.8389  0.6122 
   03137    0.4280   -8585.8926  0.6111 
   03138    0.4056   -8561.2305  0.6048 
   03139    0.4120   -8556.7695  0.6077 
   03140    0.3868   -8510.1953  0.6043 
   03141    0.4076   -8496.6094  0.6018 
   03142    0.4152   -8564.1846  0.6070 
   03143    0.4008   -8571.0273  0.6054 
   03144    0.3972   -8527.6699  0.6035 
   03145    0.4184   -8521.5977  0.6067 
   03146    0.3984   -8556.0479  0.6060 
   03147    0.4100   -8554.5068  0.6045 
   03148    0.4128   -8544.5264  0.6036 
   03149    0.4232   -8563.1445  0.6057 
   03150    0.4268   -8533.4170  0.6056 
   03151    0.3988   -8507.8125  0.6105 
   03152    0.4108   -8504.1201  0.6099 
   03153    0.4044   -8460.7334  0.6110 
   03154    0.4076   -8471.3799  0.6081 
   03155    0.4216   -8468.8535  0.6104 
   03156    0.4180   -8472.2158  0.6120 
   03157    0.4040   -8449.3213  0.6085 
   03158    0.4100   -8514.1514  0.6152 
   03159    0.4204   -8527.3213  0.6210 
   03160    0.4124   -8569.3145  0.6235 
   03161    0.4080   -8577.5068  0.6234 
   03162    0.4048   -8529.5127  0.6213 
   03163    0.4276   -8521.5449  0.6243 
   03164    0.4104   -8476.9297  0.6257 
   03165    0.4200   -8548.2139  0.6251 
   03166    0.3936   -8545.0820  0.6216 
   03167    0.4128   -8545.5488  0.6255 
   03168    0.4148   -8583.1523  0.6256 
   03169    0.4032   -8599.9385  0.6233 
   03170    0.4000   -8591.6865  0.6219 
   03171    0.4208   -8559.1738  0.6220 
   03172    0.4204   -8543.6133  0.6198 
   03173    0.3976   -8542.6934  0.6166 
   03174    0.4204   -8530.9004  0.6155 
   03175    0.3952   -8522.5312  0.6151 
   03176    0.4060   -8536.0684  0.6139 
   03177    0.4168   -8584.1143  0.6217 
   03178    0.3924   -8607.1113  0.6286 
   03179    0.4032   -8577.7988  0.6267 
   03180    0.4168   -8522.0752  0.6227 
   03181    0.4092   -8563.4941  0.6179 
   03182    0.4040   -8539.7080  0.6192 
   03183    0.4084   -8579.1572  0.6238 
   03184    0.4204   -8582.8311  0.6256 
   03185    0.4092   -8586.2939  0.6203 
   03186    0.4184   -8614.4229  0.6173 
   03187    0.4188   -8587.6318  0.6156 
   03188    0.4100   -8616.9971  0.6207 
   03189    0.4036   -8638.1670  0.6245 
   03190    0.4044   -8638.8125  0.6202 
   03191    0.4060   -8614.2002  0.6211 
   03192    0.3944   -8603.9824  0.6184 
   03193    0.4100   -8604.2998  0.6168 
   03194    0.4064   -8607.1182  0.6203 
   03195    0.4184   -8578.3145  0.6209 
   03196    0.4280   -8542.6855  0.6133 
   03197    0.3980   -8527.9199  0.6100 
   03198    0.4200   -8555.1338  0.6117 
   03199    0.4120   -8532.0479  0.6110 
   03200    0.3992   -8508.3574  0.6136 
   03201    0.3984   -8516.8779  0.6104 
   03202    0.3992   -8531.5410  0.6164 
   03203    0.4108   -8538.5000  0.6120 
   03204    0.4004   -8544.6865  0.6073 
   03205    0.4072   -8483.9141  0.6057 
   03206    0.4136   -8496.6172  0.6070 
   03207    0.4108   -8533.4785  0.6086 
   03208    0.4164   -8562.4736  0.6059 
   03209    0.3992   -8573.7129  0.6068 
   03210    0.4076   -8578.0039  0.6058 
   03211    0.4076   -8575.3682  0.6033 
   03212    0.4036   -8568.8438  0.6012 
   03213    0.4244   -8569.5020  0.6040 
   03214    0.4136   -8527.4902  0.6011 
   03215    0.4084   -8535.8721  0.6037 
   03216    0.4128   -8497.2764  0.6049 
   03217    0.4068   -8484.1143  0.6052 
   03218    0.4088   -8552.0762  0.6118 
   03219    0.4072   -8529.4648  0.6132 
   03220    0.4108   -8553.4551  0.6116 
   03221    0.4020   -8524.5283  0.6071 
   03222    0.4004   -8517.1787  0.6033 
   03223    0.4028   -8554.5977  0.6119 
   03224    0.4028   -8522.1338  0.6107 
   03225    0.4040   -8548.9609  0.6134 
   03226    0.4052   -8551.9941  0.6145 
   03227    0.4060   -8573.8467  0.6152 
   03228    0.4156   -8601.3447  0.6220 
   03229    0.4152   -8606.1289  0.6266 
   03230    0.3984   -8594.9756  0.6231 
   03231    0.3996   -8578.3799  0.6257 
   03232    0.4012   -8576.6279  0.6243 
   03233    0.4144   -8535.2471  0.6176 
   03234    0.4212   -8535.8232  0.6089 
   03235    0.4272   -8549.5371  0.6103 
   03236    0.4032   -8538.9326  0.6105 
   03237    0.4068   -8555.9609  0.6113 
   03238    0.4044   -8567.5264  0.6163 
   03239    0.3968   -8575.2324  0.6256 
   03240    0.4080   -8518.3525  0.6205 
   03241    0.4104   -8491.7100  0.6144 
   03242    0.4088   -8519.4365  0.6239 
   03243    0.4112   -8505.9219  0.6267 
   03244    0.3940   -8531.8467  0.6286 
   03245    0.4180   -8537.2705  0.6265 
   03246    0.3916   -8561.1328  0.6236 
   03247    0.4204   -8534.5811  0.6266 
   03248    0.4156   -8515.4863  0.6193 
   03249    0.4180   -8432.6611  0.6113 
   03250    0.4104   -8424.9482  0.6149 
   03251    0.3920   -8466.1387  0.6186 
   03252    0.4144   -8459.4463  0.6170 
   03253    0.4184   -8491.4180  0.6179 
   03254    0.4180   -8518.8301  0.6208 
   03255    0.4020   -8572.9795  0.6217 
   03256    0.4152   -8566.1445  0.6303 
   03257    0.4124   -8538.2568  0.6257 
   03258    0.4100   -8532.4238  0.6272 
   03259    0.4212   -8524.6602  0.6247 
   03260    0.4168   -8554.5078  0.6254 
   03261    0.4104   -8556.5303  0.6251 
   03262    0.3952   -8583.7939  0.6277 
   03263    0.4108   -8559.3447  0.6306 
   03264    0.4096   -8535.9590  0.6282 
   03265    0.4080   -8510.4199  0.6276 
   03266    0.4084   -8521.2061  0.6273 
   03267    0.3960   -8525.9521  0.6283 
   03268    0.4180   -8561.2842  0.6284 
   03269    0.4040   -8592.5352  0.6236 
   03270    0.4052   -8563.0947  0.6214 
   03271    0.4000   -8539.3701  0.6254 
   03272    0.4160   -8548.1426  0.6281 
   03273    0.3976   -8557.3525  0.6339 
   03274    0.4120   -8477.7061  0.6349 
   03275    0.4072   -8512.7842  0.6315 
   03276    0.4168   -8542.8096  0.6318 
   03277    0.4228   -8562.3799  0.6337 
   03278    0.4204   -8578.9365  0.6401 
   03279    0.4008   -8589.6191  0.6507 
   03280    0.4092   -8638.3389  0.6533 
   03281    0.4136   -8612.2725  0.6506 
   03282    0.4172   -8558.7100  0.6489 
   03283    0.4060   -8538.6396  0.6566 
   03284    0.4188   -8546.8926  0.6548 
   03285    0.4004   -8515.1934  0.6610 
   03286    0.4096   -8558.2324  0.6632 
   03287    0.4040   -8566.9170  0.6647 
   03288    0.4004   -8519.0693  0.6679 
   03289    0.4000   -8543.3037  0.6723 
   03290    0.4212   -8460.1670  0.6673 
   03291    0.4284   -8415.5898  0.6652 
   03292    0.4160   -8385.8994  0.6613 
   03293    0.3992   -8409.9941  0.6663 
   03294    0.4092   -8476.2598  0.6624 
   03295    0.4032   -8490.1631  0.6642 
   03296    0.4188   -8494.0908  0.6615 
   03297    0.3940   -8512.9814  0.6592 
   03298    0.4012   -8480.3760  0.6531 
   03299    0.4144   -8496.5703  0.6567 
   03300    0.4048   -8554.8994  0.6623 
   03301    0.4136   -8565.7539  0.6562 
   03302    0.4200   -8560.6758  0.6560 
   03303    0.4172   -8568.4355  0.6552 
   03304    0.3896   -8548.8711  0.6530 
   03305    0.4120   -8554.6201  0.6553 
   03306    0.4016   -8571.2051  0.6526 
   03307    0.4152   -8578.1924  0.6566 
   03308    0.4028   -8554.0000  0.6514 
   03309    0.4052   -8553.3936  0.6538 
   03310    0.3952   -8537.1045  0.6491 
   03311    0.4224   -8555.9180  0.6502 
   03312    0.4228   -8518.8438  0.6488 
   03313    0.4100   -8504.6182  0.6497 
   03314    0.4056   -8519.6611  0.6506 
   03315    0.4308   -8509.1084  0.6551 
   03316    0.4264   -8538.1338  0.6640 
   03317    0.3968   -8579.7080  0.6631 
   03318    0.3936   -8535.6094  0.6638 
   03319    0.4076   -8513.0273  0.6626 
   03320    0.4048   -8522.1611  0.6669 
   03321    0.4088   -8561.0801  0.6703 
   03322    0.3908   -8580.1885  0.6724 
   03323    0.4124   -8548.0410  0.6703 
   03324    0.4036   -8583.1445  0.6683 
   03325    0.4120   -8613.6807  0.6740 
   03326    0.4152   -8578.1162  0.6738 
   03327    0.4228   -8618.9014  0.6729 
   03328    0.4100   -8605.8096  0.6710 
   03329    0.4324   -8526.1865  0.6673 
   03330    0.4132   -8493.8984  0.6683 
   03331    0.4132   -8515.2949  0.6683 
   03332    0.4260   -8496.0312  0.6711 
   03333    0.3956   -8504.8076  0.6723 
   03334    0.4068   -8529.4697  0.6717 
   03335    0.4148   -8505.9297  0.6708 
   03336    0.4064   -8516.2480  0.6712 
   03337    0.4032   -8505.5938  0.6673 
   03338    0.4080   -8546.0146  0.6670 
   03339    0.3952   -8595.3359  0.6680 
   03340    0.4148   -8522.1006  0.6597 
   03341    0.4148   -8542.4990  0.6579 
   03342    0.4368   -8549.6416  0.6607 
   03343    0.3984   -8544.7041  0.6644 
   03344    0.3996   -8554.6377  0.6680 
   03345    0.3920   -8580.2939  0.6674 
   03346    0.4108   -8534.3799  0.6675 
   03347    0.4208   -8558.3018  0.6600 
   03348    0.4156   -8577.1631  0.6600 
   03349    0.4028   -8593.3857  0.6597 
   03350    0.3900   -8557.4775  0.6613 
   03351    0.4076   -8564.6123  0.6588 
   03352    0.4016   -8551.3936  0.6616 
   03353    0.4224   -8576.6221  0.6609 
   03354    0.4136   -8605.7715  0.6651 
   03355    0.4300   -8587.7910  0.6612 
   03356    0.3976   -8551.6572  0.6536 
   03357    0.4160   -8558.4785  0.6538 
   03358    0.4172   -8564.1797  0.6615 
   03359    0.4140   -8516.0576  0.6580 
   03360    0.4196   -8541.9180  0.6649 
   03361    0.3928   -8518.4053  0.6685 
   03362    0.4084   -8516.7617  0.6694 
   03363    0.4024   -8510.6045  0.6673 
   03364    0.3868   -8470.8613  0.6631 
   03365    0.4252   -8474.1924  0.6625 
   03366    0.4232   -8507.9697  0.6605 
   03367    0.4156   -8503.2705  0.6625 
   03368    0.3996   -8475.6230  0.6643 
   03369    0.4024   -8507.2734  0.6641 
   03370    0.4076   -8519.8369  0.6575 
   03371    0.4208   -8510.6299  0.6596 
   03372    0.3976   -8506.4717  0.6584 
   03373    0.4120   -8530.5957  0.6615 
   03374    0.4052   -8571.8193  0.6691 
   03375    0.4044   -8582.3984  0.6741 
   03376    0.4072   -8589.5420  0.6749 
   03377    0.4240   -8508.5146  0.6724 
   03378    0.4096   -8576.4961  0.6696 
   03379    0.4148   -8544.0908  0.6673 
   03380    0.4204   -8526.1172  0.6717 
   03381    0.4116   -8495.8428  0.6655 
   03382    0.4036   -8535.1738  0.6763 
   03383    0.4224   -8516.0508  0.6785 
   03384    0.4008   -8517.3672  0.6822 
   03385    0.4000   -8516.2158  0.6823 
   03386    0.4180   -8482.6270  0.6785 
   03387    0.4240   -8499.5273  0.6783 
   03388    0.4196   -8550.6006  0.6803 
   03389    0.4100   -8480.3076  0.6785 
   03390    0.4308   -8478.9707  0.6788 
   03391    0.4252   -8511.9727  0.6752 
   03392    0.4220   -8534.4805  0.6740 
   03393    0.4092   -8517.1152  0.6720 
   03394    0.4052   -8494.5439  0.6762 
   03395    0.3964   -8560.3789  0.6847 
   03396    0.4012   -8565.4492  0.6858 
   03397    0.4108   -8555.3545  0.6854 
   03398    0.4032   -8603.6553  0.6903 
   03399    0.4372   -8606.7295  0.6860 
   03400    0.4048   -8619.6143  0.6882 
   03401    0.4016   -8580.2520  0.6859 
   03402    0.4128   -8578.3467  0.6785 
   03403    0.3948   -8531.7422  0.6751 
   03404    0.3916   -8524.0273  0.6728 
   03405    0.4088   -8522.6992  0.6751 
   03406    0.4144   -8528.8496  0.6769 
   03407    0.4272   -8543.3252  0.6782 
   03408    0.4024   -8563.5078  0.6784 
   03409    0.3940   -8555.3965  0.6826 
   03410    0.3904   -8560.5400  0.6819 
   03411    0.4088   -8508.6084  0.6783 
   03412    0.3944   -8556.2207  0.6854 
   03413    0.4264   -8502.5400  0.6826 
   03414    0.4204   -8516.3135  0.6783 
   03415    0.4076   -8508.8809  0.6757 
   03416    0.4080   -8519.8867  0.6735 
   03417    0.4316   -8542.5254  0.6772 
   03418    0.3900   -8564.2490  0.6747 
   03419    0.4076   -8542.0537  0.6761 
   03420    0.4096   -8590.8008  0.6793 
   03421    0.4064   -8556.0449  0.6760 
   03422    0.4028   -8564.0977  0.6737 
   03423    0.4164   -8517.5557  0.6742 
   03424    0.4352   -8531.8164  0.6769 
   03425    0.4180   -8536.4961  0.6818 
   03426    0.4128   -8527.5752  0.6828 
   03427    0.4068   -8505.7979  0.6778 
   03428    0.4116   -8530.7324  0.6818 
   03429    0.4232   -8531.0039  0.6802 
   03430    0.4228   -8512.8682  0.6743 
   03431    0.4072   -8487.5869  0.6743 
   03432    0.4156   -8496.3125  0.6789 
   03433    0.4100   -8526.6826  0.6807 
   03434    0.4144   -8540.3662  0.6780 
   03435    0.4064   -8497.0703  0.6737 
   03436    0.4184   -8533.8564  0.6783 
   03437    0.4104   -8547.6113  0.6788 
   03438    0.3852   -8574.9512  0.6772 
   03439    0.4036   -8563.2715  0.6767 
   03440    0.3976   -8580.7510  0.6749 
   03441    0.4096   -8544.0986  0.6683 
   03442    0.4176   -8586.4932  0.6692 
   03443    0.3952   -8569.0850  0.6687 
   03444    0.4180   -8583.0762  0.6722 
   03445    0.4156   -8560.6660  0.6707 
   03446    0.4024   -8558.7715  0.6681 
   03447    0.4060   -8533.6680  0.6665 
   03448    0.4132   -8500.5742  0.6669 
   03449    0.3996   -8516.0615  0.6597 
   03450    0.4068   -8548.4092  0.6619 
   03451    0.3896   -8541.2715  0.6668 
   03452    0.4248   -8529.9873  0.6642 
   03453    0.4116   -8518.4746  0.6637 
   03454    0.4280   -8523.9219  0.6647 
   03455    0.4168   -8489.7871  0.6605 
   03456    0.4156   -8492.6191  0.6595 
   03457    0.4068   -8506.3066  0.6600 
   03458    0.4116   -8534.6631  0.6591 
   03459    0.4016   -8598.2549  0.6596 
   03460    0.4020   -8579.5186  0.6591 
   03461    0.3868   -8600.4443  0.6558 
   03462    0.4180   -8624.5674  0.6563 
   03463    0.4088   -8583.0928  0.6542 
   03464    0.4076   -8544.9736  0.6493 
   03465    0.3960   -8554.2939  0.6514 
   03466    0.3988   -8529.6309  0.6524 
   03467    0.4100   -8549.4404  0.6555 
   03468    0.4000   -8533.8955  0.6471 
   03469    0.4092   -8534.5303  0.6462 
   03470    0.4440   -8507.8750  0.6478 
   03471    0.4084   -8489.0449  0.6445 
   03472    0.4008   -8524.7090  0.6438 
   03473    0.4200   -8519.2627  0.6471 
   03474    0.4064   -8480.9219  0.6438 
   03475    0.4080   -8476.9814  0.6406 
   03476    0.4060   -8474.9580  0.6414 
   03477    0.4100   -8523.4131  0.6387 
   03478    0.4008   -8514.5186  0.6340 
   03479    0.4024   -8511.7812  0.6332 
   03480    0.3932   -8538.1289  0.6328 
   03481    0.4124   -8528.4980  0.6368 
   03482    0.4148   -8512.9473  0.6327 
   03483    0.4132   -8517.7988  0.6397 
   03484    0.4304   -8495.7070  0.6418 
   03485    0.3964   -8486.3799  0.6371 
   03486    0.4140   -8518.5957  0.6398 
   03487    0.4244   -8534.4639  0.6340 
   03488    0.3948   -8552.3369  0.6349 
   03489    0.4000   -8569.7822  0.6370 
   03490    0.4152   -8608.6572  0.6421 
   03491    0.3928   -8628.6807  0.6383 
   03492    0.4152   -8643.6943  0.6452 
   03493    0.4072   -8645.1309  0.6442 
   03494    0.4124   -8609.5498  0.6544 
   03495    0.4240   -8628.4092  0.6509 
   03496    0.4092   -8578.9941  0.6494 
   03497    0.4260   -8583.5957  0.6478 
   03498    0.4012   -8606.3008  0.6436 
   03499    0.3968   -8551.5420  0.6438 
   03500    0.4216   -8562.2969  0.6435 
   03501    0.4252   -8547.8057  0.6438 
   03502    0.4164   -8555.3086  0.6459 
   03503    0.4172   -8625.3447  0.6579 
   03504    0.4084   -8619.0234  0.6537 
   03505    0.4104   -8656.7041  0.6619 
   03506    0.3936   -8646.6943  0.6541 
   03507    0.4060   -8555.8271  0.6566 
   03508    0.4084   -8548.9336  0.6558 
   03509    0.4172   -8544.9736  0.6496 
   03510    0.4172   -8543.6221  0.6513 
   03511    0.4184   -8469.6973  0.6521 
   03512    0.4116   -8466.7002  0.6582 
   03513    0.4264   -8517.8301  0.6611 
   03514    0.4352   -8492.0342  0.6640 
   03515    0.4156   -8477.3428  0.6621 
   03516    0.4356   -8516.8604  0.6631 
   03517    0.4252   -8539.9023  0.6668 
   03518    0.4016   -8530.3975  0.6708 
   03519    0.4076   -8544.6650  0.6677 
   03520    0.3980   -8536.0410  0.6660 
   03521    0.4152   -8494.7695  0.6574 
   03522    0.4004   -8497.1797  0.6591 
   03523    0.4024   -8509.0273  0.6626 
   03524    0.4096   -8449.1104  0.6642 
   03525    0.4092   -8434.5977  0.6627 
   03526    0.4164   -8493.1748  0.6673 
   03527    0.3888   -8488.2207  0.6574 
   03528    0.4156   -8453.0938  0.6605 
   03529    0.4176   -8486.7627  0.6655 
   03530    0.4120   -8471.2871  0.6642 
   03531    0.4200   -8463.9863  0.6630 
   03532    0.4016   -8433.9834  0.6607 
   03533    0.4036   -8473.8096  0.6620 
   03534    0.4032   -8485.2979  0.6602 
   03535    0.4132   -8483.4336  0.6573 
   03536    0.4064   -8497.8584  0.6556 
   03537    0.4148   -8482.2432  0.6586 
   03538    0.4052   -8488.8477  0.6537 
   03539    0.4324   -8526.4883  0.6500 
   03540    0.4136   -8520.6523  0.6479 
   03541    0.4064   -8490.2568  0.6489 
   03542    0.4232   -8459.1328  0.6470 
   03543    0.4220   -8518.2666  0.6570 
   03544    0.4104   -8534.6367  0.6646 
   03545    0.4048   -8514.1660  0.6660 
   03546    0.4096   -8527.2578  0.6643 
   03547    0.3896   -8575.3584  0.6681 
   03548    0.4032   -8587.2002  0.6636 
   03549    0.4076   -8556.0283  0.6692 
   03550    0.4144   -8539.9941  0.6727 
   03551    0.3944   -8542.0566  0.6723 
   03552    0.4116   -8505.5439  0.6711 
   03553    0.3912   -8530.6279  0.6734 
   03554    0.4184   -8512.4766  0.6688 
   03555    0.3992   -8551.6182  0.6711 
   03556    0.4036   -8596.1406  0.6675 
   03557    0.4088   -8588.4111  0.6734 
   03558    0.4064   -8560.3535  0.6684 
   03559    0.4124   -8592.1953  0.6686 
   03560    0.3964   -8600.9795  0.6669 
   03561    0.4080   -8559.1455  0.6675 
   03562    0.4248   -8543.8457  0.6701 
   03563    0.4172   -8524.1426  0.6653 
   03564    0.4224   -8488.2754  0.6592 
   03565    0.4044   -8492.6582  0.6615 
   03566    0.4072   -8471.6318  0.6655 
   03567    0.4176   -8493.0137  0.6644 
   03568    0.4108   -8482.8271  0.6689 
   03569    0.4200   -8454.7246  0.6677 
   03570    0.4240   -8504.8223  0.6697 
   03571    0.4152   -8549.2705  0.6662 
   03572    0.4096   -8543.9189  0.6733 
   03573    0.4032   -8571.0684  0.6707 
   03574    0.4048   -8574.2490  0.6734 
   03575    0.4048   -8549.7715  0.6703 
   03576    0.4032   -8561.8486  0.6715 
   03577    0.4072   -8575.2793  0.6768 
   03578    0.3952   -8552.3311  0.6786 
   03579    0.4168   -8527.1182  0.6802 
   03580    0.3920   -8544.9873  0.6822 
   03581    0.4208   -8532.6504  0.6883 
   03582    0.4056   -8531.2510  0.6891 
   03583    0.4208   -8535.6162  0.6871 
   03584    0.4048   -8557.9961  0.6812 
   03585    0.4124   -8563.0557  0.6828 
   03586    0.4280   -8556.4824  0.6802 
   03587    0.4060   -8550.7637  0.6800 
   03588    0.3988   -8563.0947  0.6853 
   03589    0.4188   -8500.9766  0.6863 
   03590    0.4124   -8493.6387  0.6836 
   03591    0.3948   -8498.9004  0.6860 
   03592    0.4116   -8555.1133  0.6836 
   03593    0.4020   -8546.5400  0.6842 
   03594    0.4212   -8520.8369  0.6773 
   03595    0.4128   -8516.5029  0.6787 
   03596    0.4252   -8532.7139  0.6830 
   03597    0.4132   -8521.7031  0.6799 
   03598    0.4160   -8548.8506  0.6871 
   03599    0.4284   -8567.4551  0.6914 
   03600    0.4060   -8550.1582  0.6872 
   03601    0.4040   -8541.3770  0.6887 
   03602    0.4008   -8559.9414  0.6859 
   03603    0.4112   -8541.0576  0.6871 
   03604    0.4124   -8543.0459  0.6909 
   03605    0.4236   -8573.6309  0.6984 
   03606    0.4160   -8528.9404  0.6994 
   03607    0.4240   -8479.1357  0.6970 
   03608    0.4184   -8481.1484  0.7000 
   03609    0.4076   -8516.6914  0.7052 
   03610    0.4160   -8532.3984  0.6990 
   03611    0.4008   -8569.8291  0.7045 
   03612    0.4068   -8555.9102  0.7077 
   03613    0.3952   -8573.2129  0.7137 
   03614    0.4144   -8570.3564  0.7145 
   03615    0.4080   -8584.3535  0.7115 
   03616    0.3936   -8616.6641  0.7170 
   03617    0.4200   -8597.6182  0.7190 
   03618    0.4120   -8587.1006  0.7194 
   03619    0.4352   -8562.1729  0.7168 
   03620    0.3900   -8566.2178  0.7150 
   03621    0.4012   -8567.9414  0.7177 
   03622    0.4276   -8616.5303  0.7176 
   03623    0.4028   -8603.2969  0.7101 
   03624    0.4152   -8617.0879  0.7143 
   03625    0.4116   -8595.1553  0.7151 
   03626    0.4084   -8570.9580  0.7142 
   03627    0.4060   -8558.8721  0.7139 
   03628    0.4124   -8547.1875  0.7161 
   03629    0.4168   -8553.4736  0.7211 
   03630    0.4048   -8588.7881  0.7192 
   03631    0.4132   -8537.1182  0.7230 
   03632    0.4192   -8559.8838  0.7244 
   03633    0.4304   -8558.3574  0.7181 
   03634    0.4152   -8551.6367  0.7178 
   03635    0.4152   -8526.4941  0.7188 
   03636    0.4016   -8589.6670  0.7236 
   03637    0.4052   -8587.1387  0.7195 
   03638    0.4232   -8593.2744  0.7184 
   03639    0.4216   -8582.1758  0.7183 
   03640    0.4012   -8591.1230  0.7188 
   03641    0.4032   -8592.4082  0.7170 
   03642    0.4028   -8562.3613  0.7206 
   03643    0.4084   -8577.1104  0.7245 
   03644    0.3940   -8576.7217  0.7230 
   03645    0.4236   -8610.6465  0.7196 
   03646    0.4212   -8581.6826  0.7160 
   03647    0.4060   -8622.0244  0.7246 
   03648    0.4212   -8580.1279  0.7179 
   03649    0.3940   -8592.4580  0.7200 
   03650    0.4040   -8569.7051  0.7245 
   03651    0.4120   -8572.8057  0.7255 
   03652    0.4152   -8577.1777  0.7224 
   03653    0.4084   -8526.9658  0.7256 
   03654    0.4108   -8520.0928  0.7238 
   03655    0.3884   -8505.7275  0.7220 
   03656    0.4076   -8477.3496  0.7187 
   03657    0.4104   -8459.2568  0.7176 
   03658    0.4168   -8500.3242  0.7150 
   03659    0.4072   -8568.8965  0.7201 
   03660    0.3948   -8606.6768  0.7191 
   03661    0.4004   -8602.9658  0.7202 
   03662    0.4228   -8575.5625  0.7167 
   03663    0.4412   -8595.2627  0.7214 
   03664    0.4120   -8577.1123  0.7177 
   03665    0.3964   -8590.3086  0.7202 
   03666    0.4208   -8574.6592  0.7169 
   03667    0.4004   -8647.2402  0.7187 
   03668    0.4064   -8592.1357  0.7194 
   03669    0.4144   -8614.6738  0.7184 
   03670    0.4000   -8590.3740  0.7139 
   03671    0.3884   -8588.9785  0.7139 
   03672    0.3856   -8580.6543  0.7160 
   03673    0.4100   -8579.4014  0.7134 
   03674    0.4176   -8574.6660  0.7086 
   03675    0.4124   -8570.8945  0.7049 
   03676    0.4096   -8521.0645  0.6996 
   03677    0.4112   -8574.4346  0.7021 
   03678    0.4164   -8576.4932  0.7043 
   03679    0.4080   -8572.9707  0.7024 
   03680    0.4224   -8588.1357  0.7059 
   03681    0.4112   -8545.7031  0.7077 
   03682    0.4120   -8555.9541  0.7149 
   03683    0.4208   -8539.7852  0.7097 
   03684    0.4172   -8526.8604  0.7098 
   03685    0.4028   -8534.8037  0.7086 
   03686    0.4188   -8567.5391  0.7039 
   03687    0.4012   -8571.8643  0.7062 
   03688    0.4176   -8567.1924  0.7040 
   03689    0.4004   -8540.8145  0.7081 
   03690    0.4080   -8534.5332  0.7111 
   03691    0.4228   -8540.5820  0.7097 
   03692    0.3848   -8538.8125  0.7086 
   03693    0.4228   -8534.2686  0.7062 
   03694    0.4248   -8557.4297  0.7121 
   03695    0.4100   -8574.2578  0.7165 
   03696    0.4116   -8541.0166  0.7144 
   03697    0.4208   -8523.1484  0.7103 
   03698    0.4212   -8559.8223  0.7099 
   03699    0.4148   -8571.0254  0.7105 
   03700    0.4064   -8592.4941  0.7128 
   03701    0.3964   -8563.0635  0.7154 
   03702    0.4124   -8575.5176  0.7182 
   03703    0.4124   -8574.7549  0.7166 
   03704    0.4072   -8583.8887  0.7201 
   03705    0.4224   -8582.3896  0.7163 
   03706    0.4020   -8581.1201  0.7216 
   03707    0.4120   -8569.9854  0.7203 
   03708    0.4036   -8610.2988  0.7201 
   03709    0.4084   -8593.2969  0.7217 
   03710    0.4156   -8628.4258  0.7209 
   03711    0.4268   -8603.8857  0.7157 
   03712    0.4108   -8535.7041  0.7125 
   03713    0.4180   -8529.8057  0.7145 
   03714    0.4108   -8574.3184  0.7146 
   03715    0.4044   -8558.5576  0.7132 
   03716    0.3972   -8578.4551  0.7162 
   03717    0.4200   -8491.7158  0.7126 
   03718    0.3984   -8560.0762  0.7182 
   03719    0.3912   -8611.9766  0.7223 
   03720    0.4024   -8606.7217  0.7274 
   03721    0.4300   -8573.5469  0.7310 
   03722    0.4080   -8555.4463  0.7322 
   03723    0.4208   -8542.1406  0.7337 
   03724    0.4052   -8535.8740  0.7277 
   03725    0.4216   -8549.4775  0.7299 
   03726    0.4096   -8515.3232  0.7293 
   03727    0.4080   -8524.5410  0.7284 
   03728    0.4100   -8471.0039  0.7226 
   03729    0.4024   -8508.4229  0.7241 
   03730    0.4256   -8521.5938  0.7242 
   03731    0.4096   -8541.6582  0.7275 
   03732    0.4104   -8547.0869  0.7322 
   03733    0.3968   -8566.8145  0.7380 
   03734    0.4116   -8574.1367  0.7404 
   03735    0.4052   -8568.8369  0.7364 
   03736    0.4032   -8551.7021  0.7332 
   03737    0.4088   -8518.8662  0.7306 
   03738    0.4236   -8566.0332  0.7293 
   03739    0.4140   -8571.6963  0.7286 
   03740    0.4032   -8562.9473  0.7211 
   03741    0.4328   -8621.3535  0.7190 
   03742    0.4076   -8567.8721  0.7150 
   03743    0.4168   -8541.2607  0.7157 
   03744    0.4100   -8585.7549  0.7174 
   03745    0.4140   -8535.8467  0.7250 
   03746    0.4172   -8522.3994  0.7223 
   03747    0.4004   -8539.4346  0.7264 
   03748    0.3996   -8533.3184  0.7262 
   03749    0.4140   -8466.7500  0.7241 
   03750    0.4140   -8509.2422  0.7232 
   03751    0.4168   -8522.0264  0.7234 
   03752    0.4116   -8510.2939  0.7250 
   03753    0.4108   -8497.4365  0.7238 
   03754    0.4076   -8505.7783  0.7171 
   03755    0.4124   -8525.8975  0.7252 
   03756    0.4152   -8588.0068  0.7297 
   03757    0.4044   -8600.5654  0.7297 
   03758    0.4176   -8611.0146  0.7288 
   03759    0.4324   -8621.2324  0.7301 
   03760    0.4080   -8595.0059  0.7225 
   03761    0.3980   -8571.4609  0.7272 
   03762    0.3848   -8555.9717  0.7316 
   03763    0.4084   -8569.0352  0.7363 
   03764    0.4204   -8583.4219  0.7397 
   03765    0.4068   -8601.1836  0.7416 
   03766    0.4028   -8629.0264  0.7404 
   03767    0.3896   -8572.5762  0.7396 
   03768    0.4152   -8553.4766  0.7421 
   03769    0.4080   -8515.6992  0.7408 
   03770    0.4132   -8486.0625  0.7392 
   03771    0.4260   -8503.8789  0.7443 
   03772    0.4116   -8485.3301  0.7458 
   03773    0.4056   -8504.3965  0.7461 
   03774    0.4156   -8501.0859  0.7472 
   03775    0.4072   -8495.5254  0.7432 
   03776    0.4064   -8550.4951  0.7458 
   03777    0.4072   -8553.8516  0.7436 
   03778    0.4204   -8545.7803  0.7422 
   03779    0.4152   -8575.0439  0.7509 
   03780    0.4048   -8587.2139  0.7490 
   03781    0.4224   -8587.7676  0.7546 
   03782    0.3960   -8593.6807  0.7535 
   03783    0.4108   -8633.5322  0.7535 
   03784    0.3988   -8667.6816  0.7535 
   03785    0.4140   -8687.2051  0.7558 
   03786    0.4104   -8667.3564  0.7518 
   03787    0.3932   -8707.1025  0.7491 
   03788    0.3992   -8722.2812  0.7535 
   03789    0.4012   -8714.9932  0.7514 
   03790    0.4068   -8684.4268  0.7498 
   03791    0.4036   -8639.2510  0.7476 
   03792    0.3900   -8637.6104  0.7534 
   03793    0.3988   -8631.2432  0.7550 
   03794    0.4032   -8644.7988  0.7598 
   03795    0.4124   -8611.9561  0.7519 
   03796    0.4104   -8589.1621  0.7491 
   03797    0.3996   -8598.7842  0.7513 
   03798    0.3964   -8565.0049  0.7472 
   03799    0.3804   -8591.7871  0.7433 
   03800    0.4200   -8568.5010  0.7392 
   03801    0.4128   -8559.1885  0.7384 
   03802    0.4108   -8592.4170  0.7406 
   03803    0.3928   -8589.7227  0.7437 
   03804    0.4120   -8584.7998  0.7427 
   03805    0.4148   -8559.8848  0.7408 
   03806    0.4188   -8575.7109  0.7506 
   03807    0.4052   -8584.6191  0.7546 
   03808    0.3968   -8598.9346  0.7581 
   03809    0.4084   -8594.6182  0.7603 
   03810    0.4132   -8603.2363  0.7637 
   03811    0.4096   -8606.2754  0.7629 
   03812    0.4228   -8604.4248  0.7664 
   03813    0.3972   -8629.0752  0.7667 
   03814    0.4124   -8649.4639  0.7707 
   03815    0.4008   -8574.1797  0.7702 
   03816    0.4292   -8558.5684  0.7679 
   03817    0.4152   -8542.3848  0.7701 
   03818    0.4128   -8533.9043  0.7741 
   03819    0.3992   -8500.8877  0.7675 
   03820    0.4080   -8535.0205  0.7709 
   03821    0.4096   -8558.1484  0.7671 
   03822    0.4092   -8600.2725  0.7700 
   03823    0.3960   -8609.7266  0.7662 
   03824    0.4104   -8625.0098  0.7677 
   03825    0.4092   -8614.9580  0.7708 
   03826    0.4100   -8585.3555  0.7693 
   03827    0.4168   -8582.2061  0.7699 
   03828    0.4108   -8614.8701  0.7708 
   03829    0.4008   -8621.9297  0.7769 
   03830    0.4088   -8537.2695  0.7727 
   03831    0.4016   -8559.1006  0.7722 
   03832    0.4036   -8586.2354  0.7719 
   03833    0.4044   -8574.9121  0.7624 
   03834    0.3940   -8571.8730  0.7655 
   03835    0.4040   -8598.2969  0.7728 
   03836    0.4084   -8551.9102  0.7686 
   03837    0.4080   -8539.8633  0.7712 
   03838    0.4116   -8539.9316  0.7677 
   03839    0.4080   -8562.1621  0.7645 
   03840    0.4132   -8555.7812  0.7610 
   03841    0.4140   -8588.9541  0.7653 
   03842    0.4272   -8564.3291  0.7582 
   03843    0.4192   -8491.2578  0.7548 
   03844    0.4224   -8463.3594  0.7525 
   03845    0.4152   -8417.9805  0.7502 
   03846    0.4140   -8439.8867  0.7488 
   03847    0.4068   -8491.0781  0.7512 
   03848    0.4072   -8482.3564  0.7543 
   03849    0.4144   -8506.8291  0.7542 
   03850    0.4044   -8581.5850  0.7577 
   03851    0.4108   -8573.7207  0.7538 
   03852    0.4080   -8539.8594  0.7507 
   03853    0.3972   -8589.4492  0.7547 
   03854    0.4176   -8584.4121  0.7539 
   03855    0.3964   -8544.3574  0.7575 
   03856    0.3968   -8527.4463  0.7595 
   03857    0.4196   -8537.9902  0.7593 
   03858    0.4092   -8562.5127  0.7644 
   03859    0.4264   -8561.2041  0.7644 
   03860    0.4260   -8565.1357  0.7601 
   03861    0.4152   -8537.1963  0.7586 
   03862    0.4032   -8569.0645  0.7588 
   03863    0.4176   -8608.3174  0.7658 
   03864    0.4040   -8594.7285  0.7671 
   03865    0.3968   -8632.8086  0.7676 
   03866    0.4068   -8557.6133  0.7659 
   03867    0.4120   -8541.9092  0.7659 
   03868    0.3976   -8562.2227  0.7698 
   03869    0.4120   -8576.6475  0.7730 
   03870    0.4288   -8618.0986  0.7776 
   03871    0.3944   -8610.8057  0.7797 
   03872    0.4136   -8623.3398  0.7856 
   03873    0.3944   -8661.5508  0.7864 
   03874    0.4104   -8613.6670  0.7901 
   03875    0.4064   -8606.6748  0.7875 
   03876    0.4120   -8555.6855  0.7836 
   03877    0.4200   -8565.3193  0.7802 
   03878    0.4064   -8524.4150  0.7837 
   03879    0.4224   -8569.3525  0.7838 
   03880    0.4140   -8626.0020  0.7842 
   03881    0.4040   -8615.4326  0.7837 
   03882    0.4144   -8617.7236  0.7874 
   03883    0.4172   -8655.6631  0.7895 
   03884    0.4212   -8652.0674  0.7918 
   03885    0.4088   -8635.8428  0.7940 
   03886    0.4128   -8609.9326  0.7855 
   03887    0.4124   -8607.6855  0.7829 
   03888    0.4236   -8591.4854  0.7787 
   03889    0.4076   -8593.9326  0.7736 
   03890    0.4148   -8592.1836  0.7729 
   03891    0.4024   -8594.7012  0.7715 
   03892    0.4016   -8588.2939  0.7705 
   03893    0.4180   -8595.1826  0.7720 
   03894    0.4208   -8580.1865  0.7762 
   03895    0.4068   -8576.7617  0.7739 
   03896    0.4060   -8597.7930  0.7758 
   03897    0.4188   -8583.3379  0.7738 
   03898    0.3928   -8606.6553  0.7791 
   03899    0.4264   -8587.2285  0.7791 
   03900    0.4140   -8575.1816  0.7806 
   03901    0.4060   -8542.9521  0.7837 
   03902    0.4192   -8590.3867  0.7858 
   03903    0.3916   -8589.1934  0.7870 
   03904    0.3940   -8526.7090  0.7840 
   03905    0.4196   -8564.7822  0.7815 
   03906    0.4056   -8546.8262  0.7798 
   03907    0.3952   -8597.2217  0.7853 
   03908    0.4104   -8623.6914  0.7883 
   03909    0.4048   -8645.7607  0.7861 
   03910    0.4076   -8642.2402  0.7842 
   03911    0.4008   -8554.4258  0.7838 
   03912    0.3976   -8554.2939  0.7840 
   03913    0.4036   -8588.0791  0.7881 
   03914    0.4080   -8605.4512  0.7920 
   03915    0.4052   -8600.8936  0.7918 
   03916    0.4048   -8581.2236  0.7891 
   03917    0.4036   -8545.4717  0.7889 
   03918    0.4080   -8537.9873  0.7934 
   03919    0.4080   -8574.1680  0.7959 
   03920    0.4068   -8585.0430  0.7991 
   03921    0.3956   -8568.6172  0.7958 
   03922    0.4016   -8584.0039  0.7984 
   03923    0.4088   -8617.5244  0.8034 
   03924    0.4132   -8606.2939  0.8035 
   03925    0.4076   -8598.5469  0.8068 
   03926    0.3968   -8601.5928  0.8049 
   03927    0.4224   -8625.6045  0.8011 
   03928    0.4176   -8647.1045  0.8058 
   03929    0.4172   -8610.1543  0.8057 
   03930    0.4180   -8591.2002  0.8035 
   03931    0.3816   -8550.8564  0.7997 
   03932    0.4128   -8578.1963  0.8015 
   03933    0.4080   -8562.1660  0.8021 
   03934    0.4160   -8569.7627  0.8030 
   03935    0.4220   -8569.2441  0.7999 
   03936    0.4104   -8583.9688  0.8001 
   03937    0.4208   -8591.3652  0.7983 
   03938    0.4044   -8599.1221  0.7938 
   03939    0.4168   -8597.8232  0.7971 
   03940    0.3924   -8580.9297  0.7952 
   03941    0.4396   -8608.7529  0.7944 
   03942    0.4112   -8624.7422  0.7923 
   03943    0.4064   -8606.3818  0.7975 
   03944    0.4232   -8586.4512  0.7910 
   03945    0.4048   -8604.2920  0.7888 
   03946    0.4060   -8631.2500  0.7909 
   03947    0.4076   -8651.1455  0.7907 
   03948    0.4140   -8613.3486  0.7889 
   03949    0.4136   -8582.7725  0.7858 
   03950    0.4056   -8613.1777  0.7852 
   03951    0.4128   -8612.7881  0.7829 
   03952    0.4172   -8577.9932  0.7846 
   03953    0.3848   -8610.5000  0.7892 
   03954    0.4112   -8650.7852  0.7877 
   03955    0.4032   -8649.9785  0.7857 
   03956    0.4140   -8624.5518  0.7833 
   03957    0.4196   -8573.3857  0.7808 
   03958    0.4144   -8564.1396  0.7761 
   03959    0.4020   -8604.5879  0.7773 
   03960    0.4140   -8551.9023  0.7749 
   03961    0.4216   -8509.5557  0.7721 
   03962    0.4108   -8487.6709  0.7758 
   03963    0.4224   -8553.4492  0.7819 
   03964    0.3996   -8554.9727  0.7765 
   03965    0.4144   -8578.1865  0.7737 
   03966    0.4184   -8557.7061  0.7728 
   03967    0.4124   -8582.2881  0.7776 
   03968    0.4120   -8570.2109  0.7829 
   03969    0.4096   -8548.7412  0.7813 
   03970    0.3988   -8577.4531  0.7840 
   03971    0.4080   -8573.7139  0.7843 
   03972    0.4116   -8628.5625  0.7876 
   03973    0.4056   -8646.6484  0.7915 
   03974    0.4200   -8651.5879  0.7961 
   03975    0.3972   -8658.7695  0.8005 
   03976    0.4048   -8634.0283  0.8016 
   03977    0.4104   -8597.9727  0.8001 
   03978    0.4084   -8577.1318  0.7950 
   03979    0.4100   -8607.4395  0.7937 
   03980    0.3896   -8634.8066  0.7967 
   03981    0.4024   -8622.8174  0.7959 
   03982    0.4048   -8568.7012  0.7898 
   03983    0.3888   -8590.2402  0.7885 
   03984    0.4040   -8592.3467  0.7931 
   03985    0.4252   -8561.9795  0.7902 
   03986    0.4152   -8586.7559  0.7944 
   03987    0.3876   -8578.7773  0.7938 
   03988    0.4040   -8588.8135  0.7953 
   03989    0.4060   -8583.8633  0.7889 
   03990    0.4036   -8589.8906  0.7916 
   03991    0.4084   -8541.4033  0.7872 
   03992    0.4264   -8552.7871  0.7897 
   03993    0.4104   -8567.9248  0.7861 
   03994    0.4016   -8567.4609  0.7881 
   03995    0.4112   -8577.4834  0.7958 
   03996    0.4048   -8547.7422  0.7991 
   03997    0.4148   -8514.2021  0.7997 
   03998    0.4148   -8566.6611  0.8042 
   03999    0.4172   -8541.0742  0.8065 
   04000    0.4056   -8514.0479  0.8037 
   04001    0.3992   -8526.1475  0.8030 
   04002    0.3956   -8521.7334  0.8034 
   04003    0.4128   -8540.3350  0.8089 
   04004    0.4224   -8525.9922  0.8069 
   04005    0.4176   -8528.9092  0.8107 
   04006    0.4008   -8587.6182  0.8143 
   04007    0.3952   -8684.0088  0.8184 
   04008    0.4080   -8628.2295  0.8136 
   04009    0.3900   -8615.1387  0.8116 
   04010    0.3936   -8582.7773  0.8103 
   04011    0.4044   -8607.2529  0.8102 
   04012    0.4020   -8639.6709  0.8130 
   04013    0.4168   -8618.6348  0.8147 
   04014    0.4156   -8601.0479  0.8163 
   04015    0.3860   -8613.3945  0.8099 
   04016    0.4012   -8597.0918  0.8089 
   04017    0.4260   -8636.9287  0.8121 
   04018    0.3924   -8633.9824  0.8105 
   04019    0.4032   -8619.6709  0.8100 
   04020    0.3960   -8616.1807  0.8088 
   04021    0.4104   -8643.6602  0.8058 
   04022    0.4068   -8656.9775  0.8107 
   04023    0.4068   -8675.2559  0.8112 
   04024    0.3924   -8648.7578  0.8063 
   04025    0.4096   -8625.3975  0.8067 
   04026    0.3980   -8590.7041  0.8102 
   04027    0.4180   -8579.3096  0.8136 
   04028    0.4072   -8586.1699  0.8100 
   04029    0.3988   -8585.5020  0.8095 
   04030    0.3920   -8589.5635  0.8098 
   04031    0.4136   -8607.2012  0.8136 
   04032    0.4220   -8612.6973  0.8134 
   04033    0.4060   -8608.1631  0.8110 
   04034    0.4032   -8626.9072  0.8057 
   04035    0.3948   -8598.1279  0.8038 
   04036    0.4120   -8591.7510  0.8032 
   04037    0.4020   -8594.5332  0.8042 
   04038    0.4252   -8615.2832  0.8061 
   04039    0.4084   -8632.0303  0.8043 
   04040    0.4148   -8630.0771  0.8097 
   04041    0.4028   -8664.4580  0.8160 
   04042    0.4264   -8670.6279  0.8170 
   04043    0.3904   -8677.1230  0.8131 
   04044    0.4036   -8596.3496  0.8072 
   04045    0.4012   -8609.4043  0.8046 
   04046    0.3740   -8593.0742  0.8051 
   04047    0.4128   -8561.2998  0.8041 
   04048    0.3960   -8556.4453  0.8057 
   04049    0.4196   -8581.3271  0.8080 
   04050    0.3964   -8603.5059  0.8113 
   04051    0.3968   -8589.9004  0.8082 
   04052    0.4108   -8573.0254  0.8035 
   04053    0.4060   -8524.0508  0.7994 
   04054    0.4052   -8507.0010  0.7972 
   04055    0.4240   -8536.4746  0.7952 
   04056    0.4092   -8513.4209  0.7937 
   04057    0.4052   -8545.0479  0.7951 
   04058    0.4108   -8563.5332  0.7942 
   04059    0.4072   -8557.7617  0.7928 
   04060    0.4080   -8523.9482  0.7907 
   04061    0.4036   -8539.2861  0.7926 
   04062    0.4080   -8550.7930  0.7915 
   04063    0.4220   -8545.9717  0.7939 
   04064    0.4320   -8503.0039  0.7952 
   04065    0.4304   -8515.5928  0.7941 
   04066    0.4228   -8544.2949  0.7968 
   04067    0.4044   -8565.2627  0.8002 
   04068    0.4020   -8600.7188  0.8008 
   04069    0.4120   -8540.9746  0.7988 
   04070    0.4372   -8564.9863  0.7985 
   04071    0.4036   -8588.7910  0.8027 
   04072    0.4088   -8589.9336  0.8028 
   04073    0.4196   -8541.7090  0.7979 
   04074    0.4124   -8538.8311  0.7978 
   04075    0.4356   -8540.0117  0.8001 
   04076    0.4116   -8485.5195  0.7944 
   04077    0.4188   -8540.3916  0.8001 
   04078    0.4156   -8509.6895  0.7960 
   04079    0.4000   -8521.6211  0.8003 
   04080    0.4136   -8574.5264  0.8050 
   04081    0.4128   -8580.9316  0.8115 
   04082    0.3868   -8573.5996  0.8098 
   04083    0.4196   -8550.9619  0.8053 
   04084    0.4048   -8588.7314  0.8105 
   04085    0.4172   -8622.2764  0.8087 
   04086    0.4312   -8593.1260  0.8062 
   04087    0.4204   -8560.0215  0.8046 
   04088    0.4088   -8580.1270  0.8055 
   04089    0.3992   -8570.0723  0.8042 
   04090    0.4148   -8567.4199  0.8043 
   04091    0.4260   -8547.7314  0.8021 
   04092    0.4012   -8569.0029  0.7969 
   04093    0.3980   -8600.4941  0.7994 
   04094    0.3932   -8576.9531  0.7986 
   04095    0.4120   -8538.9355  0.7926 
   04096    0.3964   -8517.4902  0.7956 
   04097    0.4272   -8531.3945  0.7975 
   04098    0.4164   -8528.7568  0.7971 
   04099    0.4048   -8524.1475  0.7986 
   04100    0.4244   -8508.3105  0.7980 
   04101    0.3936   -8588.7959  0.8052 
   04102    0.4028   -8587.4551  0.8018 
   04103    0.4088   -8549.9365  0.7983 
   04104    0.4024   -8576.4131  0.7960 
   04105    0.3976   -8578.9873  0.7928 
   04106    0.4108   -8544.6738  0.7943 
   04107    0.4204   -8534.3740  0.7991 
   04108    0.4036   -8537.3037  0.7980 
   04109    0.4092   -8549.2461  0.8006 
   04110    0.4156   -8595.2783  0.8007 
   04111    0.3976   -8649.4258  0.8091 
   04112    0.4056   -8634.6973  0.8039 
   04113    0.4080   -8643.6826  0.8019 
   04114    0.4156   -8629.9424  0.8042 
   04115    0.4152   -8628.7617  0.8054 
   04116    0.4144   -8640.8447  0.8017 
   04117    0.4140   -8633.0830  0.8070 
   04118    0.4064   -8650.2246  0.8066 
   04119    0.3980   -8630.0928  0.8132 
   04120    0.3908   -8602.0947  0.8045 
   04121    0.4092   -8646.9160  0.8117 
   04122    0.4116   -8654.7588  0.8117 
   04123    0.4068   -8683.2158  0.8130 
   04124    0.4040   -8654.5781  0.8109 
   04125    0.4252   -8650.4990  0.8091 
   04126    0.4140   -8591.9141  0.8080 
   04127    0.4100   -8586.6973  0.8101 
   04128    0.4032   -8610.0244  0.8138 
   04129    0.4184   -8640.0215  0.8124 
   04130    0.4172   -8632.7451  0.8112 
   04131    0.4064   -8672.0596  0.8127 
   04132    0.3904   -8660.1621  0.8103 
   04133    0.3860   -8651.3262  0.8075 
   04134    0.4228   -8665.1172  0.8044 
   04135    0.3892   -8654.1855  0.8049 
   04136    0.3924   -8674.4482  0.8018 
   04137    0.3992   -8629.0068  0.8040 
   04138    0.4180   -8612.0078  0.8093 
   04139    0.4048   -8580.3242  0.8094 
   04140    0.3952   -8548.3115  0.8054 
   04141    0.3960   -8575.4902  0.8070 
   04142    0.3960   -8529.5654  0.8062 
   04143    0.4040   -8527.2803  0.8071 
   04144    0.4044   -8546.8340  0.8091 
   04145    0.4152   -8580.0566  0.8057 
   04146    0.3992   -8615.3750  0.8090 
   04147    0.3980   -8601.8340  0.8085 
   04148    0.3912   -8641.4961  0.8088 
   04149    0.4192   -8595.1826  0.8058 
   04150    0.3996   -8625.2490  0.8070 
   04151    0.3896   -8632.2734  0.8108 
   04152    0.4116   -8603.1172  0.8091 
   04153    0.4016   -8648.4658  0.8131 
   04154    0.4100   -8672.5498  0.8169 
   04155    0.3952   -8619.9287  0.8128 
   04156    0.4068   -8600.3662  0.8056 
   04157    0.4064   -8630.2402  0.8099 
   04158    0.4100   -8613.7061  0.8105 
   04159    0.4228   -8636.6680  0.8133 
   04160    0.4100   -8563.5029  0.8087 
   04161    0.4112   -8563.4951  0.8059 
   04162    0.4228   -8549.5449  0.8088 
   04163    0.4040   -8560.6719  0.8123 
   04164    0.4232   -8565.3574  0.8140 
   04165    0.4120   -8561.1279  0.8104 
   04166    0.4084   -8569.3301  0.8106 
   04167    0.4104   -8569.3750  0.8052 
   04168    0.4312   -8596.9834  0.8055 
   04169    0.4124   -8582.8105  0.8060 
   04170    0.4124   -8539.3770  0.8010 
   04171    0.4064   -8533.4023  0.7978 
   04172    0.3972   -8570.6924  0.7987 
   04173    0.4092   -8588.7764  0.8038 
   04174    0.4192   -8563.3887  0.8037 
   04175    0.4172   -8577.1143  0.8024 
   04176    0.4036   -8566.5459  0.7998 
   04177    0.4224   -8574.6680  0.7950 
   04178    0.4100   -8530.8330  0.7934 
   04179    0.4024   -8572.2432  0.7933 
   04180    0.3952   -8571.3906  0.7959 
   04181    0.4244   -8584.7090  0.7955 
   04182    0.3928   -8546.6670  0.7967 
   04183    0.3992   -8562.3828  0.7956 
   04184    0.4032   -8544.2510  0.7921 
   04185    0.4208   -8553.6670  0.7942 
   04186    0.4056   -8564.3574  0.7957 
   04187    0.4080   -8566.8184  0.8023 
   04188    0.4064   -8584.4570  0.8022 
   04189    0.4052   -8578.6123  0.7994 
   04190    0.4140   -8564.6514  0.7980 
   04191    0.4216   -8528.8662  0.7893 
   04192    0.4076   -8531.7109  0.7881 
   04193    0.4024   -8565.4727  0.7907 
   04194    0.3884   -8530.4658  0.7869 
   04195    0.4424   -8505.4912  0.7898 
   04196    0.4048   -8501.7100  0.7908 
   04197    0.4172   -8494.5674  0.7903 
   04198    0.4304   -8499.9805  0.7938 
   04199    0.3928   -8542.9775  0.7996 
   04200    0.4124   -8555.9014  0.7997 
   04201    0.4120   -8575.5830  0.8021 
   04202    0.4104   -8554.5645  0.8055 
   04203    0.3956   -8529.1553  0.8014 
   04204    0.4256   -8505.0664  0.8063 
   04205    0.4140   -8547.1836  0.8078 
   04206    0.3980   -8582.1328  0.8104 
   04207    0.4192   -8544.3486  0.8124 
   04208    0.4152   -8569.2607  0.8147 
   04209    0.4028   -8540.0020  0.8131 
   04210    0.4032   -8596.1826  0.8156 
   04211    0.3984   -8561.5645  0.8120 
   04212    0.4120   -8592.5352  0.8111 
   04213    0.4096   -8611.6826  0.8161 
   04214    0.3984   -8589.0000  0.8139 
   04215    0.4168   -8566.0977  0.8159 
   04216    0.3916   -8591.1943  0.8144 
   04217    0.3952   -8589.5527  0.8129 
   04218    0.4120   -8594.9150  0.8068 
   04219    0.4068   -8599.3721  0.8085 
   04220    0.4216   -8608.9521  0.8055 
   04221    0.4068   -8598.9170  0.8068 
   04222    0.3872   -8585.7344  0.8041 
   04223    0.4272   -8615.3037  0.8050 
   04224    0.3964   -8607.4580  0.8021 
   04225    0.4276   -8611.2422  0.8038 
   04226    0.4124   -8580.5615  0.8015 
   04227    0.4284   -8557.9551  0.7998 
   04228    0.4068   -8547.4033  0.8017 
   04229    0.4092   -8584.6182  0.8011 
   04230    0.4096   -8653.0020  0.8012 
   04231    0.4156   -8663.6045  0.8021 
   04232    0.4020   -8651.0127  0.8043 
   04233    0.4164   -8631.5576  0.8075 
   04234    0.4164   -8676.2373  0.8116 
   04235    0.4068   -8683.9717  0.8126 
   04236    0.4016   -8631.4941  0.8112 
   04237    0.3944   -8659.4473  0.8127 
   04238    0.4068   -8662.4229  0.8120 
   04239    0.4176   -8646.4092  0.8056 
   04240    0.4076   -8652.8486  0.8091 
   04241    0.3956   -8655.0195  0.8060 
   04242    0.4168   -8668.5762  0.8078 
   04243    0.4160   -8597.8281  0.8078 
   04244    0.4116   -8643.1934  0.8058 
   04245    0.4164   -8580.2275  0.8017 
   04246    0.3888   -8617.9766  0.8032 
   04247    0.4072   -8631.9922  0.8058 
   04248    0.4012   -8634.8936  0.8064 
   04249    0.3912   -8605.9561  0.8071 
   04250    0.4156   -8587.4482  0.8019 
   04251    0.4096   -8612.1270  0.8047 
   04252    0.4188   -8590.3857  0.8041 
   04253    0.3988   -8636.5732  0.8080 
   04254    0.4208   -8617.0771  0.8089 
   04255    0.4068   -8660.3115  0.8146 
   04256    0.4012   -8590.1582  0.8082 
   04257    0.4280   -8594.8701  0.8100 
   04258    0.4072   -8637.7061  0.8143 
   04259    0.3976   -8630.2500  0.8103 
   04260    0.4060   -8608.0273  0.8130 
   04261    0.4132   -8628.7959  0.8106 
   04262    0.3868   -8637.7969  0.8096 
   04263    0.3976   -8637.8662  0.8109 
   04264    0.3984   -8611.3145  0.8096 
   04265    0.4100   -8604.4814  0.8089 
   04266    0.4080   -8584.8545  0.8119 
   04267    0.3984   -8606.5449  0.8129 
   04268    0.4024   -8633.2744  0.8136 
   04269    0.4112   -8628.5371  0.8121 
   04270    0.4036   -8649.8115  0.8104 
   04271    0.4092   -8609.8857  0.8117 
   04272    0.4112   -8653.2451  0.8142 
   04273    0.4132   -8626.9277  0.8113 
   04274    0.4096   -8628.9824  0.8149 
   04275    0.3948   -8612.2891  0.8118 
   04276    0.4132   -8577.9434  0.8086 
   04277    0.4008   -8627.6436  0.8119 
   04278    0.4036   -8646.8408  0.8112 
   04279    0.4088   -8672.2129  0.8161 
   04280    0.4096   -8622.1055  0.8138 
   04281    0.3968   -8599.2979  0.8155 
   04282    0.4128   -8602.4482  0.8129 
   04283    0.3864   -8613.9463  0.8102 
   04284    0.3968   -8618.3877  0.8092 
   04285    0.3936   -8635.3193  0.8109 
   04286    0.3952   -8605.0117  0.8069 
   04287    0.3876   -8597.1592  0.8076 
   04288    0.4096   -8603.7998  0.8083 
   04289    0.4092   -8564.2383  0.8078 
   04290    0.4048   -8560.7422  0.8077 
   04291    0.4168   -8605.7842  0.8112 
   04292    0.4156   -8618.1377  0.8080 
   04293    0.4056   -8708.3311  0.8108 
   04294    0.3908   -8685.2422  0.8090 
   04295    0.4180   -8637.0615  0.8135 
   04296    0.3992   -8649.7578  0.8131 
   04297    0.4040   -8649.2178  0.8076 
   04298    0.4204   -8622.9414  0.8088 
   04299    0.4152   -8669.8857  0.8117 
   04300    0.3976   -8670.4570  0.8152 
   04301    0.4068   -8646.9766  0.8125 
   04302    0.4072   -8637.7812  0.8138 
   04303    0.4252   -8582.9736  0.8129 
   04304    0.4224   -8549.1553  0.8096 
   04305    0.4060   -8578.3525  0.8072 
   04306    0.4092   -8596.9580  0.8035 
   04307    0.4016   -8579.0615  0.8045 
   04308    0.4036   -8555.1680  0.7999 
   04309    0.4104   -8525.1846  0.7974 
   04310    0.4184   -8552.7617  0.7995 
   04311    0.4136   -8594.8262  0.8049 
   04312    0.4272   -8557.5820  0.8025 
   04313    0.4104   -8582.8076  0.8015 
   04314    0.4116   -8559.0176  0.7962 
   04315    0.3972   -8609.7852  0.7980 
   04316    0.4036   -8570.5312  0.7989 
   04317    0.4132   -8608.3701  0.7967 
   04318    0.3932   -8607.6133  0.7956 
   04319    0.3956   -8552.7480  0.7923 
   04320    0.4024   -8541.0967  0.7927 
   04321    0.4032   -8557.1279  0.7860 
   04322    0.4112   -8542.7314  0.7835 
   04323    0.4048   -8537.3906  0.7822 
   04324    0.4116   -8537.7158  0.7844 
   04325    0.4156   -8556.0459  0.7787 
   04326    0.4288   -8559.8711  0.7766 
   04327    0.4324   -8589.4307  0.7816 
   04328    0.4124   -8600.5771  0.7770 
   04329    0.4184   -8583.8682  0.7771 
   04330    0.3964   -8555.2910  0.7739 
   04331    0.4172   -8598.5137  0.7789 
   04332    0.4088   -8572.3877  0.7783 
   04333    0.4076   -8617.7334  0.7780 
   04334    0.4120   -8620.5820  0.7739 
   04335    0.3960   -8567.1240  0.7739 
   04336    0.4240   -8569.8262  0.7821 
   04337    0.4080   -8622.7207  0.7807 
   04338    0.4068   -8595.8535  0.7770 
   04339    0.4004   -8601.6875  0.7779 
   04340    0.4032   -8578.1650  0.7775 
   04341    0.4084   -8552.6445  0.7780 
   04342    0.4152   -8560.1328  0.7748 
   04343    0.4188   -8538.8438  0.7763 
   04344    0.4176   -8556.2490  0.7769 
   04345    0.4116   -8540.4082  0.7732 
   04346    0.4160   -8560.3633  0.7743 
   04347    0.4100   -8508.3359  0.7704 
   04348    0.4132   -8600.4639  0.7729 
   04349    0.4064   -8607.4385  0.7733 
   04350    0.4116   -8615.8428  0.7787 
   04351    0.4052   -8604.8682  0.7819 
   04352    0.4136   -8560.3223  0.7836 
   04353    0.4096   -8626.8291  0.7868 
   04354    0.4348   -8628.0596  0.7848 
   04355    0.4092   -8612.9238  0.7865 
   04356    0.4100   -8610.6182  0.7913 
   04357    0.4036   -8601.7588  0.7945 
   04358    0.4220   -8600.6592  0.7933 
   04359    0.4008   -8535.6338  0.7918 
   04360    0.4216   -8494.4336  0.7901 
   04361    0.3936   -8544.2617  0.7941 
   04362    0.4020   -8580.7568  0.7950 
   04363    0.4060   -8567.4902  0.7962 
   04364    0.4120   -8615.1777  0.8005 
   04365    0.4100   -8585.6768  0.7995 
   04366    0.3956   -8531.6357  0.8012 
   04367    0.4072   -8552.8652  0.8024 
   04368    0.3928   -8564.4434  0.8041 
   04369    0.4120   -8606.8936  0.8108 
   04370    0.4112   -8563.1445  0.8109 
   04371    0.4204   -8587.0576  0.8094 
   04372    0.4204   -8606.3154  0.8100 
   04373    0.4172   -8617.5361  0.8108 
   04374    0.3888   -8622.6494  0.8159 
   04375    0.3964   -8618.9512  0.8176 
   04376    0.4052   -8618.4209  0.8133 
   04377    0.4104   -8607.6045  0.8145 
   04378    0.4040   -8629.9785  0.8187 
   04379    0.4248   -8618.6807  0.8190 
   04380    0.4116   -8588.7236  0.8193 
   04381    0.4088   -8586.6973  0.8145 
   04382    0.3884   -8586.0996  0.8128 
   04383    0.4188   -8573.8965  0.8124 
   04384    0.4084   -8558.6611  0.8109 
   04385    0.4092   -8552.7490  0.8130 
   04386    0.4044   -8510.0850  0.8138 
   04387    0.4220   -8512.2109  0.8128 
   04388    0.3988   -8583.8652  0.8142 
   04389    0.4004   -8528.7256  0.8129 
   04390    0.3996   -8546.9062  0.8104 
   04391    0.3964   -8519.8994  0.8111 
   04392    0.4084   -8530.3701  0.8069 
   04393    0.4184   -8511.4189  0.8059 
   04394    0.4120   -8546.8535  0.8048 
   04395    0.3984   -8531.8574  0.8018 
   04396    0.4204   -8533.2793  0.8008 
   04397    0.4032   -8559.6006  0.7999 
   04398    0.4064   -8526.3398  0.7978 
   04399    0.4176   -8568.2383  0.7986 
   04400    0.3992   -8567.6953  0.8017 
   04401    0.4076   -8549.0781  0.7956 
   04402    0.4124   -8530.1865  0.7943 
   04403    0.4156   -8558.9150  0.7982 
   04404    0.4084   -8558.7520  0.8006 
   04405    0.4120   -8587.7412  0.8007 
   04406    0.3992   -8584.1533  0.8008 
   04407    0.4216   -8587.1768  0.8010 
   04408    0.4192   -8592.3594  0.7988 
   04409    0.4148   -8584.1914  0.7987 
   04410    0.4260   -8595.2773  0.7945 
   04411    0.4092   -8589.5195  0.7933 
   04412    0.4216   -8588.8408  0.7936 
   04413    0.3936   -8588.4570  0.7969 
   04414    0.3868   -8609.8838  0.8006 
   04415    0.4196   -8600.9932  0.7976 
   04416    0.4084   -8605.3926  0.7957 
   04417    0.4256   -8577.5957  0.7952 
   04418    0.4180   -8605.2744  0.7953 
   04419    0.3860   -8580.4453  0.7926 
   04420    0.4148   -8515.9395  0.7932 
   04421    0.4196   -8544.1113  0.7970 
   04422    0.4160   -8511.7109  0.7918 
   04423    0.4116   -8524.2588  0.7914 
   04424    0.4128   -8541.2881  0.7907 
   04425    0.4164   -8554.0527  0.7918 
   04426    0.4116   -8571.1455  0.7973 
   04427    0.4120   -8589.5859  0.7973 
   04428    0.3960   -8549.3408  0.7989 
   04429    0.4172   -8577.6611  0.7970 
   04430    0.3952   -8583.1562  0.7960 
   04431    0.4076   -8599.4629  0.7978 
   04432    0.4064   -8574.7246  0.7984 
   04433    0.4060   -8578.6279  0.7948 
   04434    0.4188   -8588.4365  0.7980 
   04435    0.4016   -8628.6836  0.8029 
   04436    0.4004   -8575.2158  0.7987 
   04437    0.4256   -8592.9854  0.7996 
   04438    0.4064   -8618.5762  0.8013 
   04439    0.4156   -8611.1514  0.8012 
   04440    0.4044   -8607.7695  0.8025 
   04441    0.4012   -8595.6045  0.8029 
   04442    0.4216   -8626.6377  0.8013 
   04443    0.4056   -8632.7441  0.8009 
   04444    0.4296   -8651.0801  0.8105 
   04445    0.3948   -8648.6318  0.8116 
   04446    0.4108   -8637.0303  0.8122 
   04447    0.4172   -8634.1895  0.8140 
   04448    0.3956   -8582.5420  0.8124 
   04449    0.4156   -8622.4434  0.8129 
   04450    0.4080   -8590.7764  0.8109 
   04451    0.4256   -8604.5186  0.8120 
   04452    0.4000   -8541.7773  0.8058 
   04453    0.4148   -8591.5225  0.8066 
   04454    0.4052   -8593.9814  0.8088 
   04455    0.4148   -8574.4502  0.8069 
   04456    0.4140   -8583.4551  0.8059 
   04457    0.4048   -8576.9980  0.8047 
   04458    0.4080   -8541.2715  0.8025 
   04459    0.4036   -8569.7852  0.8031 
   04460    0.4104   -8585.2725  0.8020 
   04461    0.4172   -8553.0410  0.8007 
   04462    0.4088   -8565.5791  0.8065 
   04463    0.4220   -8565.9131  0.8096 
   04464    0.4204   -8567.2842  0.8095 
   04465    0.4124   -8578.0332  0.8127 
   04466    0.4112   -8597.6943  0.8127 
   04467    0.4100   -8577.0566  0.8107 
   04468    0.4192   -8600.5029  0.8112 
   04469    0.4124   -8576.1768  0.8095 
   04470    0.4016   -8605.5156  0.8103 
   04471    0.4044   -8648.4082  0.8183 
   04472    0.4060   -8641.5723  0.8208 
   04473    0.4112   -8608.7520  0.8216 
   04474    0.4244   -8634.6475  0.8152 
   04475    0.4088   -8615.8574  0.8155 
   04476    0.4200   -8513.8105  0.8128 
   04477    0.4100   -8517.3955  0.8117 
   04478    0.3976   -8540.5244  0.8121 
   04479    0.4076   -8522.8418  0.8099 
   04480    0.3992   -8514.9883  0.8105 
   04481    0.4168   -8513.2461  0.8165 
   04482    0.4080   -8566.3672  0.8196 
   04483    0.3952   -8537.9199  0.8198 
   04484    0.4232   -8523.0400  0.8174 
   04485    0.4172   -8545.7930  0.8227 
   04486    0.4240   -8528.8984  0.8246 
   04487    0.4200   -8515.7070  0.8267 
   04488    0.4200   -8556.3926  0.8288 
   04489    0.4108   -8554.7061  0.8277 
   04490    0.3968   -8543.9102  0.8281 
   04491    0.3952   -8557.4961  0.8314 
   04492    0.4004   -8579.6133  0.8314 
   04493    0.4204   -8620.2578  0.8317 
   04494    0.3996   -8642.5703  0.8298 
   04495    0.4128   -8658.4727  0.8279 
   04496    0.4168   -8628.4785  0.8245 
   04497    0.4056   -8618.8232  0.8271 
   04498    0.4224   -8562.8516  0.8229 
   04499    0.4244   -8582.9492  0.8258 
   04500    0.3908   -8627.8701  0.8290 
   04501    0.4136   -8662.5693  0.8326 
   04502    0.4092   -8688.8320  0.8290 
   04503    0.3900   -8678.8574  0.8277 
   04504    0.4124   -8610.5586  0.8214 
   04505    0.4192   -8637.8760  0.8244 
   04506    0.4104   -8628.5244  0.8179 
   04507    0.3964   -8648.8965  0.8205 
   04508    0.3972   -8669.3691  0.8209 
   04509    0.4036   -8639.9121  0.8233 
   04510    0.4084   -8618.6025  0.8188 
   04511    0.4348   -8614.4893  0.8194 
   04512    0.4028   -8591.8193  0.8151 
   04513    0.4064   -8600.6035  0.8154 
   04514    0.4196   -8615.8750  0.8110 
   04515    0.3960   -8604.3096  0.8100 
   04516    0.4148   -8625.1455  0.8078 
   04517    0.4088   -8611.9277  0.8063 
   04518    0.4256   -8632.7695  0.8022 
   04519    0.3740   -8616.4326  0.8016 
   04520    0.4236   -8649.1943  0.8032 
   04521    0.4116   -8619.8008  0.8046 
   04522    0.3960   -8574.4717  0.8028 
   04523    0.3928   -8572.8564  0.8043 
   04524    0.4308   -8565.6055  0.8063 
   04525    0.4096   -8547.3018  0.8048 
   04526    0.4228   -8604.7432  0.8062 
   04527    0.4148   -8570.6064  0.8054 
   04528    0.4076   -8579.7070  0.8069 
   04529    0.4008   -8581.2510  0.8080 
   04530    0.3976   -8574.4355  0.8123 
   04531    0.3940   -8599.5020  0.8120 
   04532    0.4120   -8601.2861  0.8132 
   04533    0.4116   -8611.2588  0.8128 
   04534    0.4216   -8592.1943  0.8070 
   04535    0.4136   -8576.2295  0.8064 
   04536    0.4056   -8604.5566  0.8104 
   04537    0.4196   -8591.0439  0.8114 
   04538    0.4200   -8625.9688  0.8132 
   04539    0.3968   -8617.3135  0.8108 
   04540    0.4068   -8628.9932  0.8085 
   04541    0.4004   -8624.9277  0.8100 
   04542    0.4176   -8624.4619  0.8093 
   04543    0.4108   -8598.4102  0.8062 
   04544    0.4088   -8590.6826  0.8018 
   04545    0.4336   -8637.4463  0.8064 
   04546    0.4208   -8648.1289  0.8155 
   04547    0.4112   -8671.3350  0.8132 
   04548    0.3976   -8686.3662  0.8115 
   04549    0.3936   -8664.5371  0.8090 
   04550    0.4112   -8618.4062  0.8049 
   04551    0.4080   -8598.3916  0.8031 
   04552    0.3996   -8596.4141  0.8071 
   04553    0.4032   -8590.2070  0.8066 
   04554    0.4164   -8565.3320  0.8075 
   04555    0.4208   -8517.6377  0.8028 
   04556    0.4076   -8573.2363  0.8089 
   04557    0.3956   -8630.3242  0.8092 
   04558    0.4068   -8609.1680  0.8095 
   04559    0.4048   -8610.3418  0.8123 
   04560    0.4144   -8618.6045  0.8162 
   04561    0.4188   -8597.5537  0.8115 
   04562    0.4092   -8607.7715  0.8102 
   04563    0.3916   -8585.4258  0.8067 
   04564    0.3972   -8600.6445  0.8096 
   04565    0.4120   -8617.2188  0.8093 
   04566    0.3916   -8583.8682  0.8082 
   04567    0.4040   -8559.6182  0.8117 
   04568    0.4212   -8530.2861  0.8062 
   04569    0.4168   -8533.7246  0.8044 
   04570    0.4280   -8561.1455  0.8015 
   04571    0.4124   -8567.2656  0.8059 
   04572    0.4132   -8593.5127  0.8063 
   04573    0.4192   -8569.8301  0.8061 
   04574    0.4172   -8571.9932  0.8034 
   04575    0.4164   -8544.0537  0.8024 
   04576    0.4240   -8536.2109  0.8017 
   04577    0.4036   -8558.5156  0.8009 
   04578    0.4084   -8537.9004  0.7958 
   04579    0.4120   -8554.9131  0.7930 
   04580    0.4016   -8568.6211  0.7985 
   04581    0.4184   -8597.1299  0.8046 
   04582    0.3924   -8590.0684  0.8048 
   04583    0.3968   -8604.8877  0.8047 
   04584    0.4076   -8591.1641  0.8022 
   04585    0.4036   -8638.4277  0.8035 
   04586    0.4072   -8602.9199  0.7996 
   04587    0.4116   -8577.8955  0.7979 
   04588    0.4124   -8611.3154  0.8022 
   04589    0.4168   -8614.7871  0.8020 
   04590    0.3992   -8622.5879  0.8035 
   04591    0.4020   -8632.2344  0.8049 
   04592    0.4100   -8596.4072  0.8027 
   04593    0.3988   -8585.6426  0.8060 
   04594    0.4240   -8603.8340  0.8090 
   04595    0.4068   -8590.1338  0.8080 
   04596    0.4064   -8586.2383  0.8030 
   04597    0.4108   -8585.5459  0.8013 
   04598    0.4200   -8561.2178  0.7990 
   04599    0.4160   -8526.6396  0.7975 
   04600    0.4032   -8561.4395  0.7975 
   04601    0.4148   -8608.5928  0.7961 
   04602    0.4080   -8582.9893  0.7981 
   04603    0.4136   -8592.4102  0.7965 
   04604    0.4124   -8601.3799  0.7939 
   04605    0.4056   -8565.1270  0.7879 
   04606    0.4016   -8604.1064  0.7911 
   04607    0.4060   -8620.1680  0.7948 
   04608    0.4156   -8598.3770  0.7953 
   04609    0.4140   -8603.7422  0.7978 
   04610    0.4120   -8614.1934  0.7958 
   04611    0.3924   -8666.0605  0.8023 
   04612    0.3900   -8663.2988  0.8018 
   04613    0.3988   -8610.9795  0.8022 
   04614    0.3908   -8601.4131  0.8009 
   04615    0.4036   -8645.7061  0.8031 
   04616    0.4144   -8619.3965  0.8010 
   04617    0.4132   -8617.3545  0.8035 
   04618    0.4012   -8621.4980  0.8045 
   04619    0.4056   -8658.8369  0.8032 
   04620    0.4384   -8627.0625  0.8028 
   04621    0.3940   -8569.0752  0.8016 
   04622    0.4036   -8601.0283  0.8044 
   04623    0.4072   -8568.4551  0.8035 
   04624    0.4064   -8570.5430  0.8017 
   04625    0.4216   -8583.8086  0.8015 
   04626    0.3996   -8607.5391  0.7987 
   04627    0.4132   -8579.8037  0.7974 
   04628    0.4100   -8553.9258  0.7967 
   04629    0.4276   -8591.9844  0.7992 
   04630    0.4256   -8605.2461  0.8021 
   04631    0.4112   -8571.7422  0.7996 
   04632    0.3972   -8601.7012  0.8019 
   04633    0.4016   -8612.7217  0.8086 
   04634    0.3988   -8631.5283  0.8060 
   04635    0.4084   -8635.9629  0.8072 
   04636    0.4012   -8619.5430  0.8060 
   04637    0.4028   -8610.9922  0.8023 
   04638    0.3928   -8565.5205  0.7955 
   04639    0.4024   -8560.8760  0.7950 
   04640    0.4108   -8539.3223  0.7925 
   04641    0.4056   -8563.9893  0.7995 
   04642    0.4112   -8576.4854  0.8005 
   04643    0.4240   -8651.1201  0.7997 
   04644    0.4012   -8642.1768  0.8040 
   04645    0.4076   -8619.4902  0.8069 
   04646    0.4108   -8618.9082  0.8078 
   04647    0.4064   -8601.3535  0.8130 
   04648    0.4192   -8627.9482  0.8114 
   04649    0.4184   -8630.3350  0.8111 
   04650    0.4248   -8567.3555  0.8085 
   04651    0.4024   -8563.9375  0.8069 
   04652    0.4092   -8561.7510  0.8092 
   04653    0.4164   -8575.2646  0.8119 
   04654    0.4216   -8514.0029  0.8078 
   04655    0.4120   -8566.0342  0.8135 
   04656    0.4056   -8601.7178  0.8153 
   04657    0.4004   -8609.3281  0.8152 
   04658    0.4096   -8631.5127  0.8162 
   04659    0.4048   -8660.5293  0.8208 
   04660    0.4176   -8631.4355  0.8203 
   04661    0.4180   -8672.9922  0.8226 
   04662    0.4232   -8705.6270  0.8241 
   04663    0.3952   -8644.2266  0.8215 
   04664    0.4116   -8651.6709  0.8193 
   04665    0.3936   -8610.9346  0.8163 
   04666    0.4180   -8569.5273  0.8182 
   04667    0.4056   -8572.7627  0.8202 
   04668    0.4004   -8606.1875  0.8201 
   04669    0.4084   -8620.1650  0.8206 
   04670    0.4016   -8625.4102  0.8223 
   04671    0.4180   -8613.8984  0.8241 
   04672    0.4064   -8594.7930  0.8214 
   04673    0.4180   -8626.6641  0.8222 
   04674    0.3972   -8618.4219  0.8228 
   04675    0.4124   -8643.5811  0.8267 
   04676    0.3968   -8611.4375  0.8256 
   04677    0.3980   -8629.2275  0.8248 
   04678    0.4084   -8579.7793  0.8198 
   04679    0.4016   -8663.4678  0.8277 
   04680    0.3944   -8653.9775  0.8270 
   04681    0.4072   -8669.4473  0.8255 
   04682    0.4048   -8659.1553  0.8254 
   04683    0.3984   -8648.8750  0.8222 
   04684    0.3928   -8645.0322  0.8224 
   04685    0.3968   -8602.3887  0.8192 
   04686    0.3948   -8556.4648  0.8160 
   04687    0.4052   -8558.4336  0.8200 
   04688    0.3920   -8534.4248  0.8165 
   04689    0.4060   -8517.4561  0.8152 
   04690    0.4232   -8583.8477  0.8167 
   04691    0.4196   -8593.9043  0.8205 
   04692    0.4172   -8608.1777  0.8208 
   04693    0.4132   -8638.6689  0.8183 
   04694    0.3948   -8611.7188  0.8185 
   04695    0.4144   -8571.6494  0.8142 
   04696    0.3940   -8560.6934  0.8166 
   04697    0.4220   -8633.4297  0.8185 
   04698    0.4036   -8606.1777  0.8214 
   04699    0.4192   -8600.8340  0.8211 
   04700    0.3988   -8609.2178  0.8227 
   04701    0.4076   -8587.5088  0.8198 
   04702    0.4092   -8518.2705  0.8214 
   04703    0.3988   -8549.6104  0.8253 
   04704    0.4164   -8558.5371  0.8237 
   04705    0.4048   -8593.0059  0.8232 
   04706    0.4084   -8567.2197  0.8189 
   04707    0.4168   -8578.7246  0.8219 
   04708    0.4340   -8584.5498  0.8233 
   04709    0.4164   -8627.2598  0.8293 
   04710    0.3844   -8607.7725  0.8300 
   04711    0.4040   -8664.0859  0.8314 
   04712    0.4076   -8625.5088  0.8298 
   04713    0.4052   -8577.9844  0.8222 
   04714    0.3980   -8581.6914  0.8206 
   04715    0.4080   -8598.8750  0.8213 
   04716    0.4076   -8591.2266  0.8206 
   04717    0.4104   -8620.4814  0.8170 
   04718    0.4068   -8584.9902  0.8123 
   04719    0.4036   -8601.2100  0.8130 
   04720    0.3848   -8661.7354  0.8170 
   04721    0.4116   -8599.0117  0.8132 
   04722    0.4196   -8601.1406  0.8167 
   04723    0.4088   -8615.3955  0.8229 
   04724    0.4032   -8621.0459  0.8209 
   04725    0.4172   -8590.8516  0.8201 
   04726    0.3980   -8648.5605  0.8232 
   04727    0.4044   -8644.9697  0.8225 
   04728    0.4080   -8646.4336  0.8188 
   04729    0.4180   -8626.7979  0.8168 
   04730    0.3956   -8592.4551  0.8215 
   04731    0.4148   -8622.9209  0.8231 
   04732    0.4112   -8658.5664  0.8254 
   04733    0.4104   -8643.2207  0.8237 
   04734    0.4236   -8660.7285  0.8250 
   04735    0.3988   -8615.7441  0.8233 
   04736    0.4112   -8605.4307  0.8210 
   04737    0.4136   -8608.9092  0.8177 
   04738    0.4180   -8602.5625  0.8173 
   04739    0.4048   -8640.5830  0.8164 
   04740    0.3980   -8670.4219  0.8142 
   04741    0.4208   -8643.8760  0.8122 
   04742    0.4116   -8591.8916  0.8095 
   04743    0.4072   -8567.4785  0.8031 
   04744    0.4052   -8542.3994  0.8002 
   04745    0.4064   -8559.0449  0.8032 
   04746    0.4056   -8582.8301  0.8027 
   04747    0.4088   -8606.6484  0.7999 
   04748    0.3932   -8639.7354  0.8095 
   04749    0.4148   -8620.9033  0.8051 
   04750    0.3960   -8579.5811  0.7994 
   04751    0.4144   -8540.9492  0.7968 
   04752    0.4160   -8508.4102  0.7917 
   04753    0.4096   -8530.3096  0.7934 
   04754    0.4092   -8504.9346  0.7925 
   04755    0.4192   -8538.8848  0.7970 
   04756    0.3848   -8599.4102  0.8040 
   04757    0.4148   -8579.7637  0.8020 
   04758    0.3824   -8545.0186  0.8052 
   04759    0.4208   -8592.7363  0.8081 
   04760    0.4252   -8604.1885  0.8033 
   04761    0.3984   -8586.2607  0.7983 
   04762    0.4228   -8599.7549  0.7980 
   04763    0.4048   -8565.5703  0.7951 
   04764    0.4136   -8571.0459  0.7986 
   04765    0.4052   -8542.1445  0.7971 
   04766    0.4132   -8509.5713  0.7984 
   04767    0.4140   -8529.8916  0.8033 
   04768    0.4148   -8547.4941  0.8059 
   04769    0.4212   -8548.9102  0.8012 
   04770    0.4144   -8565.6055  0.7998 
   04771    0.4064   -8562.3516  0.8001 
   04772    0.4092   -8571.1357  0.8038 
   04773    0.3992   -8581.8174  0.8024 
   04774    0.4200   -8606.8057  0.8031 
   04775    0.3996   -8608.6660  0.8016 
   04776    0.3988   -8596.2441  0.7995 
   04777    0.4064   -8556.8555  0.7970 
   04778    0.4148   -8585.0479  0.7937 
   04779    0.3996   -8562.0254  0.7928 
   04780    0.4136   -8563.6240  0.7949 
   04781    0.4096   -8579.5498  0.7972 
   04782    0.4088   -8569.4365  0.7961 
   04783    0.4008   -8580.4502  0.7929 
   04784    0.4192   -8604.2217  0.7917 
   04785    0.3928   -8596.3730  0.7977 
   04786    0.4036   -8588.2607  0.7959 
   04787    0.4156   -8593.3115  0.7949 
   04788    0.4168   -8535.3633  0.7944 
   04789    0.4096   -8585.3281  0.7976 
   04790    0.4132   -8557.3848  0.7946 
   04791    0.4236   -8564.5488  0.7976 
   04792    0.4156   -8607.3301  0.8006 
   04793    0.4184   -8613.8477  0.8032 
   04794    0.3984   -8610.7344  0.8028 
   04795    0.4140   -8596.6455  0.8029 
   04796    0.4140   -8671.0469  0.8040 
   04797    0.4168   -8627.5186  0.7975 
   04798    0.4132   -8640.7529  0.8025 
   04799    0.4004   -8648.1572  0.8037 
   04800    0.3988   -8658.7246  0.8085 
   04801    0.4184   -8638.9395  0.8067 
   04802    0.4108   -8644.4707  0.8017 
   04803    0.3980   -8615.0479  0.8014 
   04804    0.4064   -8575.4170  0.7996 
   04805    0.3972   -8578.6494  0.7981 
   04806    0.4148   -8613.7109  0.8022 
   04807    0.3972   -8618.3857  0.8002 
   04808    0.4272   -8604.2510  0.7990 
   04809    0.4028   -8586.9990  0.8024 
   04810    0.4152   -8581.8818  0.8022 
   04811    0.4036   -8599.4512  0.7993 
   04812    0.4112   -8588.4736  0.7975 
   04813    0.4000   -8629.5508  0.7995 
   04814    0.4000   -8654.4639  0.8030 
   04815    0.4044   -8596.2295  0.8037 
   04816    0.4156   -8564.1230  0.8066 
   04817    0.4024   -8587.3105  0.8076 
   04818    0.4080   -8586.1641  0.8084 
   04819    0.3992   -8601.0879  0.8103 
   04820    0.4232   -8577.5811  0.8133 
   04821    0.4064   -8587.5244  0.8127 
   04822    0.4052   -8630.2236  0.8195 
   04823    0.4084   -8619.7266  0.8159 
   04824    0.4240   -8683.7920  0.8188 
   04825    0.4052   -8696.3262  0.8211 
   04826    0.4112   -8677.5752  0.8208 
   04827    0.4000   -8679.7666  0.8220 
   04828    0.4040   -8676.1338  0.8231 
   04829    0.3992   -8665.3027  0.8191 
   04830    0.4056   -8623.1221  0.8206 
   04831    0.3980   -8604.4521  0.8194 
   04832    0.3876   -8582.5498  0.8231 
   04833    0.4040   -8617.5605  0.8237 
   04834    0.4116   -8577.7422  0.8191 
   04835    0.3928   -8595.9912  0.8177 
   04836    0.4036   -8579.6172  0.8174 
   04837    0.4056   -8606.2695  0.8205 
   04838    0.3988   -8599.9160  0.8208 
   04839    0.4184   -8598.2012  0.8219 
   04840    0.4164   -8605.5098  0.8220 
   04841    0.4060   -8596.8799  0.8217 
   04842    0.4036   -8594.5459  0.8244 
   04843    0.4088   -8600.9443  0.8232 
   04844    0.4140   -8624.0195  0.8285 
   04845    0.4140   -8646.5078  0.8291 
   04846    0.4168   -8670.4111  0.8315 
   04847    0.4084   -8680.0186  0.8341 
   04848    0.3980   -8690.1279  0.8354 
   04849    0.4140   -8629.5605  0.8299 
   04850    0.4160   -8620.2783  0.8268 
   04851    0.4020   -8602.0645  0.8273 
   04852    0.4112   -8600.7803  0.8301 
   04853    0.4064   -8592.4209  0.8281 
   04854    0.4012   -8616.5303  0.8307 
   04855    0.3940   -8598.1982  0.8288 
   04856    0.4084   -8573.2656  0.8233 
   04857    0.4064   -8567.5029  0.8278 
   04858    0.4076   -8559.5020  0.8277 
   04859    0.4196   -8552.2842  0.8253 
   04860    0.4256   -8595.4209  0.8258 
   04861    0.4168   -8579.7803  0.8265 
   04862    0.4164   -8567.1924  0.8311 
   04863    0.4000   -8594.6787  0.8280 
   04864    0.4248   -8544.5322  0.8274 
   04865    0.4112   -8568.6631  0.8270 
   04866    0.4036   -8546.5830  0.8213 
   04867    0.4060   -8515.8535  0.8191 
   04868    0.4124   -8538.7725  0.8219 
   04869    0.4264   -8520.8418  0.8214 
   04870    0.4248   -8491.5322  0.8170 
   04871    0.4088   -8519.9082  0.8150 
   04872    0.4060   -8517.4893  0.8126 
   04873    0.4200   -8529.2109  0.8131 
   04874    0.4280   -8565.2725  0.8136 
   04875    0.4040   -8564.0137  0.8109 
   04876    0.3992   -8552.4307  0.8085 
   04877    0.4068   -8533.4209  0.8097 
   04878    0.4184   -8559.8291  0.8099 
   04879    0.4084   -8609.1787  0.8118 
   04880    0.4100   -8628.1084  0.8104 
   04881    0.4040   -8602.3721  0.8110 
   04882    0.4172   -8599.2090  0.8097 
   04883    0.3980   -8583.7930  0.8114 
   04884    0.4120   -8595.7871  0.8156 
   04885    0.4132   -8611.3926  0.8177 
   04886    0.4088   -8637.5859  0.8196 
   04887    0.3964   -8632.4150  0.8201 
   04888    0.4068   -8638.4336  0.8190 
   04889    0.4056   -8650.9961  0.8210 
   04890    0.4144   -8644.0742  0.8191 
   04891    0.4140   -8646.3984  0.8176 
   04892    0.3980   -8649.7930  0.8216 
   04893    0.3980   -8613.7959  0.8175 
   04894    0.4032   -8613.4219  0.8218 
   04895    0.3952   -8595.9072  0.8192 
   04896    0.4044   -8613.8516  0.8140 
   04897    0.3984   -8618.7539  0.8173 
   04898    0.4096   -8588.6582  0.8189 
   04899    0.4008   -8633.6553  0.8188 
   04900    0.4008   -8622.0537  0.8179 
   04901    0.4140   -8590.0244  0.8133 
   04902    0.4220   -8581.8359  0.8151 
   04903    0.4200   -8561.9160  0.8129 
   04904    0.3912   -8594.1934  0.8132 
   04905    0.4192   -8578.3486  0.8126 
   04906    0.4180   -8540.6777  0.8093 
   04907    0.4012   -8570.3359  0.8111 
   04908    0.4080   -8585.4336  0.8131 
   04909    0.3856   -8584.9121  0.8146 
   04910    0.3956   -8582.0752  0.8123 
   04911    0.4084   -8584.2686  0.8120 
   04912    0.4132   -8614.9121  0.8127 
   04913    0.4080   -8606.1855  0.8126 
   04914    0.4220   -8568.2119  0.8130 
   04915    0.4096   -8528.5283  0.8082 
   04916    0.3968   -8559.7041  0.8113 
   04917    0.4104   -8572.6494  0.8084 
   04918    0.4064   -8584.0879  0.8108 
   04919    0.4052   -8542.2607  0.8144 
   04920    0.4020   -8542.0889  0.8131 
   04921    0.4012   -8552.3359  0.8078 
   04922    0.4060   -8530.7461  0.8077 
   04923    0.4212   -8589.9971  0.8111 
   04924    0.4048   -8623.7910  0.8132 
   04925    0.4060   -8598.5020  0.8165 
   04926    0.4228   -8575.9824  0.8127 
   04927    0.4200   -8569.9756  0.8147 
   04928    0.4212   -8559.8057  0.8124 
   04929    0.4108   -8581.1270  0.8107 
   04930    0.4016   -8572.3701  0.8117 
   04931    0.4276   -8560.8789  0.8070 
   04932    0.4184   -8561.2461  0.8056 
   04933    0.3996   -8549.8027  0.8055 
   04934    0.4088   -8540.4775  0.8023 
   04935    0.3992   -8569.3545  0.8064 
   04936    0.3932   -8566.2891  0.8055 
   04937    0.4124   -8569.5381  0.8087 
   04938    0.4148   -8576.9912  0.8093 
   04939    0.4168   -8594.2676  0.8140 
   04940    0.4176   -8553.6377  0.8116 
   04941    0.4108   -8543.3105  0.8096 
   04942    0.4040   -8596.6045  0.8112 
   04943    0.4120   -8595.9551  0.8126 
   04944    0.4108   -8620.3105  0.8139 
   04945    0.3896   -8571.2744  0.8137 
   04946    0.4032   -8597.8799  0.8128 
   04947    0.3852   -8625.5137  0.8166 
   04948    0.4088   -8617.8867  0.8168 
   04949    0.4256   -8614.9941  0.8139 
   04950    0.4208   -8615.4814  0.8138 
   04951    0.4112   -8576.5879  0.8111 
   04952    0.3992   -8547.5928  0.8061 
   04953    0.3964   -8550.2051  0.8066 
   04954    0.4196   -8559.8623  0.8078 
   04955    0.4180   -8569.5166  0.8129 
   04956    0.3964   -8575.9980  0.8133 
   04957    0.4028   -8589.7998  0.8152 
   04958    0.4040   -8560.3203  0.8153 
   04959    0.4032   -8631.6670  0.8231 
   04960    0.4200   -8586.7861  0.8207 
   04961    0.4036   -8602.8584  0.8208 
   04962    0.3980   -8598.6670  0.8200 
   04963    0.3916   -8596.3711  0.8262 
   04964    0.4164   -8574.1055  0.8221 
   04965    0.4148   -8606.8701  0.8203 
   04966    0.4000   -8577.0732  0.8224 
   04967    0.4064   -8605.0752  0.8225 
   04968    0.4048   -8585.7822  0.8211 
   04969    0.4104   -8648.3389  0.8230 
   04970    0.4176   -8640.2051  0.8234 
   04971    0.4156   -8652.7832  0.8249 
   04972    0.4060   -8651.4463  0.8240 
   04973    0.3924   -8652.4873  0.8250 
   04974    0.3948   -8588.5195  0.8177 
   04975    0.4100   -8569.9297  0.8166 
   04976    0.4068   -8557.0977  0.8185 
   04977    0.4140   -8540.5977  0.8189 
   04978    0.4116   -8518.4893  0.8178 
   04979    0.3948   -8555.3643  0.8226 
   04980    0.4088   -8528.5322  0.8195 
   04981    0.4296   -8500.1270  0.8184 
   04982    0.4120   -8549.0918  0.8224 
   04983    0.4300   -8562.1953  0.8234 
   04984    0.4104   -8605.9766  0.8242 
   04985    0.3988   -8620.4893  0.8254 
   04986    0.4160   -8609.5068  0.8240 
   04987    0.4072   -8638.1748  0.8265 
   04988    0.3972   -8637.2461  0.8254 
   04989    0.3920   -8611.4600  0.8264 
   04990    0.4148   -8604.3086  0.8263 
   04991    0.4196   -8577.5557  0.8255 
   04992    0.3952   -8634.1055  0.8307 
   04993    0.4120   -8628.1992  0.8302 
   04994    0.3996   -8636.5391  0.8337 
   04995    0.3924   -8631.0361  0.8345 
   04996    0.4044   -8618.9619  0.8347 
   04997    0.4024   -8618.3770  0.8370 
   04998    0.4148   -8635.2861  0.8360 
   04999    0.4216   -8618.3779  0.8329 
   05000    0.4140   -8607.2334  0.8301 
