#=====================================================
# File created:        Sun-22-Feb-2026-at-06-01-42PM
# Size of lattice:     20x20
# Number of MC steps:  5000
# Reduced temperature: 0.500
# Run time (s):        2.610993
#=====================================================
# MC step:  Ratio:     Energy:   Order:
#=====================================================
   00000    0.5000    -421.6219  0.2634 
   00001    0.6475    -648.8332  0.2824 
   00002    0.6125    -734.3778  0.2535 
   00003    0.5775    -830.9105  0.2726 
   00004    0.5500    -894.1686  0.2679 
   00005    0.5175    -943.2739  0.3017 
   00006    0.5275    -990.0724  0.3268 
   00007    0.4975   -1016.1836  0.3318 
   00008    0.4575   -1041.0574  0.3295 
   00009    0.5100   -1056.8235  0.3213 
   00010    0.5000   -1088.1115  0.3261 
   00011    0.4550   -1115.6273  0.3263 
   00012    0.4800   -1145.3969  0.3214 
   00013    0.5200   -1169.4244  0.3456 
   00014    0.5050   -1163.5372  0.3572 
   00015    0.4650   -1158.6367  0.3625 
   00016    0.4850   -1167.4315  0.3647 
   00017    0.4550   -1201.2458  0.3693 
   00018    0.4125   -1193.4077  0.3759 
   00019    0.4900   -1207.5658  0.3693 
   00020    0.4200   -1215.0270  0.3756 
   00021    0.4250   -1231.7517  0.3823 
   00022    0.4275   -1234.7781  0.3797 
   00023    0.4425   -1222.4840  0.3831 
   00024    0.4525   -1218.7816  0.3820 
   00025    0.4275   -1231.2253  0.3712 
   00026    0.4375   -1239.5928  0.3609 
   00027    0.4500   -1249.8553  0.3703 
   00028    0.4500   -1229.8162  0.3932 
   00029    0.4450   -1254.0088  0.4080 
   00030    0.4400   -1257.3431  0.4205 
   00031    0.4375   -1265.1138  0.4225 
   00032    0.4575   -1261.3979  0.4115 
   00033    0.4250   -1268.8085  0.4056 
   00034    0.4650   -1267.8594  0.4062 
   00035    0.4475   -1272.7467  0.3930 
   00036    0.4150   -1264.7631  0.4094 
   00037    0.4900   -1260.5691  0.4375 
   00038    0.4400   -1258.5981  0.4523 
   00039    0.4525   -1274.6194  0.4649 
   00040    0.4425   -1267.9027  0.4722 
   00041    0.4425   -1259.0166  0.4697 
   00042    0.4200   -1256.8805  0.4676 
   00043    0.4450   -1268.8365  0.4662 
   00044    0.4200   -1272.5156  0.4781 
   00045    0.4050   -1285.3387  0.4917 
   00046    0.4100   -1279.1302  0.4855 
   00047    0.4500   -1290.9722  0.4835 
   00048    0.3925   -1292.7234  0.4669 
   00049    0.4000   -1306.1924  0.4900 
   00050    0.4275   -1329.8511  0.5003 
   00051    0.4400   -1321.6255  0.5022 
   00052    0.4125   -1329.7260  0.5075 
   00053    0.4300   -1329.0936  0.5072 
   00054    0.4225   -1326.4561  0.5230 
   00055    0.4250   -1328.9921  0.5237 
   00056    0.3975   -1326.0829  0.5089 
   00057    0.4675   -1327.3154  0.5202 
   00058    0.4600   -1321.4637  0.5204 
   00059    0.4500   -1336.3417  0.5374 
   00060    0.4150   -1328.5481  0.5629 
   00061    0.4250   -1324.6571  0.5648 
   00062    0.4300   -1340.2366  0.5754 
   00063    0.4350   -1354.8311  0.5615 
   00064    0.4500   -1364.8368  0.5445 
   00065    0.4375   -1352.7068  0.5360 
   00066    0.4200   -1345.0884  0.5300 
   00067    0.4125   -1329.1558  0.5313 
   00068    0.4550   -1306.8411  0.5425 
   00069    0.3900   -1308.7529  0.5469 
   00070    0.4125   -1321.9851  0.5529 
   00071    0.4350   -1317.5563  0.5638 
   00072    0.4150   -1315.5488  0.5509 
   00073    0.4175   -1336.3286  0.5477 
   00074    0.4475   -1325.8590  0.5519 
   00075    0.4625   -1328.2922  0.5722 
   00076    0.4075   -1329.1179  0.5751 
   00077    0.4550   -1337.0917  0.5730 
   00078    0.4100   -1330.8440  0.5872 
   00079    0.4425   -1321.7904  0.5865 
   00080    0.4550   -1312.6593  0.5875 
   00081    0.4075   -1304.1396  0.5808 
   00082    0.4275   -1305.5500  0.5727 
   00083    0.4475   -1305.4048  0.5567 
   00084    0.3900   -1325.1646  0.5727 
   00085    0.4075   -1324.7792  0.5782 
   00086    0.3825   -1334.2201  0.5862 
   00087    0.3925   -1319.9875  0.5934 
   00088    0.4425   -1324.4103  0.6119 
   00089    0.3825   -1318.8557  0.6144 
   00090    0.4600   -1324.2573  0.6271 
   00091    0.3875   -1327.6036  0.6369 
   00092    0.3625   -1338.1637  0.6426 
   00093    0.4375   -1341.9332  0.6400 
   00094    0.4225   -1331.1080  0.6447 
   00095    0.4525   -1332.0513  0.6459 
   00096    0.4275   -1330.5026  0.6346 
   00097    0.4025   -1320.8428  0.6213 
   00098    0.3925   -1305.2759  0.6146 
   00099    0.4100   -1331.0626  0.6431 
   00100    0.4300   -1348.8381  0.6405 
   00101    0.4350   -1346.9370  0.6476 
   00102    0.4625   -1352.1613  0.6421 
   00103    0.4150   -1344.4349  0.6389 
   00104    0.4425   -1363.4744  0.6563 
   00105    0.3850   -1361.9937  0.6519 
   00106    0.3750   -1365.5396  0.6562 
   00107    0.4375   -1356.4927  0.6532 
   00108    0.4000   -1337.3802  0.6507 
   00109    0.4400   -1329.2793  0.6400 
   00110    0.4325   -1336.2479  0.6423 
   00111    0.4425   -1350.0184  0.6618 
   00112    0.4475   -1344.4309  0.6501 
   00113    0.3950   -1363.8494  0.6602 
   00114    0.4000   -1346.5514  0.6585 
   00115    0.3975   -1341.8973  0.6595 
   00116    0.4700   -1351.1212  0.6624 
   00117    0.4050   -1344.9725  0.6791 
   00118    0.3475   -1351.1277  0.6843 
   00119    0.3950   -1361.8666  0.6965 
   00120    0.4375   -1373.9967  0.7304 
   00121    0.4025   -1367.4467  0.7337 
   00122    0.3950   -1352.7677  0.7405 
   00123    0.4250   -1351.2539  0.7230 
   00124    0.4250   -1364.1127  0.7375 
   00125    0.3950   -1347.3196  0.7487 
   00126    0.4275   -1355.4524  0.7516 
   00127    0.4350   -1333.3248  0.7456 
   00128    0.4350   -1333.2778  0.7302 
   00129    0.4300   -1339.2029  0.7182 
   00130    0.4425   -1318.4226  0.7181 
   00131    0.4500   -1331.0549  0.7372 
   00132    0.4200   -1336.5282  0.7322 
   00133    0.3900   -1334.9004  0.7347 
   00134    0.4025   -1352.1237  0.7458 
   00135    0.4800   -1361.8564  0.7460 
   00136    0.4225   -1359.4600  0.7509 
   00137    0.4650   -1354.8453  0.7485 
   00138    0.4075   -1379.4458  0.7763 
   00139    0.4400   -1356.8707  0.7586 
   00140    0.4000   -1352.3878  0.7480 
   00141    0.4250   -1351.5287  0.7405 
   00142    0.3850   -1355.7598  0.7618 
   00143    0.3975   -1344.4982  0.7476 
   00144    0.4450   -1345.0240  0.7464 
   00145    0.3975   -1344.4568  0.7415 
   00146    0.4275   -1344.4161  0.7407 
   00147    0.4800   -1366.0569  0.7613 
   00148    0.4475   -1346.9685  0.7614 
   00149    0.5000   -1346.3678  0.7674 
   00150    0.3900   -1352.4270  0.7701 
   00151    0.4375   -1348.1124  0.7698 
   00152    0.4125   -1351.5902  0.7658 
   00153    0.4125   -1358.7284  0.7653 
   00154    0.4175   -1373.3915  0.7776 
   00155    0.4150   -1370.7904  0.7716 
   00156    0.3975   -1352.5868  0.7634 
   00157    0.4250   -1366.7939  0.7561 
   00158    0.4175   -1360.7300  0.7417 
   00159    0.4175   -1353.5369  0.7404 
   00160    0.4200   -1349.4098  0.7279 
   00161    0.4025   -1345.7926  0.7337 
   00162    0.4250   -1337.0804  0.7254 
   00163    0.4650   -1321.7571  0.7224 
   00164    0.4225   -1317.0773  0.7189 
   00165    0.4450   -1323.7321  0.7195 
   00166    0.3600   -1320.4675  0.7279 
   00167    0.4075   -1331.5106  0.7356 
   00168    0.4075   -1331.2679  0.7441 
   00169    0.4000   -1333.4393  0.7467 
   00170    0.4475   -1347.3087  0.7346 
   00171    0.3725   -1324.8844  0.7266 
   00172    0.4100   -1321.7241  0.7408 
   00173    0.4375   -1309.6499  0.7371 
   00174    0.4200   -1313.6653  0.7478 
   00175    0.4000   -1345.4528  0.7423 
   00176    0.4350   -1358.4041  0.7292 
   00177    0.4250   -1354.5741  0.7400 
   00178    0.4375   -1350.1500  0.7422 
   00179    0.4100   -1350.4250  0.7338 
   00180    0.4325   -1348.4208  0.7190 
   00181    0.4000   -1343.4089  0.7283 
   00182    0.3750   -1333.8838  0.7292 
   00183    0.4475   -1336.8441  0.7436 
   00184    0.4300   -1344.7390  0.7362 
   00185    0.3725   -1348.5436  0.7418 
   00186    0.4275   -1333.0873  0.7653 
   00187    0.4325   -1342.0162  0.7661 
   00188    0.4000   -1351.7866  0.7760 
   00189    0.4100   -1353.2188  0.7775 
   00190    0.4200   -1348.1899  0.7838 
   00191    0.4075   -1351.5553  0.7894 
   00192    0.4150   -1338.0798  0.7857 
   00193    0.4200   -1360.9098  0.7935 
   00194    0.3975   -1357.6423  0.7976 
   00195    0.3875   -1364.6030  0.7940 
   00196    0.3875   -1358.4595  0.7874 
   00197    0.4125   -1368.7299  0.7851 
   00198    0.4050   -1347.2245  0.7866 
   00199    0.3725   -1348.3002  0.7787 
   00200    0.3975   -1353.3635  0.7896 
   00201    0.3875   -1368.5599  0.7895 
   00202    0.3875   -1377.7107  0.8013 
   00203    0.4150   -1384.7415  0.8111 
   00204    0.4125   -1386.1367  0.8178 
   00205    0.4050   -1384.8066  0.8114 
   00206    0.4400   -1380.1420  0.8110 
   00207    0.4200   -1393.0170  0.8223 
   00208    0.3675   -1385.4496  0.8239 
   00209    0.4175   -1385.8264  0.8240 
   00210    0.4175   -1365.7335  0.8141 
   00211    0.3875   -1373.2358  0.8068 
   00212    0.4025   -1370.1510  0.8125 
   00213    0.3900   -1340.3755  0.7925 
   00214    0.4150   -1342.7924  0.7895 
   00215    0.4275   -1343.0822  0.7982 
   00216    0.4250   -1356.8013  0.8024 
   00217    0.4275   -1352.4824  0.8004 
   00218    0.4125   -1362.7192  0.8036 
   00219    0.3900   -1363.6392  0.8182 
   00220    0.3975   -1354.1003  0.8223 
   00221    0.4350   -1352.3954  0.8182 
   00222    0.4850   -1367.1381  0.8266 
   00223    0.4000   -1367.8240  0.8321 
   00224    0.3750   -1363.5364  0.8294 
   00225    0.4475   -1368.3960  0.8375 
   00226    0.3600   -1373.5663  0.8365 
   00227    0.4450   -1370.4822  0.8498 
   00228    0.4300   -1370.5787  0.8586 
   00229    0.4300   -1330.3663  0.8485 
   00230    0.4125   -1333.4056  0.8473 
   00231    0.4250   -1368.9734  0.8613 
   00232    0.4350   -1372.4655  0.8622 
   00233    0.4250   -1384.1361  0.8623 
   00234    0.3950   -1375.8868  0.8502 
   00235    0.3600   -1375.5405  0.8465 
   00236    0.4150   -1371.4634  0.8507 
   00237    0.3975   -1356.2725  0.8462 
   00238    0.3725   -1347.3206  0.8504 
   00239    0.4225   -1364.4387  0.8571 
   00240    0.3950   -1353.9221  0.8509 
   00241    0.3975   -1367.6570  0.8630 
   00242    0.4475   -1370.5913  0.8670 
   00243    0.4450   -1369.0366  0.8664 
   00244    0.3900   -1375.5969  0.8652 
   00245    0.3850   -1376.1793  0.8647 
   00246    0.4150   -1377.1320  0.8691 
   00247    0.3550   -1373.6720  0.8686 
   00248    0.3950   -1345.3723  0.8567 
   00249    0.4275   -1373.1680  0.8641 
   00250    0.4375   -1372.6962  0.8601 
   00251    0.4125   -1389.0055  0.8650 
   00252    0.4075   -1396.8008  0.8631 
   00253    0.4075   -1385.4456  0.8608 
   00254    0.3975   -1396.9281  0.8583 
   00255    0.3625   -1399.6544  0.8575 
   00256    0.3775   -1388.3558  0.8603 
   00257    0.4125   -1384.0052  0.8571 
   00258    0.4000   -1378.2513  0.8556 
   00259    0.3975   -1376.5656  0.8641 
   00260    0.4275   -1374.4349  0.8601 
   00261    0.4325   -1384.1226  0.8616 
   00262    0.3975   -1384.3463  0.8623 
   00263    0.3500   -1394.2538  0.8688 
   00264    0.3675   -1396.2357  0.8628 
   00265    0.3600   -1396.5922  0.8701 
   00266    0.4250   -1391.4076  0.8681 
   00267    0.4325   -1378.8571  0.8619 
   00268    0.3700   -1388.8389  0.8716 
   00269    0.4250   -1387.2876  0.8647 
   00270    0.3850   -1377.0433  0.8549 
   00271    0.3925   -1387.3115  0.8596 
   00272    0.4075   -1372.3323  0.8519 
   00273    0.4000   -1363.1647  0.8538 
   00274    0.4050   -1371.2869  0.8564 
   00275    0.4200   -1378.2825  0.8594 
   00276    0.4250   -1372.9873  0.8548 
   00277    0.4175   -1368.2692  0.8569 
   00278    0.4525   -1371.3330  0.8651 
   00279    0.4125   -1371.4640  0.8718 
   00280    0.3850   -1382.3833  0.8798 
   00281    0.3575   -1405.3499  0.8843 
   00282    0.4025   -1413.9769  0.8829 
   00283    0.3725   -1396.7672  0.8758 
   00284    0.4100   -1384.7921  0.8696 
   00285    0.3800   -1384.2653  0.8738 
   00286    0.4025   -1394.3412  0.8794 
   00287    0.3950   -1379.3618  0.8698 
   00288    0.4200   -1369.2810  0.8692 
   00289    0.4125   -1378.1416  0.8648 
   00290    0.3725   -1379.9519  0.8609 
   00291    0.3800   -1374.5159  0.8631 
   00292    0.4350   -1358.5576  0.8565 
   00293    0.3850   -1362.9525  0.8539 
   00294    0.4350   -1351.3798  0.8514 
   00295    0.4300   -1350.2036  0.8542 
   00296    0.4425   -1369.0096  0.8645 
   00297    0.4125   -1354.3857  0.8570 
   00298    0.3875   -1353.1521  0.8533 
   00299    0.4125   -1358.8651  0.8553 
   00300    0.4175   -1363.6554  0.8485 
   00301    0.3850   -1345.5454  0.8403 
   00302    0.4025   -1365.1228  0.8532 
   00303    0.4225   -1366.9891  0.8541 
   00304    0.3875   -1365.6749  0.8612 
   00305    0.3800   -1383.8611  0.8720 
   00306    0.4025   -1367.7465  0.8621 
   00307    0.4350   -1378.7295  0.8766 
   00308    0.3775   -1390.6746  0.8821 
   00309    0.4175   -1379.5338  0.8814 
   00310    0.3850   -1392.5753  0.8844 
   00311    0.4150   -1389.9126  0.8757 
   00312    0.3950   -1380.2456  0.8689 
   00313    0.3900   -1386.2576  0.8735 
   00314    0.4000   -1381.9233  0.8736 
   00315    0.4250   -1375.3632  0.8733 
   00316    0.4050   -1366.6488  0.8725 
   00317    0.4100   -1379.7909  0.8760 
   00318    0.4500   -1369.1227  0.8742 
   00319    0.4200   -1368.0911  0.8622 
   00320    0.4200   -1394.5326  0.8665 
   00321    0.3950   -1392.8527  0.8702 
   00322    0.3925   -1372.3389  0.8648 
   00323    0.3825   -1377.9606  0.8722 
   00324    0.3600   -1381.4662  0.8745 
   00325    0.3950   -1380.9441  0.8761 
   00326    0.3850   -1369.7693  0.8774 
   00327    0.3800   -1369.1445  0.8721 
   00328    0.4000   -1378.5784  0.8707 
   00329    0.4200   -1384.3379  0.8731 
   00330    0.4200   -1399.0416  0.8797 
   00331    0.4125   -1380.0626  0.8698 
   00332    0.3475   -1394.6877  0.8762 
   00333    0.4175   -1366.3938  0.8615 
   00334    0.3900   -1373.6875  0.8589 
   00335    0.3725   -1384.5082  0.8705 
   00336    0.4350   -1382.0245  0.8715 
   00337    0.4150   -1388.3926  0.8710 
   00338    0.3575   -1372.5129  0.8723 
   00339    0.3850   -1386.1962  0.8810 
   00340    0.3975   -1362.0710  0.8727 
   00341    0.3850   -1374.9713  0.8734 
   00342    0.4250   -1369.0046  0.8677 
   00343    0.4000   -1379.4094  0.8711 
   00344    0.3850   -1384.3613  0.8788 
   00345    0.4175   -1406.5343  0.8903 
   00346    0.3950   -1399.2880  0.8858 
   00347    0.3825   -1401.0066  0.8798 
   00348    0.4125   -1369.9666  0.8703 
   00349    0.4175   -1369.6599  0.8729 
   00350    0.4175   -1358.2346  0.8685 
   00351    0.4200   -1349.3113  0.8648 
   00352    0.4075   -1352.8582  0.8676 
   00353    0.4100   -1370.3088  0.8829 
   00354    0.4025   -1374.0781  0.8757 
   00355    0.4550   -1374.9563  0.8711 
   00356    0.4050   -1371.5900  0.8773 
   00357    0.4075   -1395.4265  0.8822 
   00358    0.4050   -1391.0732  0.8817 
   00359    0.3750   -1382.0298  0.8728 
   00360    0.4075   -1388.7277  0.8780 
   00361    0.3675   -1380.4182  0.8760 
   00362    0.4300   -1380.5630  0.8791 
   00363    0.3825   -1373.6418  0.8725 
   00364    0.4275   -1389.5206  0.8784 
   00365    0.3850   -1386.9929  0.8819 
   00366    0.4125   -1397.4653  0.8873 
   00367    0.4050   -1383.2567  0.8791 
   00368    0.3975   -1380.9379  0.8839 
   00369    0.4100   -1372.4232  0.8812 
   00370    0.4300   -1391.6710  0.8920 
   00371    0.4550   -1400.0216  0.8964 
   00372    0.3725   -1399.1844  0.8976 
   00373    0.4175   -1396.0933  0.8938 
   00374    0.4200   -1383.9779  0.8912 
   00375    0.3875   -1385.0432  0.8926 
   00376    0.3875   -1394.3606  0.8925 
   00377    0.3525   -1384.1139  0.8881 
   00378    0.4325   -1409.5148  0.8944 
   00379    0.3625   -1390.1367  0.8867 
   00380    0.4150   -1391.0455  0.8862 
   00381    0.3700   -1389.5892  0.8865 
   00382    0.3950   -1378.4620  0.8798 
   00383    0.4475   -1372.9191  0.8823 
   00384    0.3475   -1394.4802  0.8915 
   00385    0.4275   -1388.9698  0.8887 
   00386    0.3600   -1379.1251  0.8831 
   00387    0.4250   -1379.5229  0.8783 
   00388    0.3850   -1377.8425  0.8710 
   00389    0.4225   -1354.9789  0.8624 
   00390    0.4175   -1345.3864  0.8520 
   00391    0.4200   -1336.1946  0.8465 
   00392    0.3500   -1353.8840  0.8490 
   00393    0.4525   -1358.0287  0.8418 
   00394    0.4450   -1366.1819  0.8509 
   00395    0.3775   -1392.6313  0.8581 
   00396    0.4275   -1386.3787  0.8613 
   00397    0.4400   -1376.1155  0.8566 
   00398    0.3925   -1383.5060  0.8661 
   00399    0.3700   -1372.4489  0.8614 
   00400    0.4325   -1380.0157  0.8520 
   00401    0.3775   -1368.3829  0.8467 
   00402    0.3650   -1381.2274  0.8524 
   00403    0.4175   -1382.7487  0.8516 
   00404    0.3875   -1383.6371  0.8509 
   00405    0.4050   -1368.0894  0.8509 
   00406    0.4250   -1363.2045  0.8453 
   00407    0.4325   -1377.2642  0.8497 
   00408    0.4125   -1369.2843  0.8457 
   00409    0.4350   -1359.5499  0.8564 
   00410    0.4225   -1356.1948  0.8476 
   00411    0.3775   -1358.8842  0.8491 
   00412    0.4400   -1363.5079  0.8433 
   00413    0.4100   -1379.5374  0.8473 
   00414    0.4075   -1357.1915  0.8446 
   00415    0.3825   -1353.0414  0.8434 
   00416    0.3800   -1356.8617  0.8444 
   00417    0.4075   -1341.8483  0.8404 
   00418    0.4300   -1338.3579  0.8387 
   00419    0.4125   -1311.0693  0.8242 
   00420    0.4150   -1326.0222  0.8243 
   00421    0.3775   -1318.8464  0.8199 
   00422    0.4225   -1322.9681  0.8326 
   00423    0.4100   -1331.4613  0.8441 
   00424    0.4175   -1343.9288  0.8494 
   00425    0.4750   -1354.4692  0.8572 
   00426    0.3775   -1368.0044  0.8502 
   00427    0.3800   -1354.8024  0.8490 
   00428    0.4450   -1355.5304  0.8477 
   00429    0.4225   -1371.1383  0.8457 
   00430    0.3975   -1378.2542  0.8454 
   00431    0.4450   -1378.1428  0.8463 
   00432    0.3900   -1391.5311  0.8552 
   00433    0.4100   -1374.0804  0.8499 
   00434    0.4575   -1388.6421  0.8657 
   00435    0.4100   -1396.6514  0.8625 
   00436    0.4150   -1395.0621  0.8569 
   00437    0.3875   -1390.2512  0.8690 
   00438    0.4125   -1385.6881  0.8695 
   00439    0.4125   -1400.9303  0.8739 
   00440    0.4100   -1394.1342  0.8729 
   00441    0.4100   -1386.5392  0.8641 
   00442    0.4500   -1388.4785  0.8751 
   00443    0.4025   -1401.8833  0.8751 
   00444    0.4450   -1398.5322  0.8695 
   00445    0.3625   -1391.2941  0.8666 
   00446    0.4350   -1385.1724  0.8690 
   00447    0.4200   -1386.5492  0.8684 
   00448    0.3975   -1383.8959  0.8666 
   00449    0.4125   -1368.6232  0.8695 
   00450    0.4350   -1360.1479  0.8726 
   00451    0.4175   -1363.0299  0.8716 
   00452    0.3875   -1355.8777  0.8630 
   00453    0.4275   -1362.1487  0.8652 
   00454    0.4175   -1392.5522  0.8719 
   00455    0.4500   -1388.8993  0.8697 
   00456    0.4075   -1379.5419  0.8634 
   00457    0.3900   -1385.4166  0.8702 
   00458    0.4325   -1384.7649  0.8699 
   00459    0.4350   -1393.1267  0.8703 
   00460    0.3750   -1400.5699  0.8674 
   00461    0.4050   -1380.1628  0.8580 
   00462    0.4000   -1378.1141  0.8585 
   00463    0.4650   -1392.6721  0.8663 
   00464    0.3800   -1381.1270  0.8605 
   00465    0.4025   -1384.8425  0.8653 
   00466    0.4025   -1391.5662  0.8767 
   00467    0.4175   -1402.3314  0.8771 
   00468    0.3825   -1398.7990  0.8765 
   00469    0.3800   -1401.9106  0.8736 
   00470    0.4450   -1407.2325  0.8781 
   00471    0.4300   -1389.0792  0.8716 
   00472    0.3825   -1403.1932  0.8748 
   00473    0.4150   -1404.6658  0.8710 
   00474    0.4400   -1397.4875  0.8709 
   00475    0.3850   -1388.8170  0.8722 
   00476    0.4525   -1387.8429  0.8668 
   00477    0.3825   -1421.3231  0.8695 
   00478    0.4000   -1410.8066  0.8613 
   00479    0.3975   -1396.2277  0.8626 
   00480    0.4150   -1372.2266  0.8513 
   00481    0.4075   -1379.3979  0.8437 
   00482    0.4200   -1368.1329  0.8409 
   00483    0.4125   -1376.2399  0.8441 
   00484    0.3825   -1375.1636  0.8363 
   00485    0.4200   -1387.9984  0.8498 
   00486    0.4025   -1389.3019  0.8465 
   00487    0.3825   -1390.0942  0.8543 
   00488    0.4100   -1393.0758  0.8491 
   00489    0.4325   -1377.5236  0.8354 
   00490    0.4025   -1374.5692  0.8428 
   00491    0.4025   -1377.5864  0.8383 
   00492    0.3950   -1367.0294  0.8366 
   00493    0.4525   -1372.3406  0.8408 
   00494    0.3925   -1385.9608  0.8495 
   00495    0.3950   -1376.6627  0.8497 
   00496    0.3900   -1371.0892  0.8492 
   00497    0.3575   -1388.0598  0.8592 
   00498    0.4100   -1392.8230  0.8588 
   00499    0.4050   -1392.8931  0.8567 
   00500    0.4375   -1404.9474  0.8596 
   00501    0.4125   -1406.6235  0.8678 
   00502    0.4000   -1408.8716  0.8699 
   00503    0.3725   -1396.9125  0.8656 
   00504    0.3750   -1373.2086  0.8560 
   00505    0.3750   -1372.1267  0.8459 
   00506    0.3800   -1361.3428  0.8386 
   00507    0.4200   -1364.7815  0.8357 
   00508    0.4575   -1371.9960  0.8383 
   00509    0.3975   -1340.1129  0.8290 
   00510    0.4375   -1357.1273  0.8294 
   00511    0.4400   -1358.7369  0.8230 
   00512    0.4100   -1350.3073  0.8198 
   00513    0.3975   -1343.3469  0.8238 
   00514    0.4050   -1358.7814  0.8317 
   00515    0.4600   -1374.4160  0.8350 
   00516    0.4200   -1375.4347  0.8314 
   00517    0.4225   -1373.5073  0.8354 
   00518    0.4125   -1358.0142  0.8323 
   00519    0.4100   -1374.1279  0.8309 
   00520    0.3675   -1348.8663  0.8255 
   00521    0.4250   -1349.6285  0.8281 
   00522    0.3900   -1352.5261  0.8324 
   00523    0.4475   -1354.8693  0.8235 
   00524    0.4250   -1363.4276  0.8286 
   00525    0.4100   -1355.4714  0.8261 
   00526    0.4600   -1352.4707  0.8364 
   00527    0.4150   -1356.9417  0.8339 
   00528    0.3875   -1338.0342  0.8214 
   00529    0.3925   -1355.7941  0.8190 
   00530    0.4575   -1370.7758  0.8320 
   00531    0.4300   -1356.4962  0.8235 
   00532    0.4325   -1364.0149  0.8346 
   00533    0.4325   -1371.7863  0.8216 
   00534    0.4025   -1392.7343  0.8247 
   00535    0.3975   -1387.1832  0.8288 
   00536    0.3925   -1387.1682  0.8311 
   00537    0.3750   -1379.0817  0.8232 
   00538    0.4350   -1362.1627  0.8190 
   00539    0.4150   -1372.2206  0.8137 
   00540    0.3775   -1386.3359  0.8163 
   00541    0.4100   -1382.8389  0.8116 
   00542    0.4025   -1374.6218  0.8020 
   00543    0.3800   -1375.5789  0.8126 
   00544    0.3525   -1378.8124  0.8165 
   00545    0.4175   -1373.8478  0.8222 
   00546    0.4075   -1381.0129  0.8123 
   00547    0.4375   -1385.8795  0.8168 
   00548    0.4075   -1359.7329  0.8142 
   00549    0.4300   -1342.9769  0.8016 
   00550    0.4675   -1353.6379  0.8128 
   00551    0.4550   -1353.7758  0.8153 
   00552    0.4300   -1358.7802  0.8224 
   00553    0.4125   -1358.4037  0.8180 
   00554    0.3675   -1362.4790  0.8275 
   00555    0.4075   -1352.9946  0.8274 
   00556    0.4000   -1378.0402  0.8326 
   00557    0.3950   -1398.2030  0.8427 
   00558    0.3750   -1380.5287  0.8366 
   00559    0.4575   -1378.2275  0.8419 
   00560    0.4175   -1382.6566  0.8374 
   00561    0.4025   -1363.5123  0.8363 
   00562    0.4375   -1345.3354  0.8256 
   00563    0.3875   -1339.6761  0.8331 
   00564    0.4225   -1344.7367  0.8316 
   00565    0.4200   -1356.0765  0.8333 
   00566    0.4400   -1365.0209  0.8413 
   00567    0.3775   -1368.2787  0.8464 
   00568    0.4125   -1376.2513  0.8476 
   00569    0.4500   -1396.0750  0.8560 
   00570    0.4300   -1381.1481  0.8563 
   00571    0.4000   -1374.6844  0.8461 
   00572    0.4425   -1377.3177  0.8366 
   00573    0.4350   -1388.0371  0.8442 
   00574    0.3850   -1380.3186  0.8355 
   00575    0.4350   -1403.1711  0.8376 
   00576    0.3875   -1392.3455  0.8475 
   00577    0.3700   -1394.5618  0.8494 
   00578    0.4150   -1390.1619  0.8516 
   00579    0.4025   -1383.2056  0.8518 
   00580    0.4200   -1389.0540  0.8571 
   00581    0.3850   -1372.6184  0.8461 
   00582    0.4225   -1369.9440  0.8471 
   00583    0.4225   -1373.0187  0.8434 
   00584    0.4250   -1380.8776  0.8470 
   00585    0.4175   -1393.4983  0.8515 
   00586    0.4650   -1399.9697  0.8535 
   00587    0.4100   -1387.9229  0.8458 
   00588    0.4000   -1378.3992  0.8435 
   00589    0.3875   -1387.7834  0.8442 
   00590    0.4350   -1383.7100  0.8392 
   00591    0.3925   -1392.4635  0.8494 
   00592    0.3500   -1375.0214  0.8417 
   00593    0.3675   -1380.9287  0.8431 
   00594    0.4175   -1388.5735  0.8468 
   00595    0.3575   -1391.2582  0.8475 
   00596    0.3975   -1397.3159  0.8492 
   00597    0.3925   -1384.6069  0.8441 
   00598    0.4025   -1390.7461  0.8440 
   00599    0.3575   -1389.6782  0.8430 
   00600    0.3725   -1392.8579  0.8471 
   00601    0.4175   -1394.7394  0.8415 
   00602    0.4150   -1393.2377  0.8444 
   00603    0.4050   -1384.2223  0.8365 
   00604    0.3675   -1383.0671  0.8361 
   00605    0.4500   -1379.1636  0.8320 
   00606    0.4125   -1379.0107  0.8368 
   00607    0.3725   -1396.3131  0.8362 
   00608    0.3750   -1376.3303  0.8355 
   00609    0.4050   -1388.3934  0.8439 
   00610    0.4075   -1359.0618  0.8415 
   00611    0.4050   -1370.8021  0.8404 
   00612    0.4225   -1363.4785  0.8244 
   00613    0.4275   -1349.3820  0.8199 
   00614    0.3950   -1344.8779  0.8195 
   00615    0.3850   -1337.2130  0.8190 
   00616    0.4200   -1339.9674  0.8294 
   00617    0.3750   -1360.0682  0.8334 
   00618    0.3800   -1374.5609  0.8504 
   00619    0.3700   -1374.9789  0.8471 
   00620    0.4325   -1368.1466  0.8464 
   00621    0.4225   -1361.7184  0.8454 
   00622    0.3750   -1357.3787  0.8453 
   00623    0.4275   -1340.2507  0.8432 
   00624    0.3675   -1357.6127  0.8426 
   00625    0.4400   -1343.6536  0.8337 
   00626    0.4025   -1342.5958  0.8306 
   00627    0.4400   -1369.1846  0.8341 
   00628    0.4400   -1371.3165  0.8468 
   00629    0.3975   -1375.0797  0.8526 
   00630    0.4625   -1380.2411  0.8521 
   00631    0.4100   -1379.6243  0.8515 
   00632    0.4025   -1384.4045  0.8612 
   00633    0.3875   -1365.3334  0.8594 
   00634    0.4350   -1374.3799  0.8696 
   00635    0.4275   -1392.2714  0.8779 
   00636    0.4075   -1391.1304  0.8795 
   00637    0.4175   -1396.2322  0.8731 
   00638    0.4200   -1381.7706  0.8647 
   00639    0.4700   -1392.3651  0.8684 
   00640    0.4325   -1389.1897  0.8784 
   00641    0.4250   -1372.8400  0.8687 
   00642    0.4150   -1372.8113  0.8633 
   00643    0.3975   -1389.1700  0.8649 
   00644    0.3900   -1388.6757  0.8703 
   00645    0.3950   -1386.3540  0.8616 
   00646    0.3750   -1374.6110  0.8541 
   00647    0.4250   -1375.3812  0.8590 
   00648    0.4325   -1371.4808  0.8540 
   00649    0.4175   -1367.2400  0.8501 
   00650    0.4300   -1366.7391  0.8637 
   00651    0.3650   -1369.8538  0.8707 
   00652    0.4275   -1370.3438  0.8690 
   00653    0.4200   -1369.1725  0.8679 
   00654    0.4100   -1357.9023  0.8755 
   00655    0.4375   -1370.8126  0.8817 
   00656    0.4125   -1376.4043  0.8829 
   00657    0.4075   -1400.3617  0.8829 
   00658    0.4150   -1384.7517  0.8739 
   00659    0.3925   -1377.9774  0.8691 
   00660    0.4175   -1367.0269  0.8661 
   00661    0.4250   -1362.9550  0.8631 
   00662    0.3725   -1363.0438  0.8602 
   00663    0.4300   -1361.5413  0.8688 
   00664    0.4350   -1377.1143  0.8739 
   00665    0.4525   -1370.5142  0.8668 
   00666    0.3975   -1376.5320  0.8677 
   00667    0.4150   -1366.8568  0.8703 
   00668    0.3975   -1365.7156  0.8636 
   00669    0.3550   -1350.3788  0.8467 
   00670    0.4525   -1343.7902  0.8489 
   00671    0.3925   -1367.3286  0.8546 
   00672    0.4275   -1370.5142  0.8553 
   00673    0.4050   -1363.2825  0.8591 
   00674    0.4250   -1372.7604  0.8545 
   00675    0.3600   -1383.1595  0.8649 
   00676    0.4075   -1370.3573  0.8587 
   00677    0.4100   -1383.2488  0.8585 
   00678    0.3875   -1363.4800  0.8578 
   00679    0.4475   -1357.0067  0.8504 
   00680    0.3525   -1361.6050  0.8514 
   00681    0.4375   -1362.6766  0.8444 
   00682    0.4175   -1371.7617  0.8461 
   00683    0.3775   -1396.7969  0.8591 
   00684    0.3500   -1387.0073  0.8602 
   00685    0.4125   -1371.0212  0.8572 
   00686    0.4275   -1381.5160  0.8612 
   00687    0.4000   -1393.3260  0.8706 
   00688    0.4175   -1396.2794  0.8741 
   00689    0.4050   -1393.5062  0.8785 
   00690    0.4300   -1400.6019  0.8818 
   00691    0.3800   -1406.1064  0.8801 
   00692    0.4200   -1373.0699  0.8682 
   00693    0.3500   -1365.1469  0.8631 
   00694    0.4175   -1365.1239  0.8575 
   00695    0.4275   -1372.8542  0.8545 
   00696    0.4325   -1367.9360  0.8517 
   00697    0.4000   -1387.3474  0.8485 
   00698    0.3825   -1378.4165  0.8517 
   00699    0.4000   -1375.5432  0.8474 
   00700    0.4200   -1381.6578  0.8565 
   00701    0.4100   -1396.7448  0.8528 
   00702    0.3675   -1402.5548  0.8604 
   00703    0.4050   -1386.4684  0.8593 
   00704    0.4225   -1377.1060  0.8625 
   00705    0.4325   -1390.1809  0.8765 
   00706    0.4000   -1372.0062  0.8730 
   00707    0.3900   -1392.4401  0.8825 
   00708    0.4050   -1396.3573  0.8823 
   00709    0.4000   -1408.7360  0.8884 
   00710    0.3900   -1404.6544  0.8873 
   00711    0.3625   -1413.0479  0.8913 
   00712    0.3775   -1400.9635  0.8884 
   00713    0.3900   -1394.9434  0.8837 
   00714    0.4450   -1397.4457  0.8830 
   00715    0.3725   -1396.4567  0.8836 
   00716    0.4200   -1382.0730  0.8849 
   00717    0.3975   -1379.4508  0.8795 
   00718    0.3775   -1382.5151  0.8813 
   00719    0.4375   -1380.5786  0.8783 
   00720    0.4025   -1369.0033  0.8744 
   00721    0.4150   -1394.6368  0.8878 
   00722    0.3800   -1376.0948  0.8760 
   00723    0.4275   -1366.6758  0.8719 
   00724    0.3850   -1362.6354  0.8692 
   00725    0.4300   -1364.6611  0.8678 
   00726    0.3800   -1370.1716  0.8690 
   00727    0.3900   -1384.7146  0.8779 
   00728    0.4125   -1387.0593  0.8764 
   00729    0.3850   -1375.6028  0.8646 
   00730    0.4075   -1372.1483  0.8674 
   00731    0.3825   -1374.7736  0.8682 
   00732    0.3925   -1361.4078  0.8618 
   00733    0.4250   -1346.2937  0.8530 
   00734    0.4175   -1366.6255  0.8595 
   00735    0.3700   -1363.5062  0.8573 
   00736    0.4125   -1360.7220  0.8576 
   00737    0.3975   -1352.5490  0.8525 
   00738    0.4200   -1356.6161  0.8571 
   00739    0.4075   -1348.8492  0.8579 
   00740    0.4050   -1351.7202  0.8605 
   00741    0.3975   -1349.2506  0.8567 
   00742    0.4300   -1353.8368  0.8474 
   00743    0.3750   -1345.4648  0.8415 
   00744    0.4075   -1354.7159  0.8498 
   00745    0.4025   -1367.3890  0.8543 
   00746    0.4225   -1367.6798  0.8415 
   00747    0.4425   -1359.8199  0.8433 
   00748    0.4250   -1361.5861  0.8369 
   00749    0.4375   -1357.2430  0.8327 
   00750    0.4275   -1368.4694  0.8364 
   00751    0.3975   -1370.0128  0.8471 
   00752    0.4000   -1373.0006  0.8431 
   00753    0.4250   -1382.8134  0.8383 
   00754    0.3700   -1390.3334  0.8511 
   00755    0.4400   -1383.2385  0.8530 
   00756    0.4325   -1363.4653  0.8309 
   00757    0.4100   -1358.7429  0.8378 
   00758    0.4250   -1362.3621  0.8373 
   00759    0.3775   -1381.1315  0.8523 
   00760    0.3750   -1380.8820  0.8561 
   00761    0.3950   -1378.1334  0.8527 
   00762    0.4425   -1367.1617  0.8496 
   00763    0.3525   -1381.1973  0.8568 
   00764    0.3675   -1370.4889  0.8530 
   00765    0.3800   -1355.1183  0.8440 
   00766    0.4000   -1348.1268  0.8447 
   00767    0.3725   -1343.0115  0.8444 
   00768    0.4200   -1352.5992  0.8413 
   00769    0.4125   -1368.9264  0.8570 
   00770    0.3425   -1383.6278  0.8621 
   00771    0.4025   -1378.6940  0.8603 
   00772    0.3325   -1378.6022  0.8595 
   00773    0.4300   -1357.2797  0.8478 
   00774    0.3950   -1353.0310  0.8436 
   00775    0.4075   -1369.8617  0.8704 
   00776    0.4475   -1360.0405  0.8657 
   00777    0.3900   -1369.4795  0.8675 
   00778    0.4225   -1362.3450  0.8626 
   00779    0.4075   -1368.1669  0.8567 
   00780    0.4250   -1380.3413  0.8652 
   00781    0.4525   -1361.7041  0.8553 
   00782    0.3975   -1363.0461  0.8493 
   00783    0.4300   -1374.1958  0.8530 
   00784    0.3825   -1348.2931  0.8377 
   00785    0.4000   -1366.5953  0.8533 
   00786    0.3850   -1337.2804  0.8528 
   00787    0.4350   -1363.8810  0.8581 
   00788    0.3950   -1370.3806  0.8564 
   00789    0.3975   -1365.4032  0.8545 
   00790    0.4250   -1376.3806  0.8610 
   00791    0.4400   -1388.6625  0.8647 
   00792    0.3475   -1398.1624  0.8794 
   00793    0.3675   -1401.9258  0.8664 
   00794    0.4150   -1406.3497  0.8726 
   00795    0.4425   -1405.4943  0.8717 
   00796    0.4050   -1407.8940  0.8599 
   00797    0.4150   -1407.4030  0.8611 
   00798    0.4050   -1399.8109  0.8571 
   00799    0.4050   -1371.8961  0.8435 
   00800    0.4025   -1374.7777  0.8395 
   00801    0.4000   -1377.2346  0.8306 
   00802    0.4125   -1378.7991  0.8378 
   00803    0.3950   -1372.5236  0.8367 
   00804    0.3900   -1377.4181  0.8358 
   00805    0.3750   -1388.8053  0.8495 
   00806    0.3875   -1376.9149  0.8418 
   00807    0.4150   -1383.1199  0.8399 
   00808    0.3850   -1385.7350  0.8414 
   00809    0.4250   -1372.3612  0.8419 
   00810    0.4250   -1383.0338  0.8311 
   00811    0.4350   -1396.1576  0.8309 
   00812    0.4225   -1387.7103  0.8229 
   00813    0.3675   -1375.5984  0.8163 
   00814    0.3900   -1382.1731  0.8261 
   00815    0.4000   -1379.1370  0.8310 
   00816    0.3800   -1373.2999  0.8347 
   00817    0.3625   -1363.8202  0.8220 
   00818    0.4425   -1355.9561  0.8196 
   00819    0.3875   -1369.2931  0.8309 
   00820    0.4025   -1377.6548  0.8267 
   00821    0.4300   -1375.8436  0.8291 
   00822    0.4225   -1354.4070  0.8185 
   00823    0.4500   -1368.5469  0.8158 
   00824    0.4200   -1369.3820  0.8251 
   00825    0.4250   -1366.4069  0.8225 
   00826    0.4100   -1376.9730  0.8243 
   00827    0.4275   -1360.9427  0.8225 
   00828    0.4475   -1372.4855  0.8139 
   00829    0.4300   -1387.6466  0.8119 
   00830    0.4175   -1393.9613  0.8140 
   00831    0.3850   -1375.8723  0.8115 
   00832    0.3975   -1363.7086  0.8064 
   00833    0.4350   -1373.9379  0.8076 
   00834    0.4125   -1368.9388  0.8100 
   00835    0.4325   -1352.1599  0.8130 
   00836    0.3950   -1343.6785  0.8028 
   00837    0.3975   -1348.8995  0.8091 
   00838    0.3625   -1368.2476  0.8151 
   00839    0.3925   -1369.5281  0.8154 
   00840    0.4600   -1368.5363  0.8144 
   00841    0.3925   -1365.5398  0.8193 
   00842    0.4125   -1378.4330  0.8225 
   00843    0.4475   -1385.8567  0.8393 
   00844    0.3800   -1388.5485  0.8322 
   00845    0.3625   -1384.2417  0.8198 
   00846    0.3600   -1387.2302  0.8342 
   00847    0.4425   -1388.7964  0.8383 
   00848    0.4050   -1385.8116  0.8420 
   00849    0.4525   -1380.5565  0.8440 
   00850    0.4825   -1382.6210  0.8548 
   00851    0.4350   -1388.4901  0.8477 
   00852    0.4250   -1396.4559  0.8573 
   00853    0.3975   -1387.7073  0.8562 
   00854    0.4250   -1386.2687  0.8592 
   00855    0.4000   -1370.4308  0.8560 
   00856    0.3925   -1370.9673  0.8583 
   00857    0.4325   -1370.6760  0.8598 
   00858    0.4325   -1365.6212  0.8517 
   00859    0.4400   -1359.0535  0.8441 
   00860    0.4225   -1370.2162  0.8463 
   00861    0.3775   -1372.7490  0.8450 
   00862    0.3975   -1372.0161  0.8549 
   00863    0.4125   -1380.2478  0.8562 
   00864    0.3950   -1370.1344  0.8480 
   00865    0.4350   -1376.9320  0.8498 
   00866    0.4200   -1380.6119  0.8559 
   00867    0.4050   -1388.3236  0.8679 
   00868    0.4150   -1375.3638  0.8532 
   00869    0.4150   -1378.5033  0.8594 
   00870    0.3925   -1368.1294  0.8557 
   00871    0.3950   -1362.6954  0.8498 
   00872    0.4375   -1354.9958  0.8442 
   00873    0.4150   -1366.1351  0.8405 
   00874    0.3975   -1371.4127  0.8385 
   00875    0.3525   -1376.0931  0.8423 
   00876    0.4375   -1372.2872  0.8470 
   00877    0.3925   -1384.2311  0.8422 
   00878    0.4100   -1370.9271  0.8302 
   00879    0.4225   -1361.0378  0.8220 
   00880    0.4200   -1359.9613  0.8298 
   00881    0.4475   -1366.1240  0.8348 
   00882    0.4300   -1345.7922  0.8349 
   00883    0.4225   -1368.9895  0.8380 
   00884    0.4100   -1371.8289  0.8417 
   00885    0.3950   -1383.0330  0.8501 
   00886    0.4275   -1397.1918  0.8541 
   00887    0.4025   -1413.7208  0.8617 
   00888    0.4050   -1386.5236  0.8575 
   00889    0.4350   -1394.8950  0.8672 
   00890    0.4025   -1400.9242  0.8671 
   00891    0.4100   -1379.3280  0.8614 
   00892    0.3925   -1388.2738  0.8579 
   00893    0.4250   -1384.4629  0.8537 
   00894    0.3900   -1373.3577  0.8429 
   00895    0.3400   -1380.2336  0.8468 
   00896    0.3950   -1376.0480  0.8445 
   00897    0.4225   -1351.3329  0.8367 
   00898    0.4225   -1350.1202  0.8392 
   00899    0.4175   -1361.5486  0.8532 
   00900    0.4225   -1377.6365  0.8575 
   00901    0.3900   -1378.1118  0.8543 
   00902    0.4125   -1354.3376  0.8485 
   00903    0.3825   -1373.7737  0.8527 
   00904    0.4000   -1383.4916  0.8559 
   00905    0.3925   -1387.2828  0.8662 
   00906    0.3875   -1379.3427  0.8723 
   00907    0.3975   -1370.6036  0.8734 
   00908    0.4575   -1379.0999  0.8808 
   00909    0.4150   -1386.6952  0.8809 
   00910    0.4100   -1389.2563  0.8769 
   00911    0.3725   -1389.8407  0.8787 
   00912    0.4475   -1382.3829  0.8783 
   00913    0.3925   -1388.0524  0.8741 
   00914    0.4300   -1385.3442  0.8737 
   00915    0.4225   -1383.9731  0.8687 
   00916    0.3800   -1413.0574  0.8812 
   00917    0.3675   -1405.5013  0.8738 
   00918    0.3550   -1396.9659  0.8658 
   00919    0.3875   -1382.0840  0.8656 
   00920    0.4325   -1370.0497  0.8588 
   00921    0.4200   -1365.4113  0.8524 
   00922    0.4125   -1395.9264  0.8741 
   00923    0.4125   -1379.9552  0.8718 
   00924    0.3950   -1385.5844  0.8725 
   00925    0.4550   -1394.3290  0.8751 
   00926    0.3825   -1414.1182  0.8861 
   00927    0.4000   -1403.3064  0.8754 
   00928    0.3875   -1409.9667  0.8872 
   00929    0.3825   -1404.9852  0.8761 
   00930    0.4575   -1399.4865  0.8800 
   00931    0.3575   -1402.1268  0.8795 
   00932    0.4050   -1390.3157  0.8754 
   00933    0.4175   -1379.2687  0.8648 
   00934    0.4100   -1367.3314  0.8542 
   00935    0.3950   -1374.9377  0.8558 
   00936    0.4375   -1378.0370  0.8603 
   00937    0.4375   -1370.5094  0.8602 
   00938    0.4275   -1371.8429  0.8479 
   00939    0.4225   -1370.2468  0.8374 
   00940    0.4650   -1373.9067  0.8367 
   00941    0.3825   -1376.1788  0.8416 
   00942    0.3900   -1372.9475  0.8531 
   00943    0.4350   -1382.7521  0.8557 
   00944    0.4175   -1386.2354  0.8599 
   00945    0.4000   -1380.2202  0.8568 
   00946    0.4050   -1389.2963  0.8534 
   00947    0.4150   -1385.1217  0.8548 
   00948    0.3975   -1366.9161  0.8502 
   00949    0.4250   -1374.3381  0.8485 
   00950    0.3975   -1370.7010  0.8417 
   00951    0.3800   -1370.6377  0.8432 
   00952    0.4125   -1380.8307  0.8472 
   00953    0.4050   -1387.0189  0.8595 
   00954    0.3525   -1390.2609  0.8645 
   00955    0.3850   -1373.5680  0.8521 
   00956    0.4175   -1371.6007  0.8445 
   00957    0.3850   -1357.8976  0.8443 
   00958    0.4375   -1381.8136  0.8514 
   00959    0.4125   -1376.3643  0.8515 
   00960    0.4225   -1381.3223  0.8511 
   00961    0.3950   -1383.0392  0.8607 
   00962    0.4150   -1387.4052  0.8613 
   00963    0.3800   -1387.9673  0.8565 
   00964    0.3775   -1376.3488  0.8462 
   00965    0.3850   -1390.5000  0.8481 
   00966    0.3600   -1377.8162  0.8478 
   00967    0.3775   -1377.9969  0.8521 
   00968    0.3925   -1374.7665  0.8491 
   00969    0.4125   -1375.6790  0.8527 
   00970    0.4400   -1369.3287  0.8476 
   00971    0.4175   -1345.8994  0.8378 
   00972    0.4325   -1351.1697  0.8456 
   00973    0.4150   -1344.6444  0.8373 
   00974    0.4450   -1323.8324  0.8312 
   00975    0.3950   -1332.2935  0.8415 
   00976    0.4325   -1342.8121  0.8498 
   00977    0.4500   -1377.1006  0.8604 
   00978    0.4250   -1362.6700  0.8562 
   00979    0.4100   -1371.6646  0.8580 
   00980    0.4475   -1373.6918  0.8649 
   00981    0.3575   -1368.5039  0.8633 
   00982    0.4300   -1360.5731  0.8672 
   00983    0.4000   -1388.8927  0.8706 
   00984    0.3950   -1382.0126  0.8654 
   00985    0.4275   -1392.3296  0.8629 
   00986    0.4150   -1383.5076  0.8613 
   00987    0.4025   -1378.7250  0.8600 
   00988    0.4175   -1397.2974  0.8710 
   00989    0.4150   -1399.5980  0.8770 
   00990    0.4300   -1378.7596  0.8712 
   00991    0.3800   -1381.7455  0.8678 
   00992    0.3725   -1385.1908  0.8686 
   00993    0.4075   -1385.9147  0.8631 
   00994    0.3800   -1372.6510  0.8518 
   00995    0.3950   -1382.1346  0.8618 
   00996    0.4175   -1398.1812  0.8646 
   00997    0.4025   -1389.2924  0.8520 
   00998    0.4050   -1389.6879  0.8471 
   00999    0.3925   -1370.3799  0.8369 
   01000    0.3775   -1375.8217  0.8338 
   01001    0.3775   -1382.8043  0.8385 
   01002    0.4275   -1370.3593  0.8335 
   01003    0.4100   -1392.9380  0.8279 
   01004    0.4275   -1407.1453  0.8433 
   01005    0.4400   -1402.7128  0.8510 
   01006    0.3800   -1387.0333  0.8447 
   01007    0.4075   -1387.9495  0.8483 
   01008    0.4000   -1373.7395  0.8458 
   01009    0.4150   -1371.7587  0.8421 
   01010    0.3475   -1378.9069  0.8435 
   01011    0.4050   -1399.7871  0.8464 
   01012    0.3625   -1382.1217  0.8406 
   01013    0.3875   -1386.8192  0.8423 
   01014    0.3450   -1386.9252  0.8383 
   01015    0.4425   -1385.0333  0.8272 
   01016    0.3925   -1386.6620  0.8228 
   01017    0.4425   -1365.2075  0.8190 
   01018    0.4375   -1369.1970  0.8307 
   01019    0.4075   -1383.8632  0.8361 
   01020    0.4225   -1377.7285  0.8339 
   01021    0.3925   -1379.8652  0.8270 
   01022    0.3950   -1373.9381  0.8265 
   01023    0.3875   -1380.4164  0.8296 
   01024    0.3875   -1388.5573  0.8212 
   01025    0.4050   -1368.1384  0.8074 
   01026    0.4450   -1344.7882  0.8012 
   01027    0.4025   -1366.0820  0.8161 
   01028    0.4175   -1372.3064  0.7980 
   01029    0.4050   -1385.2810  0.8001 
   01030    0.4050   -1373.4186  0.8177 
   01031    0.4350   -1388.0585  0.8215 
   01032    0.4125   -1395.3624  0.8274 
   01033    0.3825   -1382.4276  0.8334 
   01034    0.4025   -1366.5897  0.8328 
   01035    0.4325   -1366.7980  0.8358 
   01036    0.3825   -1371.5990  0.8432 
   01037    0.3925   -1382.3976  0.8431 
   01038    0.3500   -1376.9791  0.8428 
   01039    0.4025   -1383.3851  0.8434 
   01040    0.3825   -1375.0283  0.8377 
   01041    0.4025   -1387.0311  0.8408 
   01042    0.4050   -1379.3605  0.8481 
   01043    0.4225   -1375.1798  0.8463 
   01044    0.4250   -1359.1106  0.8325 
   01045    0.3800   -1354.0837  0.8323 
   01046    0.4000   -1362.4956  0.8226 
   01047    0.4300   -1365.7247  0.8156 
   01048    0.4125   -1362.7195  0.8085 
   01049    0.3825   -1367.2971  0.8165 
   01050    0.3925   -1354.8729  0.8180 
   01051    0.3925   -1369.8635  0.8280 
   01052    0.3875   -1369.7661  0.8325 
   01053    0.4200   -1373.7672  0.8362 
   01054    0.3975   -1361.5870  0.8288 
   01055    0.4075   -1368.3257  0.8222 
   01056    0.4150   -1357.3384  0.8101 
   01057    0.3700   -1397.0530  0.8371 
   01058    0.3850   -1397.6512  0.8319 
   01059    0.3850   -1415.1086  0.8322 
   01060    0.3700   -1408.6139  0.8299 
   01061    0.3400   -1403.3932  0.8332 
   01062    0.3775   -1403.5299  0.8265 
   01063    0.4350   -1405.3840  0.8338 
   01064    0.3975   -1406.2507  0.8332 
   01065    0.3925   -1398.2091  0.8310 
   01066    0.4375   -1386.7574  0.8264 
   01067    0.4000   -1385.7966  0.8190 
   01068    0.3900   -1383.5215  0.8188 
   01069    0.4400   -1381.5020  0.8206 
   01070    0.4475   -1375.3938  0.8210 
   01071    0.3825   -1382.2874  0.8276 
   01072    0.3925   -1373.6005  0.8220 
   01073    0.4650   -1374.4613  0.8316 
   01074    0.3800   -1378.5116  0.8258 
   01075    0.3900   -1368.7812  0.8256 
   01076    0.4450   -1359.0382  0.8321 
   01077    0.4100   -1376.3650  0.8466 
   01078    0.4275   -1358.7576  0.8291 
   01079    0.4000   -1356.5481  0.8247 
   01080    0.3875   -1348.0487  0.8318 
   01081    0.4375   -1357.6476  0.8361 
   01082    0.4025   -1369.2338  0.8472 
   01083    0.4150   -1377.2800  0.8505 
   01084    0.4425   -1369.9976  0.8425 
   01085    0.4075   -1381.6028  0.8385 
   01086    0.4075   -1378.8762  0.8369 
   01087    0.4375   -1402.7988  0.8503 
   01088    0.4025   -1385.6880  0.8425 
   01089    0.4175   -1377.8081  0.8419 
   01090    0.3850   -1377.5078  0.8550 
   01091    0.4200   -1394.4760  0.8634 
   01092    0.4025   -1390.0887  0.8609 
   01093    0.4425   -1408.7635  0.8768 
   01094    0.3925   -1403.8524  0.8712 
   01095    0.3750   -1404.1205  0.8679 
   01096    0.3900   -1400.8070  0.8665 
   01097    0.4200   -1391.4113  0.8628 
   01098    0.4000   -1397.9771  0.8632 
   01099    0.4600   -1378.8395  0.8504 
   01100    0.4150   -1365.9020  0.8514 
   01101    0.4100   -1382.4844  0.8532 
   01102    0.3725   -1376.4459  0.8483 
   01103    0.4275   -1377.2998  0.8462 
   01104    0.3825   -1378.2124  0.8462 
   01105    0.3675   -1374.0272  0.8472 
   01106    0.3950   -1379.5885  0.8519 
   01107    0.4100   -1369.6975  0.8513 
   01108    0.3850   -1368.9094  0.8529 
   01109    0.3925   -1367.2330  0.8527 
   01110    0.4150   -1381.5931  0.8502 
   01111    0.4100   -1364.9126  0.8439 
   01112    0.4000   -1364.8795  0.8395 
   01113    0.4050   -1357.2501  0.8471 
   01114    0.4125   -1362.1445  0.8501 
   01115    0.4150   -1349.8636  0.8456 
   01116    0.4200   -1362.9056  0.8359 
   01117    0.4000   -1366.5883  0.8275 
   01118    0.4025   -1338.8745  0.8149 
   01119    0.4100   -1342.9916  0.8152 
   01120    0.3825   -1353.2726  0.8238 
   01121    0.3950   -1360.6213  0.8260 
   01122    0.4175   -1363.4475  0.8209 
   01123    0.4100   -1353.7469  0.8125 
   01124    0.4200   -1348.5861  0.8125 
   01125    0.4025   -1348.2205  0.8157 
   01126    0.4325   -1355.9143  0.8296 
   01127    0.3900   -1373.1289  0.8287 
   01128    0.4150   -1383.0944  0.8250 
   01129    0.4025   -1378.3020  0.8228 
   01130    0.4400   -1366.9924  0.8212 
   01131    0.4275   -1370.5723  0.8185 
   01132    0.3825   -1381.1624  0.8228 
   01133    0.4150   -1373.4541  0.8156 
   01134    0.3950   -1369.6066  0.8236 
   01135    0.4050   -1359.8553  0.8094 
   01136    0.3775   -1357.6421  0.8088 
   01137    0.3925   -1363.4679  0.8157 
   01138    0.3800   -1357.7094  0.8082 
   01139    0.4225   -1375.3406  0.8225 
   01140    0.4075   -1374.3158  0.8146 
   01141    0.3975   -1378.5233  0.8173 
   01142    0.4000   -1370.1464  0.8113 
   01143    0.3975   -1355.0421  0.8064 
   01144    0.4325   -1338.4850  0.8000 
   01145    0.4575   -1345.3024  0.8155 
   01146    0.3925   -1357.0399  0.8173 
   01147    0.4300   -1351.4364  0.8246 
   01148    0.4300   -1346.6678  0.8252 
   01149    0.4300   -1363.3270  0.8390 
   01150    0.4125   -1359.9982  0.8321 
   01151    0.4450   -1335.8539  0.8126 
   01152    0.4075   -1359.6279  0.8171 
   01153    0.4350   -1347.9310  0.8241 
   01154    0.4225   -1354.0801  0.8252 
   01155    0.3975   -1353.8495  0.8214 
   01156    0.4525   -1362.1979  0.8216 
   01157    0.4500   -1348.4453  0.8330 
   01158    0.3850   -1355.5054  0.8402 
   01159    0.4200   -1370.7366  0.8427 
   01160    0.4375   -1373.5406  0.8465 
   01161    0.3925   -1382.1876  0.8513 
   01162    0.4200   -1397.8937  0.8572 
   01163    0.3625   -1377.9366  0.8533 
   01164    0.4125   -1379.8185  0.8658 
   01165    0.4050   -1382.8616  0.8597 
   01166    0.3975   -1367.6439  0.8576 
   01167    0.4175   -1379.4746  0.8493 
   01168    0.4275   -1383.0977  0.8485 
   01169    0.4300   -1380.3722  0.8432 
   01170    0.4200   -1378.5857  0.8467 
   01171    0.4250   -1375.1711  0.8490 
   01172    0.4025   -1377.7358  0.8460 
   01173    0.3875   -1378.4493  0.8389 
   01174    0.3800   -1382.1343  0.8431 
   01175    0.4050   -1394.2451  0.8407 
   01176    0.3800   -1391.2687  0.8424 
   01177    0.3925   -1379.4344  0.8391 
   01178    0.4150   -1373.9436  0.8368 
   01179    0.3850   -1383.8926  0.8466 
   01180    0.4025   -1367.0980  0.8536 
   01181    0.4450   -1367.0225  0.8582 
   01182    0.4125   -1370.4464  0.8614 
   01183    0.3925   -1364.8861  0.8633 
   01184    0.3900   -1358.3145  0.8682 
   01185    0.3800   -1384.3778  0.8823 
   01186    0.4250   -1396.5565  0.8909 
   01187    0.4125   -1393.8778  0.8902 
   01188    0.4075   -1390.2014  0.8906 
   01189    0.4325   -1390.9645  0.8859 
   01190    0.3900   -1392.0521  0.8922 
   01191    0.4025   -1376.6263  0.8879 
   01192    0.4350   -1374.9937  0.8829 
   01193    0.4075   -1378.3022  0.8843 
   01194    0.4250   -1384.4559  0.8805 
   01195    0.4125   -1361.6713  0.8693 
   01196    0.3725   -1361.5713  0.8662 
   01197    0.3975   -1353.4449  0.8557 
   01198    0.4500   -1351.3716  0.8590 
   01199    0.4275   -1359.2565  0.8687 
   01200    0.4125   -1367.4152  0.8734 
   01201    0.4425   -1384.4677  0.8785 
   01202    0.4150   -1374.7555  0.8741 
   01203    0.4000   -1383.0714  0.8832 
   01204    0.4050   -1390.7751  0.8870 
   01205    0.4150   -1383.4060  0.8842 
   01206    0.3650   -1382.9210  0.8800 
   01207    0.3950   -1379.8972  0.8778 
   01208    0.4550   -1381.8578  0.8747 
   01209    0.4225   -1364.2321  0.8708 
   01210    0.4300   -1364.1230  0.8689 
   01211    0.4150   -1360.9956  0.8642 
   01212    0.4525   -1351.0552  0.8578 
   01213    0.4550   -1355.3884  0.8640 
   01214    0.4000   -1346.1672  0.8630 
   01215    0.4000   -1348.9152  0.8703 
   01216    0.4500   -1355.1741  0.8695 
   01217    0.4050   -1353.5526  0.8696 
   01218    0.3975   -1361.7040  0.8780 
   01219    0.3800   -1356.1935  0.8693 
   01220    0.3550   -1355.0242  0.8739 
   01221    0.4125   -1347.5829  0.8695 
   01222    0.3625   -1354.7506  0.8755 
   01223    0.4100   -1368.6230  0.8808 
   01224    0.4025   -1377.2396  0.8879 
   01225    0.4300   -1372.8594  0.8866 
   01226    0.3725   -1366.9275  0.8877 
   01227    0.4025   -1382.6526  0.8924 
   01228    0.3850   -1399.9727  0.8969 
   01229    0.4375   -1401.9580  0.8988 
   01230    0.4150   -1389.1470  0.8963 
   01231    0.3950   -1384.2074  0.8872 
   01232    0.3725   -1394.6152  0.8924 
   01233    0.4300   -1402.3116  0.8904 
   01234    0.4100   -1404.0183  0.8947 
   01235    0.4250   -1406.9645  0.8956 
   01236    0.4025   -1403.5198  0.8936 
   01237    0.3925   -1392.9875  0.8927 
   01238    0.4200   -1392.3021  0.8933 
   01239    0.3975   -1367.3585  0.8887 
   01240    0.4250   -1365.4216  0.8807 
   01241    0.4025   -1364.8141  0.8787 
   01242    0.4275   -1359.0043  0.8715 
   01243    0.3900   -1365.0110  0.8678 
   01244    0.3475   -1349.6394  0.8563 
   01245    0.3750   -1361.3904  0.8578 
   01246    0.4025   -1366.8859  0.8584 
   01247    0.4025   -1364.6428  0.8639 
   01248    0.3850   -1360.8781  0.8715 
   01249    0.4175   -1360.1887  0.8720 
   01250    0.4075   -1358.6356  0.8720 
   01251    0.4100   -1358.5614  0.8739 
   01252    0.4025   -1358.2917  0.8763 
   01253    0.4100   -1358.7012  0.8765 
   01254    0.3775   -1356.1676  0.8702 
   01255    0.4075   -1342.4839  0.8569 
   01256    0.4025   -1347.1720  0.8575 
   01257    0.3875   -1385.0627  0.8677 
   01258    0.4150   -1374.2505  0.8684 
   01259    0.4000   -1383.3051  0.8715 
   01260    0.4100   -1377.9574  0.8744 
   01261    0.4050   -1393.2151  0.8762 
   01262    0.3975   -1392.0601  0.8759 
   01263    0.3675   -1385.1202  0.8727 
   01264    0.4050   -1396.2250  0.8839 
   01265    0.3900   -1418.2471  0.8879 
   01266    0.3900   -1411.9321  0.8807 
   01267    0.4125   -1398.3942  0.8744 
   01268    0.4025   -1385.1692  0.8723 
   01269    0.4125   -1384.7328  0.8693 
   01270    0.4075   -1397.3896  0.8801 
   01271    0.4100   -1377.8522  0.8762 
   01272    0.4200   -1390.0060  0.8852 
   01273    0.4325   -1371.8679  0.8710 
   01274    0.4525   -1371.8969  0.8714 
   01275    0.3725   -1375.3835  0.8686 
   01276    0.4125   -1377.7532  0.8697 
   01277    0.4450   -1375.5165  0.8679 
   01278    0.4200   -1399.2384  0.8764 
   01279    0.3925   -1383.8029  0.8660 
   01280    0.3825   -1380.4987  0.8526 
   01281    0.3600   -1384.8625  0.8583 
   01282    0.3950   -1374.5503  0.8568 
   01283    0.4050   -1380.9993  0.8568 
   01284    0.4075   -1393.8770  0.8523 
   01285    0.4100   -1406.4341  0.8584 
   01286    0.4400   -1407.0083  0.8630 
   01287    0.4125   -1406.5481  0.8598 
   01288    0.4325   -1391.6797  0.8570 
   01289    0.3525   -1392.5830  0.8680 
   01290    0.4150   -1395.4248  0.8688 
   01291    0.3875   -1389.8741  0.8655 
   01292    0.4050   -1374.3073  0.8592 
   01293    0.4175   -1370.9471  0.8526 
   01294    0.4000   -1357.1636  0.8511 
   01295    0.3725   -1371.0299  0.8586 
   01296    0.4225   -1384.9453  0.8611 
   01297    0.4000   -1393.5055  0.8583 
   01298    0.4125   -1396.3323  0.8606 
   01299    0.4150   -1398.6139  0.8580 
   01300    0.3775   -1378.4265  0.8612 
   01301    0.4150   -1354.5134  0.8575 
   01302    0.4375   -1362.9609  0.8567 
   01303    0.4125   -1363.2123  0.8624 
   01304    0.4375   -1348.0193  0.8649 
   01305    0.4650   -1363.2585  0.8622 
   01306    0.4150   -1368.8950  0.8610 
   01307    0.4350   -1373.8002  0.8605 
   01308    0.3825   -1372.8270  0.8564 
   01309    0.3800   -1382.1232  0.8647 
   01310    0.4225   -1388.2400  0.8656 
   01311    0.4075   -1369.8955  0.8623 
   01312    0.4575   -1368.6136  0.8540 
   01313    0.4175   -1383.3373  0.8644 
   01314    0.4275   -1399.7386  0.8655 
   01315    0.4350   -1397.5699  0.8695 
   01316    0.3875   -1401.2863  0.8645 
   01317    0.3675   -1388.9999  0.8618 
   01318    0.3800   -1396.7761  0.8598 
   01319    0.4275   -1391.9677  0.8597 
   01320    0.3900   -1385.3544  0.8584 
   01321    0.3975   -1381.4974  0.8625 
   01322    0.4250   -1360.2511  0.8599 
   01323    0.4100   -1359.2997  0.8533 
   01324    0.4200   -1359.7211  0.8568 
   01325    0.4200   -1365.1436  0.8619 
   01326    0.4350   -1371.7388  0.8647 
   01327    0.4125   -1388.6969  0.8748 
   01328    0.4025   -1388.0117  0.8765 
   01329    0.4100   -1390.0238  0.8746 
   01330    0.4275   -1382.6169  0.8717 
   01331    0.4575   -1391.9904  0.8769 
   01332    0.3900   -1372.0247  0.8690 
   01333    0.4475   -1368.5444  0.8579 
   01334    0.4325   -1382.8187  0.8661 
   01335    0.3975   -1385.0859  0.8681 
   01336    0.4350   -1381.0886  0.8679 
   01337    0.3875   -1376.2262  0.8609 
   01338    0.3825   -1368.8772  0.8630 
   01339    0.4050   -1358.0129  0.8602 
   01340    0.4000   -1358.3524  0.8579 
   01341    0.4050   -1361.1770  0.8552 
   01342    0.4200   -1362.3005  0.8491 
   01343    0.4375   -1349.7285  0.8440 
   01344    0.3950   -1363.7651  0.8568 
   01345    0.3900   -1364.8374  0.8626 
   01346    0.3850   -1375.9115  0.8592 
   01347    0.3950   -1355.3401  0.8463 
   01348    0.4475   -1351.6160  0.8397 
   01349    0.4450   -1346.1393  0.8441 
   01350    0.4450   -1357.4231  0.8444 
   01351    0.3875   -1362.4628  0.8550 
   01352    0.4200   -1376.2390  0.8645 
   01353    0.4250   -1367.5684  0.8602 
   01354    0.3950   -1381.9928  0.8670 
   01355    0.3825   -1379.3291  0.8687 
   01356    0.4225   -1394.3411  0.8669 
   01357    0.3775   -1371.4226  0.8601 
   01358    0.4075   -1381.9740  0.8634 
   01359    0.4400   -1387.9443  0.8647 
   01360    0.3850   -1395.8020  0.8740 
   01361    0.3925   -1387.7389  0.8747 
   01362    0.4600   -1376.5314  0.8645 
   01363    0.4675   -1370.7208  0.8625 
   01364    0.4250   -1368.2065  0.8629 
   01365    0.3625   -1359.8153  0.8623 
   01366    0.4150   -1367.6196  0.8592 
   01367    0.3625   -1387.2457  0.8633 
   01368    0.4100   -1378.3667  0.8654 
   01369    0.3600   -1397.9513  0.8733 
   01370    0.4200   -1397.4019  0.8797 
   01371    0.4100   -1392.5406  0.8761 
   01372    0.4200   -1376.1039  0.8706 
   01373    0.3975   -1374.5771  0.8673 
   01374    0.4075   -1372.8137  0.8685 
   01375    0.4775   -1374.2477  0.8651 
   01376    0.4300   -1375.0511  0.8739 
   01377    0.3975   -1380.7932  0.8702 
   01378    0.4075   -1393.5896  0.8718 
   01379    0.3725   -1364.0880  0.8661 
   01380    0.4150   -1389.5293  0.8760 
   01381    0.3950   -1387.6881  0.8785 
   01382    0.4375   -1383.9945  0.8700 
   01383    0.3700   -1381.0449  0.8745 
   01384    0.3875   -1370.5482  0.8736 
   01385    0.3925   -1373.8483  0.8796 
   01386    0.3925   -1374.8152  0.8819 
   01387    0.4100   -1380.1731  0.8782 
   01388    0.3925   -1378.0079  0.8743 
   01389    0.4250   -1375.4376  0.8750 
   01390    0.4100   -1391.3445  0.8801 
   01391    0.4100   -1371.6044  0.8716 
   01392    0.4200   -1363.1230  0.8715 
   01393    0.4000   -1360.7986  0.8690 
   01394    0.4625   -1375.1122  0.8666 
   01395    0.4375   -1374.2585  0.8658 
   01396    0.3750   -1384.3054  0.8744 
   01397    0.4150   -1391.4559  0.8844 
   01398    0.4025   -1397.5189  0.8916 
   01399    0.3775   -1379.6528  0.8935 
   01400    0.3825   -1389.8898  0.8920 
   01401    0.3875   -1394.3492  0.8946 
   01402    0.3725   -1403.2996  0.9035 
   01403    0.4200   -1407.4912  0.9010 
   01404    0.3875   -1406.2211  0.9040 
   01405    0.4400   -1392.1710  0.8954 
   01406    0.3850   -1375.0284  0.8812 
   01407    0.3875   -1373.4971  0.8808 
   01408    0.3825   -1365.2079  0.8791 
   01409    0.4300   -1375.3723  0.8862 
   01410    0.4525   -1383.3960  0.8904 
   01411    0.4000   -1378.5297  0.8890 
   01412    0.4250   -1377.5867  0.8890 
   01413    0.4100   -1379.0605  0.8873 
   01414    0.4025   -1388.7797  0.8881 
   01415    0.4050   -1375.0392  0.8810 
   01416    0.4200   -1371.5297  0.8787 
   01417    0.4050   -1379.1147  0.8710 
   01418    0.3425   -1383.7948  0.8701 
   01419    0.3825   -1370.6578  0.8569 
   01420    0.3825   -1378.0413  0.8562 
   01421    0.4225   -1366.2711  0.8559 
   01422    0.4225   -1371.9589  0.8555 
   01423    0.4500   -1367.3127  0.8576 
   01424    0.4225   -1374.9705  0.8560 
   01425    0.4100   -1379.1952  0.8568 
   01426    0.3825   -1378.6294  0.8527 
   01427    0.3825   -1375.6669  0.8537 
   01428    0.4300   -1375.5117  0.8568 
   01429    0.3950   -1390.1885  0.8660 
   01430    0.3975   -1391.7185  0.8697 
   01431    0.3975   -1393.6633  0.8707 
   01432    0.4225   -1400.1060  0.8725 
   01433    0.3775   -1389.9562  0.8680 
   01434    0.4000   -1398.3816  0.8694 
   01435    0.4225   -1390.0881  0.8768 
   01436    0.4200   -1372.6382  0.8708 
   01437    0.3950   -1366.1616  0.8742 
   01438    0.3975   -1380.5990  0.8773 
   01439    0.4100   -1373.1290  0.8696 
   01440    0.4275   -1378.3646  0.8752 
   01441    0.4075   -1371.7606  0.8642 
   01442    0.4100   -1373.0942  0.8734 
   01443    0.4050   -1386.4574  0.8803 
   01444    0.3500   -1389.2328  0.8792 
   01445    0.4050   -1382.5168  0.8832 
   01446    0.4075   -1369.7506  0.8728 
   01447    0.4325   -1365.0955  0.8758 
   01448    0.4150   -1369.7261  0.8783 
   01449    0.4000   -1365.4390  0.8779 
   01450    0.4450   -1365.4403  0.8790 
   01451    0.3925   -1385.6495  0.8812 
   01452    0.4025   -1387.8904  0.8847 
   01453    0.4575   -1376.5822  0.8780 
   01454    0.4450   -1376.7172  0.8800 
   01455    0.4125   -1365.4202  0.8748 
   01456    0.4375   -1387.4299  0.8721 
   01457    0.4100   -1378.2225  0.8651 
   01458    0.3975   -1384.0640  0.8708 
   01459    0.4125   -1392.4319  0.8745 
   01460    0.4300   -1398.8677  0.8760 
   01461    0.3575   -1397.8027  0.8688 
   01462    0.4100   -1377.0675  0.8620 
   01463    0.4100   -1357.9855  0.8495 
   01464    0.4225   -1363.7728  0.8410 
   01465    0.3675   -1361.9675  0.8292 
   01466    0.4400   -1351.5770  0.8272 
   01467    0.4175   -1355.6053  0.8285 
   01468    0.3625   -1354.1381  0.8307 
   01469    0.3725   -1361.9625  0.8338 
   01470    0.4275   -1364.3931  0.8382 
   01471    0.4125   -1350.3949  0.8388 
   01472    0.3925   -1357.7621  0.8404 
   01473    0.4075   -1370.7915  0.8371 
   01474    0.4525   -1351.3020  0.8252 
   01475    0.4125   -1357.6454  0.8282 
   01476    0.4225   -1363.5436  0.8388 
   01477    0.4400   -1354.0811  0.8286 
   01478    0.4050   -1364.4594  0.8290 
   01479    0.4175   -1364.1747  0.8320 
   01480    0.4300   -1369.3423  0.8403 
   01481    0.4400   -1377.8542  0.8431 
   01482    0.4250   -1365.7428  0.8362 
   01483    0.3850   -1387.7905  0.8420 
   01484    0.3625   -1361.1377  0.8267 
   01485    0.3700   -1370.5602  0.8387 
   01486    0.4175   -1373.2375  0.8399 
   01487    0.4000   -1386.8853  0.8481 
   01488    0.3750   -1383.8400  0.8466 
   01489    0.3900   -1363.1931  0.8271 
   01490    0.4050   -1374.8291  0.8339 
   01491    0.4200   -1371.9647  0.8376 
   01492    0.3850   -1357.2869  0.8391 
   01493    0.3875   -1367.9529  0.8447 
   01494    0.3650   -1369.3650  0.8457 
   01495    0.4550   -1350.4269  0.8265 
   01496    0.4225   -1348.5364  0.8286 
   01497    0.4000   -1367.8665  0.8292 
   01498    0.4150   -1361.1991  0.8208 
   01499    0.4100   -1357.6554  0.8293 
   01500    0.4325   -1365.6023  0.8314 
   01501    0.4075   -1369.5192  0.8225 
   01502    0.4025   -1371.1312  0.8144 
   01503    0.4375   -1365.5270  0.8197 
   01504    0.3875   -1366.9463  0.8288 
   01505    0.3975   -1375.5353  0.8471 
   01506    0.3850   -1376.1387  0.8499 
   01507    0.4550   -1370.5317  0.8443 
   01508    0.4225   -1360.4149  0.8475 
   01509    0.4250   -1356.5730  0.8413 
   01510    0.4800   -1353.6283  0.8389 
   01511    0.4275   -1365.5907  0.8354 
   01512    0.3950   -1374.9098  0.8385 
   01513    0.3875   -1376.0115  0.8371 
   01514    0.4225   -1372.6136  0.8265 
   01515    0.4400   -1365.0450  0.8345 
   01516    0.4125   -1364.5011  0.8351 
   01517    0.3925   -1362.1685  0.8351 
   01518    0.4275   -1353.5145  0.8383 
   01519    0.4050   -1360.2050  0.8478 
   01520    0.4400   -1366.7408  0.8451 
   01521    0.3725   -1377.9462  0.8496 
   01522    0.4225   -1371.5038  0.8465 
   01523    0.3300   -1370.9664  0.8498 
   01524    0.3900   -1383.7852  0.8590 
   01525    0.4100   -1365.1744  0.8516 
   01526    0.3700   -1360.6057  0.8475 
   01527    0.4025   -1374.9363  0.8554 
   01528    0.4375   -1392.1210  0.8581 
   01529    0.4025   -1390.0083  0.8646 
   01530    0.4175   -1399.0173  0.8651 
   01531    0.4050   -1368.1498  0.8509 
   01532    0.4350   -1371.5929  0.8606 
   01533    0.4450   -1386.7571  0.8708 
   01534    0.4275   -1370.4059  0.8688 
   01535    0.4050   -1377.7865  0.8716 
   01536    0.3800   -1375.8555  0.8736 
   01537    0.4175   -1373.2485  0.8820 
   01538    0.3725   -1367.6097  0.8802 
   01539    0.4275   -1362.6268  0.8765 
   01540    0.4100   -1369.4452  0.8859 
   01541    0.3875   -1370.4937  0.8821 
   01542    0.3800   -1360.6741  0.8724 
   01543    0.4175   -1359.1021  0.8615 
   01544    0.4250   -1344.4227  0.8631 
   01545    0.4075   -1356.7775  0.8621 
   01546    0.4075   -1374.0399  0.8643 
   01547    0.3650   -1381.8176  0.8639 
   01548    0.3925   -1373.6144  0.8653 
   01549    0.4175   -1370.6808  0.8668 
   01550    0.4175   -1351.8193  0.8647 
   01551    0.3850   -1354.9012  0.8706 
   01552    0.4050   -1379.4224  0.8669 
   01553    0.3925   -1377.8036  0.8738 
   01554    0.3775   -1371.1338  0.8683 
   01555    0.4525   -1385.5391  0.8805 
   01556    0.4225   -1394.8015  0.8871 
   01557    0.3775   -1388.5118  0.8857 
   01558    0.4200   -1381.6852  0.8813 
   01559    0.4325   -1379.2196  0.8758 
   01560    0.4525   -1384.7526  0.8788 
   01561    0.3900   -1390.5826  0.8760 
   01562    0.4225   -1380.6840  0.8673 
   01563    0.3950   -1387.6085  0.8758 
   01564    0.4450   -1370.6331  0.8703 
   01565    0.4650   -1363.7737  0.8666 
   01566    0.4175   -1364.3383  0.8652 
   01567    0.3950   -1360.0090  0.8649 
   01568    0.3875   -1368.2526  0.8709 
   01569    0.4075   -1366.3964  0.8653 
   01570    0.4175   -1344.6570  0.8534 
   01571    0.4225   -1357.7863  0.8662 
   01572    0.4275   -1373.4756  0.8766 
   01573    0.3750   -1381.7841  0.8802 
   01574    0.4575   -1366.7738  0.8675 
   01575    0.4075   -1384.9309  0.8784 
   01576    0.4500   -1367.1479  0.8617 
   01577    0.4175   -1385.1171  0.8746 
   01578    0.3950   -1367.3075  0.8632 
   01579    0.4725   -1387.6306  0.8749 
   01580    0.4425   -1398.8701  0.8817 
   01581    0.3975   -1396.9281  0.8848 
   01582    0.4450   -1383.1753  0.8759 
   01583    0.3775   -1385.5012  0.8855 
   01584    0.4150   -1389.8148  0.8803 
   01585    0.3800   -1388.3776  0.8781 
   01586    0.4325   -1379.0210  0.8747 
   01587    0.4550   -1394.6915  0.8788 
   01588    0.4400   -1381.0195  0.8753 
   01589    0.3975   -1385.7284  0.8821 
   01590    0.3725   -1396.5946  0.8824 
   01591    0.3925   -1401.4189  0.8821 
   01592    0.3950   -1383.2015  0.8712 
   01593    0.3575   -1378.5817  0.8665 
   01594    0.3550   -1370.1884  0.8635 
   01595    0.4000   -1364.1906  0.8625 
   01596    0.4200   -1371.6080  0.8582 
   01597    0.3725   -1378.5442  0.8629 
   01598    0.3625   -1385.3655  0.8661 
   01599    0.4000   -1389.8031  0.8683 
   01600    0.3625   -1395.2817  0.8724 
   01601    0.3900   -1395.2679  0.8616 
   01602    0.3850   -1392.2493  0.8602 
   01603    0.4175   -1378.9872  0.8694 
   01604    0.4125   -1399.4827  0.8780 
   01605    0.4100   -1393.7389  0.8696 
   01606    0.4375   -1392.3617  0.8682 
   01607    0.3350   -1389.2122  0.8697 
   01608    0.3650   -1368.7538  0.8602 
   01609    0.3950   -1370.9584  0.8597 
   01610    0.3800   -1364.1523  0.8590 
   01611    0.3925   -1362.0760  0.8601 
   01612    0.4275   -1364.5350  0.8589 
   01613    0.3825   -1369.6074  0.8599 
   01614    0.4075   -1371.7469  0.8567 
   01615    0.3925   -1365.3281  0.8568 
   01616    0.4450   -1349.6643  0.8586 
   01617    0.4200   -1378.1532  0.8602 
   01618    0.4425   -1397.1094  0.8629 
   01619    0.3700   -1392.0656  0.8594 
   01620    0.4100   -1398.2107  0.8643 
   01621    0.4075   -1405.7478  0.8620 
   01622    0.3825   -1402.8977  0.8634 
   01623    0.4400   -1391.4413  0.8634 
   01624    0.4250   -1395.9412  0.8619 
   01625    0.4025   -1399.9584  0.8650 
   01626    0.4000   -1387.3622  0.8587 
   01627    0.4275   -1382.4634  0.8592 
   01628    0.3925   -1384.8849  0.8587 
   01629    0.4100   -1387.1182  0.8617 
   01630    0.4300   -1396.2220  0.8579 
   01631    0.3825   -1390.0869  0.8476 
   01632    0.4500   -1381.0248  0.8454 
   01633    0.4450   -1374.3234  0.8429 
   01634    0.4000   -1368.4121  0.8266 
   01635    0.3600   -1361.9285  0.8210 
   01636    0.4100   -1355.2784  0.8157 
   01637    0.4050   -1359.6681  0.8221 
   01638    0.4225   -1359.0415  0.8207 
   01639    0.4075   -1351.4670  0.8205 
   01640    0.4225   -1374.2151  0.8241 
   01641    0.4125   -1356.0657  0.8289 
   01642    0.4150   -1351.6399  0.8315 
   01643    0.4500   -1380.6941  0.8435 
   01644    0.4100   -1386.8448  0.8467 
   01645    0.3575   -1386.2028  0.8561 
   01646    0.3725   -1397.1514  0.8496 
   01647    0.3875   -1384.3977  0.8398 
   01648    0.3975   -1384.4670  0.8435 
   01649    0.4275   -1384.4854  0.8593 
   01650    0.4300   -1386.3579  0.8609 
   01651    0.4300   -1383.4219  0.8583 
   01652    0.4125   -1380.1527  0.8633 
   01653    0.4375   -1374.8429  0.8601 
   01654    0.3925   -1391.7590  0.8664 
   01655    0.4225   -1394.0568  0.8748 
   01656    0.4025   -1379.1975  0.8700 
   01657    0.4075   -1392.5950  0.8723 
   01658    0.4025   -1372.2229  0.8647 
   01659    0.4225   -1370.8331  0.8660 
   01660    0.3950   -1375.4796  0.8699 
   01661    0.3975   -1382.8530  0.8712 
   01662    0.4125   -1389.9600  0.8809 
   01663    0.3875   -1400.8203  0.8832 
   01664    0.4375   -1387.7352  0.8807 
   01665    0.4600   -1394.3583  0.8811 
   01666    0.4100   -1385.0881  0.8803 
   01667    0.4200   -1364.3087  0.8703 
   01668    0.3775   -1391.9136  0.8798 
   01669    0.4050   -1388.2860  0.8821 
   01670    0.3575   -1394.8179  0.8892 
   01671    0.4050   -1377.3556  0.8788 
   01672    0.4550   -1377.6000  0.8802 
   01673    0.4325   -1385.0088  0.8828 
   01674    0.4050   -1364.3049  0.8729 
   01675    0.3875   -1372.0590  0.8718 
   01676    0.4150   -1398.3538  0.8754 
   01677    0.3950   -1394.4785  0.8716 
   01678    0.3675   -1392.9373  0.8786 
   01679    0.3825   -1391.3252  0.8798 
   01680    0.4125   -1374.7301  0.8727 
   01681    0.4150   -1384.8416  0.8777 
   01682    0.4450   -1383.4417  0.8748 
   01683    0.4325   -1384.2421  0.8750 
   01684    0.4000   -1387.9746  0.8741 
   01685    0.4050   -1388.8931  0.8616 
   01686    0.3700   -1382.9792  0.8564 
   01687    0.4175   -1371.2216  0.8523 
   01688    0.3650   -1368.0601  0.8570 
   01689    0.4250   -1376.4327  0.8661 
   01690    0.3950   -1389.4064  0.8727 
   01691    0.3925   -1397.9445  0.8709 
   01692    0.3800   -1402.4241  0.8730 
   01693    0.3925   -1381.9281  0.8675 
   01694    0.3875   -1385.7578  0.8745 
   01695    0.4225   -1364.1416  0.8623 
   01696    0.4100   -1352.5500  0.8635 
   01697    0.4175   -1356.8789  0.8581 
   01698    0.4325   -1356.9806  0.8630 
   01699    0.3950   -1361.3978  0.8586 
   01700    0.4000   -1371.3501  0.8522 
   01701    0.3875   -1363.5989  0.8491 
   01702    0.4175   -1343.2991  0.8518 
   01703    0.4200   -1370.2050  0.8593 
   01704    0.3850   -1378.1799  0.8593 
   01705    0.4000   -1376.5535  0.8635 
   01706    0.3950   -1374.2214  0.8592 
   01707    0.4025   -1364.0566  0.8588 
   01708    0.3875   -1394.3458  0.8683 
   01709    0.3650   -1390.5023  0.8698 
   01710    0.4025   -1387.2487  0.8713 
   01711    0.4250   -1379.3070  0.8724 
   01712    0.4300   -1382.1250  0.8675 
   01713    0.4275   -1388.0316  0.8715 
   01714    0.3900   -1398.9734  0.8761 
   01715    0.3675   -1402.8538  0.8746 
   01716    0.3925   -1399.2880  0.8665 
   01717    0.3525   -1385.6619  0.8551 
   01718    0.3925   -1400.8934  0.8573 
   01719    0.3700   -1404.1235  0.8625 
   01720    0.3650   -1410.9202  0.8659 
   01721    0.4025   -1401.8993  0.8652 
   01722    0.4150   -1406.7694  0.8697 
   01723    0.4000   -1392.7151  0.8754 
   01724    0.4025   -1400.3450  0.8783 
   01725    0.4300   -1407.4807  0.8777 
   01726    0.4350   -1406.5568  0.8777 
   01727    0.4225   -1395.1893  0.8791 
   01728    0.3750   -1409.9854  0.8828 
   01729    0.4200   -1398.2841  0.8847 
   01730    0.4150   -1384.5905  0.8838 
   01731    0.4025   -1368.1482  0.8752 
   01732    0.3750   -1377.8434  0.8850 
   01733    0.4025   -1378.8124  0.8781 
   01734    0.4275   -1394.1125  0.8827 
   01735    0.4075   -1393.9318  0.8779 
   01736    0.4425   -1386.4509  0.8778 
   01737    0.3925   -1373.9633  0.8738 
   01738    0.4325   -1383.0387  0.8789 
   01739    0.3850   -1395.6335  0.8820 
   01740    0.3950   -1406.2042  0.8865 
   01741    0.4200   -1392.4683  0.8742 
   01742    0.4400   -1368.6432  0.8692 
   01743    0.4150   -1377.2567  0.8727 
   01744    0.3650   -1387.8751  0.8787 
   01745    0.3825   -1393.3741  0.8787 
   01746    0.4450   -1392.0145  0.8761 
   01747    0.4000   -1395.6111  0.8767 
   01748    0.3675   -1402.7682  0.8703 
   01749    0.4275   -1385.3669  0.8628 
   01750    0.4275   -1374.9006  0.8619 
   01751    0.4150   -1363.4790  0.8517 
   01752    0.4525   -1363.0450  0.8462 
   01753    0.3850   -1378.6370  0.8506 
   01754    0.3825   -1407.7635  0.8603 
   01755    0.3850   -1393.4333  0.8465 
   01756    0.4600   -1391.7296  0.8443 
   01757    0.4475   -1388.3195  0.8375 
   01758    0.4050   -1397.5065  0.8409 
   01759    0.3800   -1382.3103  0.8259 
   01760    0.3850   -1382.8738  0.8339 
   01761    0.4200   -1379.9916  0.8353 
   01762    0.4100   -1375.2361  0.8395 
   01763    0.4125   -1370.5856  0.8387 
   01764    0.3875   -1354.4807  0.8322 
   01765    0.3875   -1359.8839  0.8325 
   01766    0.4200   -1359.4319  0.8275 
   01767    0.4525   -1356.4856  0.8376 
   01768    0.4300   -1371.1454  0.8479 
   01769    0.3825   -1396.6971  0.8601 
   01770    0.4325   -1391.1206  0.8503 
   01771    0.4125   -1391.6844  0.8534 
   01772    0.4000   -1388.7141  0.8632 
   01773    0.4400   -1375.2794  0.8593 
   01774    0.4050   -1388.8580  0.8641 
   01775    0.4350   -1379.2477  0.8500 
   01776    0.3700   -1372.7094  0.8543 
   01777    0.4975   -1385.4065  0.8593 
   01778    0.3400   -1386.0681  0.8565 
   01779    0.3950   -1386.0944  0.8514 
   01780    0.4025   -1373.4888  0.8432 
   01781    0.4275   -1378.6046  0.8482 
   01782    0.4450   -1376.7073  0.8442 
   01783    0.3925   -1386.3610  0.8633 
   01784    0.3925   -1403.9177  0.8718 
   01785    0.3750   -1382.2889  0.8570 
   01786    0.4175   -1391.4329  0.8601 
   01787    0.3775   -1395.9359  0.8640 
   01788    0.3650   -1385.5604  0.8617 
   01789    0.4075   -1384.8716  0.8601 
   01790    0.3875   -1387.4139  0.8596 
   01791    0.3800   -1379.7250  0.8637 
   01792    0.4050   -1376.6370  0.8626 
   01793    0.3975   -1394.0187  0.8627 
   01794    0.4125   -1396.8196  0.8537 
   01795    0.4125   -1406.9158  0.8582 
   01796    0.4325   -1389.7385  0.8495 
   01797    0.3825   -1400.4406  0.8515 
   01798    0.4050   -1390.6641  0.8469 
   01799    0.4250   -1391.6648  0.8418 
   01800    0.4025   -1398.0875  0.8426 
   01801    0.3925   -1392.5510  0.8356 
   01802    0.3975   -1388.3004  0.8391 
   01803    0.3725   -1388.5121  0.8408 
   01804    0.4400   -1391.9276  0.8521 
   01805    0.4100   -1394.6154  0.8574 
   01806    0.3775   -1386.4182  0.8607 
   01807    0.4425   -1393.8075  0.8582 
   01808    0.3650   -1391.9553  0.8517 
   01809    0.3950   -1394.8790  0.8526 
   01810    0.3975   -1383.9927  0.8566 
   01811    0.3900   -1365.3252  0.8553 
   01812    0.4150   -1381.1171  0.8570 
   01813    0.3975   -1371.7096  0.8575 
   01814    0.3925   -1375.5164  0.8536 
   01815    0.4050   -1385.5504  0.8535 
   01816    0.4500   -1376.4493  0.8545 
   01817    0.4250   -1370.4606  0.8462 
   01818    0.4075   -1378.3014  0.8473 
   01819    0.3875   -1384.8085  0.8436 
   01820    0.3700   -1380.6360  0.8433 
   01821    0.4225   -1390.4379  0.8507 
   01822    0.4000   -1380.6312  0.8392 
   01823    0.4425   -1346.2159  0.8144 
   01824    0.4225   -1341.4922  0.8231 
   01825    0.3925   -1355.3093  0.8374 
   01826    0.4350   -1362.7271  0.8422 
   01827    0.4150   -1387.2388  0.8532 
   01828    0.4350   -1366.1627  0.8470 
   01829    0.3975   -1360.3320  0.8518 
   01830    0.4350   -1368.8210  0.8484 
   01831    0.3875   -1364.1323  0.8496 
   01832    0.4000   -1368.8381  0.8507 
   01833    0.4100   -1363.0433  0.8519 
   01834    0.4125   -1361.9633  0.8459 
   01835    0.4000   -1367.6615  0.8461 
   01836    0.4450   -1365.9341  0.8390 
   01837    0.4475   -1382.9172  0.8467 
   01838    0.4325   -1396.7230  0.8485 
   01839    0.4375   -1396.6046  0.8418 
   01840    0.4775   -1397.5338  0.8353 
   01841    0.4000   -1393.1329  0.8340 
   01842    0.4275   -1389.6191  0.8332 
   01843    0.3825   -1397.5446  0.8430 
   01844    0.3825   -1398.6729  0.8472 
   01845    0.3975   -1397.1871  0.8462 
   01846    0.4200   -1382.3138  0.8362 
   01847    0.3825   -1387.8563  0.8358 
   01848    0.3825   -1383.2661  0.8341 
   01849    0.4175   -1393.5626  0.8390 
   01850    0.4125   -1400.4149  0.8378 
   01851    0.3475   -1399.4806  0.8361 
   01852    0.4000   -1395.7845  0.8348 
   01853    0.3950   -1390.2512  0.8292 
   01854    0.3825   -1393.8467  0.8343 
   01855    0.4125   -1392.7876  0.8380 
   01856    0.4000   -1380.0603  0.8370 
   01857    0.4150   -1387.1486  0.8347 
   01858    0.4050   -1391.1831  0.8422 
   01859    0.3825   -1385.3624  0.8392 
   01860    0.3625   -1381.4551  0.8314 
   01861    0.3875   -1356.1093  0.8219 
   01862    0.4175   -1366.7605  0.8370 
   01863    0.4225   -1382.7704  0.8533 
   01864    0.4000   -1378.2802  0.8531 
   01865    0.3525   -1375.3291  0.8526 
   01866    0.4200   -1371.8171  0.8486 
   01867    0.4250   -1377.5859  0.8525 
   01868    0.3850   -1390.4067  0.8544 
   01869    0.4400   -1370.7238  0.8504 
   01870    0.4075   -1390.1519  0.8563 
   01871    0.4100   -1381.3682  0.8532 
   01872    0.4400   -1388.8859  0.8550 
   01873    0.3950   -1378.2010  0.8568 
   01874    0.4325   -1364.4027  0.8491 
   01875    0.4825   -1366.9637  0.8428 
   01876    0.4025   -1375.7948  0.8448 
   01877    0.3925   -1375.0210  0.8536 
   01878    0.4050   -1384.7777  0.8482 
   01879    0.4100   -1375.9618  0.8462 
   01880    0.4075   -1395.7410  0.8504 
   01881    0.4025   -1391.5458  0.8508 
   01882    0.4100   -1370.1373  0.8471 
   01883    0.4250   -1369.8701  0.8446 
   01884    0.4400   -1356.9481  0.8405 
   01885    0.4700   -1371.2235  0.8440 
   01886    0.4150   -1357.4568  0.8360 
   01887    0.4475   -1352.2366  0.8371 
   01888    0.3750   -1350.9847  0.8407 
   01889    0.4050   -1356.2653  0.8478 
   01890    0.4150   -1349.1539  0.8500 
   01891    0.4450   -1358.9711  0.8535 
   01892    0.4150   -1350.5176  0.8542 
   01893    0.3800   -1355.9227  0.8608 
   01894    0.4275   -1364.5685  0.8511 
   01895    0.3900   -1350.0874  0.8381 
   01896    0.4275   -1358.0421  0.8359 
   01897    0.4025   -1349.8639  0.8286 
   01898    0.4075   -1378.0382  0.8404 
   01899    0.4375   -1385.1278  0.8590 
   01900    0.4125   -1375.0720  0.8531 
   01901    0.4075   -1383.4177  0.8537 
   01902    0.3975   -1359.1598  0.8440 
   01903    0.4075   -1344.4862  0.8392 
   01904    0.3875   -1342.9814  0.8341 
   01905    0.4375   -1338.6392  0.8231 
   01906    0.4025   -1343.7343  0.8181 
   01907    0.4250   -1362.3392  0.8246 
   01908    0.4225   -1364.6191  0.8169 
   01909    0.4175   -1365.8738  0.8189 
   01910    0.4300   -1390.8115  0.8348 
   01911    0.4200   -1379.6727  0.8338 
   01912    0.3650   -1375.2391  0.8367 
   01913    0.3925   -1361.5211  0.8335 
   01914    0.4175   -1357.9906  0.8351 
   01915    0.3950   -1355.1825  0.8299 
   01916    0.4100   -1344.8125  0.8350 
   01917    0.4000   -1330.9077  0.8303 
   01918    0.4200   -1344.3638  0.8299 
   01919    0.3725   -1361.8516  0.8232 
   01920    0.4350   -1373.8827  0.8236 
   01921    0.3825   -1364.5558  0.8312 
   01922    0.4075   -1379.8198  0.8421 
   01923    0.4200   -1388.0640  0.8420 
   01924    0.4375   -1385.0631  0.8458 
   01925    0.4050   -1373.7706  0.8435 
   01926    0.4450   -1346.6726  0.8426 
   01927    0.4425   -1354.3357  0.8344 
   01928    0.3975   -1371.7172  0.8336 
   01929    0.4225   -1363.2296  0.8309 
   01930    0.4300   -1371.8361  0.8430 
   01931    0.3750   -1358.2913  0.8340 
   01932    0.3950   -1345.6479  0.8320 
   01933    0.4200   -1354.9485  0.8474 
   01934    0.4325   -1362.3373  0.8510 
   01935    0.4150   -1363.2223  0.8473 
   01936    0.3975   -1353.6273  0.8473 
   01937    0.4050   -1348.6548  0.8481 
   01938    0.3750   -1350.5892  0.8456 
   01939    0.4075   -1351.9219  0.8470 
   01940    0.4150   -1357.4911  0.8469 
   01941    0.4325   -1365.7959  0.8419 
   01942    0.4175   -1377.0894  0.8515 
   01943    0.4000   -1385.5305  0.8523 
   01944    0.4200   -1379.1022  0.8543 
   01945    0.3475   -1361.2720  0.8439 
   01946    0.3900   -1342.4248  0.8340 
   01947    0.4050   -1354.8163  0.8412 
   01948    0.4400   -1369.1761  0.8398 
   01949    0.4125   -1375.3826  0.8453 
   01950    0.4300   -1379.2137  0.8457 
   01951    0.3925   -1387.6499  0.8390 
   01952    0.3550   -1380.3900  0.8391 
   01953    0.4075   -1385.5315  0.8478 
   01954    0.4225   -1387.9073  0.8427 
   01955    0.4050   -1404.1613  0.8513 
   01956    0.3825   -1378.3616  0.8392 
   01957    0.4200   -1385.0731  0.8359 
   01958    0.4100   -1394.7306  0.8444 
   01959    0.4125   -1382.8788  0.8518 
   01960    0.3900   -1391.5044  0.8539 
   01961    0.4100   -1390.7490  0.8545 
   01962    0.3950   -1382.8671  0.8547 
   01963    0.4325   -1386.9319  0.8589 
   01964    0.3900   -1370.2585  0.8566 
   01965    0.4025   -1387.5284  0.8587 
   01966    0.3825   -1387.8723  0.8550 
   01967    0.4075   -1376.5260  0.8413 
   01968    0.4300   -1369.5385  0.8359 
   01969    0.4150   -1375.4702  0.8387 
   01970    0.4075   -1372.4365  0.8353 
   01971    0.3850   -1355.1346  0.8352 
   01972    0.4025   -1358.2755  0.8243 
   01973    0.4200   -1366.8258  0.8340 
   01974    0.4700   -1374.8615  0.8338 
   01975    0.4150   -1345.1466  0.8239 
   01976    0.4375   -1333.1010  0.8331 
   01977    0.3925   -1352.9314  0.8303 
   01978    0.4150   -1353.8340  0.8353 
   01979    0.4075   -1362.4646  0.8408 
   01980    0.4650   -1365.8262  0.8495 
   01981    0.4275   -1354.8984  0.8416 
   01982    0.4500   -1349.5469  0.8471 
   01983    0.4150   -1354.0189  0.8408 
   01984    0.4500   -1361.8774  0.8445 
   01985    0.4075   -1377.9789  0.8493 
   01986    0.4100   -1392.4421  0.8620 
   01987    0.4025   -1380.0194  0.8613 
   01988    0.4325   -1369.1388  0.8575 
   01989    0.4150   -1358.3821  0.8484 
   01990    0.3575   -1351.3743  0.8385 
   01991    0.4050   -1350.9408  0.8383 
   01992    0.4175   -1333.1971  0.8315 
   01993    0.4375   -1320.4625  0.8295 
   01994    0.4400   -1345.0177  0.8303 
   01995    0.4650   -1363.2300  0.8336 
   01996    0.4325   -1356.0557  0.8254 
   01997    0.4350   -1343.0092  0.8129 
   01998    0.4000   -1349.9694  0.8230 
   01999    0.4275   -1348.6791  0.8235 
   02000    0.4300   -1356.4624  0.8235 
   02001    0.3725   -1347.0854  0.8140 
   02002    0.4625   -1342.7764  0.8154 
   02003    0.4075   -1349.0895  0.8122 
   02004    0.4050   -1329.6008  0.8188 
   02005    0.4475   -1339.5038  0.8273 
   02006    0.3625   -1334.1650  0.8181 
   02007    0.4125   -1354.7296  0.8154 
   02008    0.4225   -1345.0814  0.7993 
   02009    0.3750   -1356.8774  0.8051 
   02010    0.4325   -1350.5663  0.8121 
   02011    0.4350   -1339.9655  0.8023 
   02012    0.4425   -1360.9524  0.8093 
   02013    0.4350   -1355.7267  0.8095 
   02014    0.4200   -1369.5863  0.8222 
   02015    0.4000   -1384.1918  0.8270 
   02016    0.4300   -1378.6207  0.8227 
   02017    0.4200   -1383.8839  0.8293 
   02018    0.4050   -1385.0697  0.8336 
   02019    0.3775   -1387.8342  0.8355 
   02020    0.3825   -1387.9637  0.8308 
   02021    0.3850   -1373.5094  0.8299 
   02022    0.4025   -1375.9213  0.8309 
   02023    0.4350   -1365.2017  0.8357 
   02024    0.3775   -1370.1182  0.8341 
   02025    0.3950   -1363.7748  0.8327 
   02026    0.4150   -1391.6749  0.8441 
   02027    0.4050   -1387.3385  0.8492 
   02028    0.4400   -1385.9766  0.8488 
   02029    0.4200   -1363.2758  0.8496 
   02030    0.4100   -1352.9426  0.8440 
   02031    0.3850   -1335.9475  0.8386 
   02032    0.3925   -1371.0107  0.8493 
   02033    0.4400   -1377.6035  0.8584 
   02034    0.4075   -1381.9441  0.8616 
   02035    0.4100   -1386.6288  0.8555 
   02036    0.4325   -1380.3772  0.8563 
   02037    0.3675   -1391.0721  0.8602 
   02038    0.4200   -1381.6371  0.8633 
   02039    0.4250   -1380.4550  0.8538 
   02040    0.4225   -1368.0071  0.8462 
   02041    0.4300   -1385.8494  0.8514 
   02042    0.4300   -1382.0649  0.8414 
   02043    0.4550   -1370.4327  0.8342 
   02044    0.4325   -1370.0201  0.8420 
   02045    0.4325   -1385.9463  0.8411 
   02046    0.3700   -1365.8446  0.8289 
   02047    0.4375   -1376.9738  0.8401 
   02048    0.3775   -1368.1470  0.8317 
   02049    0.4250   -1390.8552  0.8405 
   02050    0.4175   -1396.3783  0.8458 
   02051    0.4025   -1365.0259  0.8440 
   02052    0.4100   -1369.6088  0.8442 
   02053    0.3975   -1368.2495  0.8440 
   02054    0.4200   -1372.2091  0.8473 
   02055    0.4150   -1353.1337  0.8470 
   02056    0.4350   -1345.1016  0.8519 
   02057    0.4200   -1347.4290  0.8470 
   02058    0.4100   -1348.3289  0.8435 
   02059    0.3925   -1359.9226  0.8465 
   02060    0.4125   -1372.5403  0.8588 
   02061    0.4400   -1367.3976  0.8535 
   02062    0.4100   -1363.8451  0.8405 
   02063    0.3800   -1363.5620  0.8421 
   02064    0.4050   -1352.7759  0.8372 
   02065    0.4250   -1355.9590  0.8493 
   02066    0.4275   -1374.9006  0.8526 
   02067    0.4275   -1381.4086  0.8473 
   02068    0.4600   -1387.2759  0.8501 
   02069    0.3975   -1366.8407  0.8324 
   02070    0.4100   -1366.6464  0.8267 
   02071    0.4125   -1367.0242  0.8307 
   02072    0.3750   -1361.3651  0.8284 
   02073    0.3925   -1364.1923  0.8305 
   02074    0.4000   -1342.1780  0.8170 
   02075    0.4200   -1369.4388  0.8143 
   02076    0.3725   -1379.2045  0.8321 
   02077    0.4500   -1382.0928  0.8282 
   02078    0.3675   -1370.4841  0.8357 
   02079    0.4100   -1381.9117  0.8516 
   02080    0.4300   -1380.2179  0.8588 
   02081    0.3950   -1380.3615  0.8530 
   02082    0.3750   -1379.8617  0.8484 
   02083    0.4600   -1382.9403  0.8462 
   02084    0.4475   -1372.5978  0.8401 
   02085    0.3875   -1372.9961  0.8392 
   02086    0.4250   -1375.8489  0.8389 
   02087    0.4300   -1380.7401  0.8440 
   02088    0.3850   -1389.3060  0.8471 
   02089    0.4225   -1365.6962  0.8341 
   02090    0.4325   -1378.6289  0.8369 
   02091    0.4150   -1389.9746  0.8449 
   02092    0.3725   -1389.9498  0.8492 
   02093    0.4000   -1400.6885  0.8534 
   02094    0.3725   -1396.9093  0.8506 
   02095    0.4400   -1394.6936  0.8510 
   02096    0.3900   -1375.5974  0.8429 
   02097    0.4250   -1371.8574  0.8382 
   02098    0.4150   -1386.6628  0.8466 
   02099    0.4000   -1402.1475  0.8463 
   02100    0.3850   -1396.5442  0.8425 
   02101    0.3950   -1392.0132  0.8379 
   02102    0.3625   -1395.5933  0.8422 
   02103    0.4050   -1374.1505  0.8342 
   02104    0.4225   -1374.0636  0.8395 
   02105    0.4250   -1391.4882  0.8454 
   02106    0.4000   -1380.3677  0.8360 
   02107    0.3750   -1378.6350  0.8272 
   02108    0.4050   -1371.4081  0.8345 
   02109    0.3975   -1372.2535  0.8322 
   02110    0.3975   -1376.0079  0.8296 
   02111    0.3975   -1386.5361  0.8255 
   02112    0.4325   -1379.1034  0.8232 
   02113    0.3675   -1359.3462  0.8168 
   02114    0.4550   -1355.4829  0.8230 
   02115    0.4550   -1351.1318  0.8219 
   02116    0.4450   -1368.3063  0.8274 
   02117    0.4300   -1361.4539  0.8358 
   02118    0.4100   -1380.8947  0.8422 
   02119    0.3675   -1385.3792  0.8398 
   02120    0.3950   -1378.3087  0.8423 
   02121    0.4425   -1372.3804  0.8363 
   02122    0.4325   -1372.1824  0.8371 
   02123    0.4300   -1359.7382  0.8251 
   02124    0.4100   -1363.4807  0.8249 
   02125    0.3825   -1348.8777  0.8166 
   02126    0.4575   -1348.7448  0.8211 
   02127    0.3900   -1317.9635  0.8047 
   02128    0.4300   -1359.1038  0.8176 
   02129    0.4200   -1371.9681  0.8216 
   02130    0.3925   -1360.0730  0.8156 
   02131    0.4050   -1356.0085  0.8190 
   02132    0.4400   -1353.2517  0.8115 
   02133    0.4150   -1370.3926  0.8240 
   02134    0.4275   -1371.9125  0.8272 
   02135    0.4200   -1377.3434  0.8309 
   02136    0.4025   -1363.1929  0.8232 
   02137    0.3900   -1364.9347  0.8241 
   02138    0.4125   -1353.6610  0.8286 
   02139    0.4275   -1350.6132  0.8307 
   02140    0.3775   -1360.1150  0.8409 
   02141    0.4275   -1357.5116  0.8323 
   02142    0.4100   -1349.9318  0.8340 
   02143    0.4225   -1361.5155  0.8264 
   02144    0.3900   -1350.7871  0.8314 
   02145    0.3675   -1333.7888  0.8245 
   02146    0.4225   -1348.1987  0.8200 
   02147    0.3700   -1349.4355  0.8139 
   02148    0.4425   -1341.5388  0.8066 
   02149    0.4050   -1339.5435  0.8156 
   02150    0.4025   -1352.5208  0.8194 
   02151    0.4050   -1350.5638  0.8096 
   02152    0.4025   -1336.2925  0.8049 
   02153    0.3800   -1356.8184  0.8141 
   02154    0.4150   -1356.0818  0.8228 
   02155    0.4475   -1345.8702  0.8265 
   02156    0.4000   -1362.2052  0.8406 
   02157    0.4000   -1363.6104  0.8452 
   02158    0.4200   -1353.6812  0.8353 
   02159    0.4300   -1363.6118  0.8365 
   02160    0.4275   -1360.3307  0.8318 
   02161    0.4100   -1351.6165  0.8313 
   02162    0.3825   -1366.4009  0.8294 
   02163    0.3975   -1371.4907  0.8254 
   02164    0.4375   -1379.8793  0.8283 
   02165    0.3875   -1357.6542  0.8144 
   02166    0.4050   -1357.7881  0.8089 
   02167    0.3700   -1365.7556  0.8121 
   02168    0.4125   -1364.8568  0.8227 
   02169    0.3975   -1373.3521  0.8174 
   02170    0.3800   -1379.3408  0.8074 
   02171    0.4700   -1375.5503  0.8100 
   02172    0.4125   -1374.5315  0.8119 
   02173    0.3575   -1354.3303  0.8083 
   02174    0.4300   -1370.9493  0.8159 
   02175    0.4075   -1371.7054  0.8213 
   02176    0.3625   -1371.4528  0.8200 
   02177    0.4575   -1364.9954  0.8292 
   02178    0.4000   -1377.9995  0.8404 
   02179    0.4050   -1371.2549  0.8305 
   02180    0.4025   -1367.7882  0.8289 
   02181    0.4050   -1349.2610  0.8311 
   02182    0.4100   -1342.9569  0.8279 
   02183    0.4425   -1365.2225  0.8398 
   02184    0.4125   -1369.0358  0.8425 
   02185    0.3925   -1364.9075  0.8447 
   02186    0.4200   -1373.2343  0.8484 
   02187    0.3975   -1364.7784  0.8478 
   02188    0.4525   -1342.6528  0.8444 
   02189    0.4900   -1342.7344  0.8499 
   02190    0.3975   -1361.3037  0.8573 
   02191    0.4500   -1372.3273  0.8598 
   02192    0.3975   -1371.1176  0.8594 
   02193    0.4300   -1369.9830  0.8569 
   02194    0.4300   -1368.2186  0.8531 
   02195    0.4200   -1360.7318  0.8453 
   02196    0.4350   -1355.6050  0.8519 
   02197    0.4200   -1374.0233  0.8493 
   02198    0.4075   -1357.3217  0.8416 
   02199    0.4450   -1353.6572  0.8387 
   02200    0.4100   -1370.9900  0.8411 
   02201    0.4175   -1370.2684  0.8368 
   02202    0.4125   -1362.4248  0.8307 
   02203    0.4250   -1367.3413  0.8331 
   02204    0.4125   -1373.8138  0.8396 
   02205    0.3925   -1374.8351  0.8342 
   02206    0.3900   -1381.8635  0.8527 
   02207    0.4125   -1375.0626  0.8585 
   02208    0.4425   -1363.0049  0.8574 
   02209    0.4300   -1376.2064  0.8599 
   02210    0.4250   -1374.0719  0.8646 
   02211    0.4000   -1364.1796  0.8583 
   02212    0.4175   -1344.7925  0.8484 
   02213    0.4125   -1371.7209  0.8663 
   02214    0.3975   -1386.9307  0.8597 
   02215    0.4375   -1379.3430  0.8632 
   02216    0.4350   -1384.1115  0.8686 
   02217    0.4350   -1388.8429  0.8688 
   02218    0.4250   -1378.4846  0.8715 
   02219    0.4475   -1388.2522  0.8807 
   02220    0.3650   -1384.0476  0.8730 
   02221    0.3625   -1392.5693  0.8700 
   02222    0.4200   -1380.7892  0.8559 
   02223    0.4075   -1377.0743  0.8665 
   02224    0.3975   -1382.1700  0.8701 
   02225    0.3850   -1390.2987  0.8758 
   02226    0.4150   -1391.9142  0.8724 
   02227    0.3950   -1375.3717  0.8628 
   02228    0.3975   -1384.5653  0.8566 
   02229    0.3900   -1388.5062  0.8597 
   02230    0.3925   -1392.8322  0.8684 
   02231    0.3950   -1391.7754  0.8597 
   02232    0.4350   -1381.3274  0.8540 
   02233    0.3850   -1402.5609  0.8571 
   02234    0.3825   -1402.2908  0.8606 
   02235    0.3675   -1377.9835  0.8480 
   02236    0.4050   -1347.9917  0.8362 
   02237    0.3950   -1354.0323  0.8371 
   02238    0.3925   -1357.9243  0.8347 
   02239    0.4500   -1356.1299  0.8344 
   02240    0.4400   -1364.0856  0.8346 
   02241    0.4175   -1370.0215  0.8358 
   02242    0.4350   -1368.5919  0.8376 
   02243    0.4125   -1382.9312  0.8466 
   02244    0.4250   -1376.3846  0.8473 
   02245    0.4250   -1379.8986  0.8481 
   02246    0.4150   -1362.5878  0.8420 
   02247    0.4025   -1361.2351  0.8511 
   02248    0.4000   -1374.4653  0.8506 
   02249    0.4150   -1386.3799  0.8557 
   02250    0.3700   -1372.6691  0.8546 
   02251    0.4000   -1378.5907  0.8558 
   02252    0.4325   -1413.2157  0.8619 
   02253    0.4200   -1399.5284  0.8595 
   02254    0.4050   -1400.0427  0.8623 
   02255    0.3750   -1392.6151  0.8656 
   02256    0.3725   -1389.0648  0.8697 
   02257    0.4150   -1396.0109  0.8663 
   02258    0.3675   -1384.5331  0.8663 
   02259    0.3875   -1370.1174  0.8640 
   02260    0.3650   -1384.5430  0.8682 
   02261    0.4125   -1383.3441  0.8724 
   02262    0.4050   -1392.0923  0.8729 
   02263    0.4125   -1378.0183  0.8633 
   02264    0.3975   -1367.4177  0.8511 
   02265    0.4050   -1339.6884  0.8393 
   02266    0.4500   -1355.8511  0.8445 
   02267    0.3700   -1359.3936  0.8525 
   02268    0.4350   -1357.4347  0.8547 
   02269    0.3875   -1344.1895  0.8544 
   02270    0.3975   -1364.8496  0.8594 
   02271    0.4325   -1353.8947  0.8556 
   02272    0.4325   -1351.8179  0.8522 
   02273    0.4075   -1342.8402  0.8555 
   02274    0.4300   -1363.0007  0.8631 
   02275    0.3825   -1356.6124  0.8621 
   02276    0.4350   -1365.6091  0.8670 
   02277    0.4050   -1375.2107  0.8709 
   02278    0.4250   -1380.3246  0.8657 
   02279    0.4425   -1378.6935  0.8658 
   02280    0.4250   -1381.6442  0.8581 
   02281    0.4125   -1387.0465  0.8556 
   02282    0.4500   -1356.2574  0.8470 
   02283    0.3775   -1355.3010  0.8458 
   02284    0.4175   -1374.1353  0.8493 
   02285    0.3900   -1374.0521  0.8499 
   02286    0.4175   -1363.6323  0.8513 
   02287    0.4275   -1359.5938  0.8562 
   02288    0.4125   -1366.6055  0.8594 
   02289    0.3875   -1334.0291  0.8548 
   02290    0.4350   -1339.4210  0.8636 
   02291    0.4150   -1343.8755  0.8615 
   02292    0.3900   -1351.1088  0.8619 
   02293    0.4125   -1359.9023  0.8643 
   02294    0.4450   -1347.2211  0.8667 
   02295    0.4450   -1324.3154  0.8437 
   02296    0.4100   -1361.7330  0.8571 
   02297    0.3775   -1368.1960  0.8638 
   02298    0.4075   -1376.2778  0.8671 
   02299    0.3825   -1379.0876  0.8663 
   02300    0.4000   -1377.8318  0.8728 
   02301    0.3675   -1387.4779  0.8699 
   02302    0.4350   -1386.1741  0.8700 
   02303    0.4275   -1384.6418  0.8687 
   02304    0.4150   -1385.9799  0.8645 
   02305    0.4125   -1368.2877  0.8536 
   02306    0.4200   -1381.7607  0.8479 
   02307    0.3675   -1379.5472  0.8446 
   02308    0.3850   -1370.5573  0.8464 
   02309    0.4125   -1362.5648  0.8423 
   02310    0.4050   -1372.2733  0.8469 
   02311    0.4000   -1379.2496  0.8525 
   02312    0.4575   -1381.6794  0.8592 
   02313    0.3950   -1370.8710  0.8598 
   02314    0.3750   -1377.3228  0.8576 
   02315    0.4175   -1381.5435  0.8564 
   02316    0.3575   -1389.5598  0.8708 
   02317    0.4325   -1381.9769  0.8643 
   02318    0.3750   -1387.9354  0.8689 
   02319    0.3600   -1397.0856  0.8737 
   02320    0.3925   -1398.7191  0.8728 
   02321    0.4050   -1378.8961  0.8775 
   02322    0.4325   -1381.5477  0.8708 
   02323    0.4375   -1368.8301  0.8715 
   02324    0.3850   -1361.7524  0.8624 
   02325    0.4300   -1391.2955  0.8653 
   02326    0.4350   -1390.6907  0.8654 
   02327    0.3725   -1397.6239  0.8694 
   02328    0.3900   -1391.6178  0.8675 
   02329    0.4400   -1379.5566  0.8565 
   02330    0.4100   -1394.0393  0.8638 
   02331    0.4300   -1377.8143  0.8575 
   02332    0.4050   -1377.3623  0.8618 
   02333    0.4075   -1383.7426  0.8670 
   02334    0.4050   -1370.9796  0.8602 
   02335    0.4025   -1377.8948  0.8674 
   02336    0.4150   -1384.6917  0.8707 
   02337    0.4200   -1380.5479  0.8689 
   02338    0.3575   -1388.7028  0.8738 
   02339    0.4250   -1383.8240  0.8719 
   02340    0.3850   -1372.6993  0.8746 
   02341    0.4275   -1382.7463  0.8746 
   02342    0.4075   -1377.9465  0.8707 
   02343    0.3725   -1374.0378  0.8724 
   02344    0.4275   -1359.0085  0.8679 
   02345    0.3850   -1356.5083  0.8558 
   02346    0.3675   -1374.6161  0.8643 
   02347    0.3925   -1373.5200  0.8619 
   02348    0.4125   -1366.7520  0.8639 
   02349    0.4300   -1366.9551  0.8627 
   02350    0.4350   -1360.1901  0.8650 
   02351    0.4300   -1341.0929  0.8594 
   02352    0.3525   -1360.2429  0.8672 
   02353    0.4300   -1359.4553  0.8652 
   02354    0.3825   -1357.7987  0.8678 
   02355    0.3950   -1368.6465  0.8664 
   02356    0.3925   -1373.3417  0.8710 
   02357    0.3600   -1370.6438  0.8690 
   02358    0.4000   -1358.8297  0.8607 
   02359    0.3850   -1353.2120  0.8508 
   02360    0.4550   -1337.2242  0.8407 
   02361    0.4025   -1330.8527  0.8379 
   02362    0.4200   -1330.9651  0.8432 
   02363    0.3700   -1354.7848  0.8499 
   02364    0.3825   -1352.0929  0.8578 
   02365    0.4225   -1359.2350  0.8546 
   02366    0.4050   -1348.5472  0.8438 
   02367    0.4150   -1353.7872  0.8487 
   02368    0.4125   -1353.1130  0.8465 
   02369    0.4225   -1345.1257  0.8458 
   02370    0.3675   -1352.4301  0.8550 
   02371    0.4150   -1349.0996  0.8463 
   02372    0.4125   -1363.7288  0.8483 
   02373    0.4200   -1369.4590  0.8603 
   02374    0.4000   -1373.0206  0.8570 
   02375    0.4525   -1360.1013  0.8507 
   02376    0.4100   -1361.4419  0.8557 
   02377    0.3925   -1367.2084  0.8584 
   02378    0.4150   -1354.2906  0.8504 
   02379    0.4425   -1362.1510  0.8466 
   02380    0.4275   -1350.3096  0.8418 
   02381    0.4225   -1364.4927  0.8526 
   02382    0.3875   -1373.9965  0.8510 
   02383    0.3850   -1365.7311  0.8479 
   02384    0.4425   -1362.3907  0.8428 
   02385    0.4025   -1343.2494  0.8368 
   02386    0.4225   -1344.6348  0.8287 
   02387    0.3950   -1354.5077  0.8310 
   02388    0.4125   -1353.9305  0.8308 
   02389    0.4475   -1345.1642  0.8310 
   02390    0.4025   -1346.1887  0.8266 
   02391    0.4225   -1350.2150  0.8167 
   02392    0.4425   -1356.2781  0.8307 
   02393    0.4300   -1350.5067  0.8182 
   02394    0.4025   -1345.4703  0.8204 
   02395    0.4500   -1354.6169  0.8265 
   02396    0.3950   -1346.3486  0.8233 
   02397    0.4400   -1341.1560  0.8316 
   02398    0.4250   -1345.5868  0.8315 
   02399    0.4000   -1357.7139  0.8331 
   02400    0.3775   -1372.4735  0.8392 
   02401    0.4300   -1380.5610  0.8439 
   02402    0.4775   -1384.2084  0.8417 
   02403    0.4200   -1396.4823  0.8480 
   02404    0.4100   -1396.5428  0.8394 
   02405    0.3550   -1408.6108  0.8381 
   02406    0.4400   -1393.2004  0.8354 
   02407    0.4000   -1392.0574  0.8406 
   02408    0.3875   -1379.4989  0.8420 
   02409    0.3850   -1386.3015  0.8479 
   02410    0.3950   -1386.4672  0.8507 
   02411    0.4000   -1385.9517  0.8485 
   02412    0.4200   -1379.8859  0.8494 
   02413    0.3725   -1381.5162  0.8479 
   02414    0.4200   -1386.7635  0.8515 
   02415    0.4300   -1376.2815  0.8469 
   02416    0.4150   -1369.8030  0.8584 
   02417    0.4725   -1381.3811  0.8673 
   02418    0.3925   -1373.9983  0.8600 
   02419    0.4250   -1389.3535  0.8698 
   02420    0.3725   -1398.8146  0.8717 
   02421    0.3575   -1409.8119  0.8810 
   02422    0.3800   -1391.7328  0.8688 
   02423    0.4200   -1380.7012  0.8657 
   02424    0.4400   -1380.3115  0.8535 
   02425    0.3975   -1359.1021  0.8379 
   02426    0.4225   -1367.5563  0.8365 
   02427    0.4225   -1363.7910  0.8292 
   02428    0.4100   -1359.6399  0.8268 
   02429    0.3975   -1367.0824  0.8327 
   02430    0.4250   -1366.1329  0.8358 
   02431    0.4000   -1372.3086  0.8359 
   02432    0.3975   -1380.7587  0.8430 
   02433    0.4225   -1395.0280  0.8524 
   02434    0.4250   -1385.6349  0.8521 
   02435    0.4350   -1372.4244  0.8535 
   02436    0.4300   -1371.8636  0.8518 
   02437    0.4350   -1373.9147  0.8452 
   02438    0.4250   -1360.6038  0.8490 
   02439    0.4275   -1347.1035  0.8401 
   02440    0.4375   -1331.4111  0.8458 
   02441    0.4450   -1351.9182  0.8474 
   02442    0.3800   -1373.1267  0.8486 
   02443    0.4050   -1386.2904  0.8610 
   02444    0.4150   -1373.5583  0.8525 
   02445    0.4150   -1376.1589  0.8585 
   02446    0.3925   -1361.0909  0.8421 
   02447    0.3750   -1378.5791  0.8496 
   02448    0.4200   -1374.0646  0.8582 
   02449    0.3875   -1366.5693  0.8578 
   02450    0.4075   -1337.6829  0.8482 
   02451    0.3800   -1324.9454  0.8476 
   02452    0.4100   -1347.7467  0.8569 
   02453    0.4350   -1339.1204  0.8525 
   02454    0.3825   -1340.7196  0.8578 
   02455    0.4375   -1359.5819  0.8649 
   02456    0.4325   -1372.1565  0.8695 
   02457    0.4425   -1370.9152  0.8653 
   02458    0.4025   -1373.9495  0.8716 
   02459    0.3700   -1364.8834  0.8702 
   02460    0.4575   -1375.7585  0.8730 
   02461    0.3500   -1368.8759  0.8707 
   02462    0.4200   -1381.2463  0.8808 
   02463    0.4400   -1370.1379  0.8765 
   02464    0.4225   -1365.8678  0.8722 
   02465    0.4150   -1378.8079  0.8734 
   02466    0.4225   -1366.2200  0.8723 
   02467    0.4150   -1364.5554  0.8654 
   02468    0.4125   -1385.7677  0.8786 
   02469    0.4125   -1386.2651  0.8721 
   02470    0.3400   -1381.4388  0.8736 
   02471    0.3925   -1396.1886  0.8855 
   02472    0.3800   -1386.5332  0.8817 
   02473    0.3975   -1382.7234  0.8762 
   02474    0.3850   -1383.6000  0.8694 
   02475    0.4725   -1384.3478  0.8770 
   02476    0.3850   -1377.0835  0.8791 
   02477    0.3975   -1387.1813  0.8774 
   02478    0.4150   -1399.9160  0.8802 
   02479    0.4075   -1412.5121  0.8755 
   02480    0.4125   -1401.0150  0.8717 
   02481    0.4000   -1403.7827  0.8740 
   02482    0.3725   -1388.9706  0.8664 
   02483    0.3975   -1380.9530  0.8740 
   02484    0.4050   -1375.5337  0.8706 
   02485    0.4025   -1374.8068  0.8739 
   02486    0.4350   -1395.6270  0.8863 
   02487    0.4125   -1394.3466  0.8854 
   02488    0.4400   -1410.5166  0.8963 
   02489    0.4100   -1401.2148  0.8945 
   02490    0.3825   -1385.2332  0.8900 
   02491    0.4050   -1381.8932  0.8886 
   02492    0.3825   -1395.9230  0.8941 
   02493    0.4075   -1382.1810  0.8915 
   02494    0.4175   -1367.1394  0.8892 
   02495    0.3675   -1359.4932  0.8886 
   02496    0.4100   -1382.3680  0.9015 
   02497    0.4250   -1396.7106  0.9027 
   02498    0.4000   -1398.0990  0.9038 
   02499    0.4500   -1379.2153  0.8977 
   02500    0.3925   -1356.4446  0.8857 
   02501    0.4575   -1359.7074  0.8812 
   02502    0.3775   -1354.2860  0.8808 
   02503    0.4125   -1351.5580  0.8862 
   02504    0.3850   -1353.9288  0.8906 
   02505    0.4600   -1359.3978  0.8885 
   02506    0.4375   -1366.6504  0.8941 
   02507    0.4300   -1377.8832  0.8944 
   02508    0.3925   -1368.2902  0.8949 
   02509    0.4325   -1365.5861  0.8889 
   02510    0.4150   -1389.1509  0.8924 
   02511    0.3775   -1386.2456  0.8855 
   02512    0.4175   -1380.5940  0.8873 
   02513    0.4075   -1383.7188  0.8896 
   02514    0.4200   -1391.7728  0.8852 
   02515    0.3750   -1399.9191  0.8841 
   02516    0.3775   -1398.2572  0.8857 
   02517    0.4250   -1381.8201  0.8804 
   02518    0.4300   -1362.2372  0.8802 
   02519    0.4200   -1365.1130  0.8798 
   02520    0.4400   -1368.0663  0.8779 
   02521    0.4325   -1373.9524  0.8825 
   02522    0.4375   -1346.3346  0.8705 
   02523    0.3925   -1364.0383  0.8648 
   02524    0.3875   -1371.1613  0.8639 
   02525    0.4025   -1363.9343  0.8649 
   02526    0.3800   -1345.0487  0.8568 
   02527    0.4025   -1355.7196  0.8517 
   02528    0.4025   -1329.7970  0.8420 
   02529    0.4300   -1321.1498  0.8433 
   02530    0.3925   -1340.7526  0.8547 
   02531    0.4425   -1343.1163  0.8450 
   02532    0.4200   -1355.3594  0.8426 
   02533    0.4025   -1358.6570  0.8422 
   02534    0.3975   -1347.4553  0.8422 
   02535    0.4150   -1358.4980  0.8300 
   02536    0.4225   -1382.9474  0.8406 
   02537    0.3800   -1390.0917  0.8471 
   02538    0.4050   -1395.5408  0.8590 
   02539    0.3700   -1395.3525  0.8578 
   02540    0.3750   -1389.9490  0.8621 
   02541    0.4200   -1382.1952  0.8604 
   02542    0.4000   -1363.9171  0.8552 
   02543    0.4200   -1364.7834  0.8623 
   02544    0.3925   -1360.9836  0.8570 
   02545    0.3925   -1364.9175  0.8526 
   02546    0.3975   -1355.7905  0.8446 
   02547    0.4275   -1342.7531  0.8436 
   02548    0.3875   -1367.0887  0.8495 
   02549    0.3450   -1362.4392  0.8610 
   02550    0.3900   -1355.0580  0.8516 
   02551    0.3900   -1371.0679  0.8518 
   02552    0.4075   -1366.2675  0.8499 
   02553    0.4125   -1368.4447  0.8600 
   02554    0.4200   -1374.3618  0.8624 
   02555    0.4125   -1378.6115  0.8655 
   02556    0.4425   -1375.5803  0.8716 
   02557    0.3850   -1376.9106  0.8689 
   02558    0.3775   -1363.3207  0.8602 
   02559    0.4100   -1362.2751  0.8546 
   02560    0.4475   -1356.9462  0.8493 
   02561    0.4175   -1357.7527  0.8525 
   02562    0.4000   -1371.8300  0.8530 
   02563    0.3350   -1373.1910  0.8556 
   02564    0.4075   -1363.4742  0.8456 
   02565    0.4075   -1357.4954  0.8426 
   02566    0.4200   -1351.6450  0.8369 
   02567    0.3800   -1365.4976  0.8394 
   02568    0.4825   -1370.8494  0.8476 
   02569    0.3900   -1364.7308  0.8461 
   02570    0.4475   -1361.1367  0.8473 
   02571    0.3900   -1375.2267  0.8479 
   02572    0.4300   -1359.6625  0.8323 
   02573    0.4250   -1379.2131  0.8436 
   02574    0.4175   -1389.2943  0.8523 
   02575    0.4175   -1384.3191  0.8533 
   02576    0.4300   -1373.7849  0.8538 
   02577    0.4100   -1367.5645  0.8524 
   02578    0.4300   -1350.5215  0.8414 
   02579    0.4025   -1355.8267  0.8468 
   02580    0.4050   -1376.3495  0.8498 
   02581    0.3825   -1382.7028  0.8456 
   02582    0.3775   -1380.5092  0.8526 
   02583    0.4150   -1394.3324  0.8637 
   02584    0.4275   -1381.4800  0.8577 
   02585    0.4100   -1390.3104  0.8674 
   02586    0.4075   -1387.6324  0.8656 
   02587    0.4000   -1378.3218  0.8579 
   02588    0.4075   -1368.2046  0.8486 
   02589    0.3850   -1359.7239  0.8504 
   02590    0.4625   -1373.2550  0.8599 
   02591    0.3975   -1388.6168  0.8631 
   02592    0.4250   -1380.8624  0.8635 
   02593    0.3750   -1396.6212  0.8654 
   02594    0.3550   -1404.2814  0.8645 
   02595    0.3725   -1384.3829  0.8608 
   02596    0.3800   -1395.7455  0.8604 
   02597    0.3625   -1389.9783  0.8612 
   02598    0.4550   -1397.4426  0.8735 
   02599    0.4200   -1377.4216  0.8637 
   02600    0.4150   -1375.7749  0.8618 
   02601    0.3775   -1371.0659  0.8626 
   02602    0.4350   -1370.0575  0.8622 
   02603    0.3575   -1360.3711  0.8534 
   02604    0.3650   -1367.8973  0.8652 
   02605    0.3825   -1375.3099  0.8597 
   02606    0.4325   -1390.2217  0.8667 
   02607    0.4375   -1389.9158  0.8700 
   02608    0.3900   -1373.5991  0.8579 
   02609    0.4050   -1368.2441  0.8665 
   02610    0.4200   -1374.8501  0.8571 
   02611    0.4000   -1368.9625  0.8538 
   02612    0.4025   -1371.0813  0.8537 
   02613    0.4400   -1381.3181  0.8547 
   02614    0.4050   -1372.7795  0.8459 
   02615    0.4450   -1375.4183  0.8538 
   02616    0.3650   -1374.5107  0.8537 
   02617    0.4050   -1383.4701  0.8608 
   02618    0.4525   -1402.6279  0.8671 
   02619    0.4025   -1402.6279  0.8684 
   02620    0.4125   -1412.0291  0.8723 
   02621    0.3800   -1402.0808  0.8695 
   02622    0.4500   -1412.6737  0.8756 
   02623    0.4075   -1411.0502  0.8753 
   02624    0.3850   -1412.5906  0.8755 
   02625    0.4000   -1417.6451  0.8787 
   02626    0.3825   -1415.9142  0.8811 
   02627    0.4450   -1397.5167  0.8797 
   02628    0.4275   -1389.2671  0.8749 
   02629    0.4325   -1386.2985  0.8709 
   02630    0.4175   -1383.9044  0.8665 
   02631    0.4500   -1388.6066  0.8648 
   02632    0.4150   -1376.1187  0.8583 
   02633    0.4400   -1358.2211  0.8521 
   02634    0.4000   -1360.5409  0.8496 
   02635    0.4175   -1370.2174  0.8465 
   02636    0.3750   -1369.9980  0.8465 
   02637    0.4050   -1366.8859  0.8457 
   02638    0.3975   -1366.5804  0.8461 
   02639    0.4200   -1364.1847  0.8447 
   02640    0.4075   -1370.7836  0.8457 
   02641    0.3850   -1363.6560  0.8437 
   02642    0.4250   -1375.7601  0.8415 
   02643    0.4125   -1372.5657  0.8413 
   02644    0.3800   -1389.3975  0.8531 
   02645    0.4000   -1400.7766  0.8633 
   02646    0.4225   -1388.4896  0.8641 
   02647    0.4050   -1381.2828  0.8617 
   02648    0.3850   -1391.7449  0.8670 
   02649    0.3875   -1385.6791  0.8616 
   02650    0.4075   -1389.2466  0.8636 
   02651    0.4050   -1390.7225  0.8595 
   02652    0.3600   -1369.8768  0.8592 
   02653    0.3850   -1361.7345  0.8628 
   02654    0.4525   -1367.8241  0.8677 
   02655    0.3725   -1370.0835  0.8665 
   02656    0.4100   -1387.9482  0.8710 
   02657    0.3925   -1384.7383  0.8679 
   02658    0.4250   -1394.6593  0.8658 
   02659    0.4250   -1375.8925  0.8553 
   02660    0.4225   -1372.0776  0.8550 
   02661    0.3650   -1373.5964  0.8560 
   02662    0.4200   -1348.5182  0.8431 
   02663    0.3700   -1376.4670  0.8511 
   02664    0.4100   -1375.4392  0.8534 
   02665    0.4300   -1367.5886  0.8508 
   02666    0.3850   -1371.1371  0.8510 
   02667    0.4025   -1393.9523  0.8590 
   02668    0.4000   -1383.3481  0.8560 
   02669    0.4000   -1378.8784  0.8597 
   02670    0.3450   -1377.6144  0.8651 
   02671    0.4325   -1361.8662  0.8531 
   02672    0.4025   -1368.6060  0.8518 
   02673    0.3900   -1365.6029  0.8481 
   02674    0.4025   -1380.5620  0.8514 
   02675    0.3950   -1369.5690  0.8560 
   02676    0.3700   -1375.8065  0.8552 
   02677    0.3700   -1384.6956  0.8494 
   02678    0.4025   -1365.3993  0.8441 
   02679    0.4000   -1343.1531  0.8344 
   02680    0.3975   -1354.6050  0.8334 
   02681    0.4075   -1374.5157  0.8395 
   02682    0.4350   -1391.5096  0.8467 
   02683    0.3900   -1400.6558  0.8470 
   02684    0.4050   -1387.3416  0.8421 
   02685    0.4025   -1379.7960  0.8418 
   02686    0.4100   -1399.7426  0.8459 
   02687    0.4175   -1393.4677  0.8380 
   02688    0.3900   -1385.5820  0.8356 
   02689    0.3500   -1386.6289  0.8381 
   02690    0.3875   -1390.1110  0.8328 
   02691    0.4600   -1372.6938  0.8338 
   02692    0.4425   -1371.5820  0.8391 
   02693    0.4275   -1358.0116  0.8432 
   02694    0.4075   -1362.3500  0.8522 
   02695    0.4425   -1378.3743  0.8548 
   02696    0.3550   -1369.9240  0.8475 
   02697    0.3650   -1385.8154  0.8612 
   02698    0.4150   -1384.4551  0.8601 
   02699    0.4450   -1406.0409  0.8743 
   02700    0.3600   -1403.2992  0.8708 
   02701    0.3750   -1398.8436  0.8696 
   02702    0.4275   -1390.6395  0.8703 
   02703    0.4325   -1385.1340  0.8774 
   02704    0.4225   -1361.4285  0.8650 
   02705    0.4450   -1367.1310  0.8614 
   02706    0.4250   -1375.3732  0.8606 
   02707    0.3625   -1372.3365  0.8677 
   02708    0.4100   -1372.3931  0.8702 
   02709    0.3975   -1371.3837  0.8752 
   02710    0.4325   -1369.8900  0.8673 
   02711    0.4325   -1377.4213  0.8741 
   02712    0.4075   -1367.9725  0.8663 
   02713    0.4650   -1369.0073  0.8652 
   02714    0.4100   -1391.3379  0.8715 
   02715    0.3600   -1379.8713  0.8559 
   02716    0.3875   -1385.5103  0.8635 
   02717    0.4300   -1387.0211  0.8622 
   02718    0.4150   -1394.1219  0.8713 
   02719    0.3775   -1392.9167  0.8554 
   02720    0.4750   -1379.0188  0.8622 
   02721    0.3800   -1379.3181  0.8540 
   02722    0.3850   -1384.5035  0.8586 
   02723    0.4200   -1383.1044  0.8599 
   02724    0.3825   -1389.1991  0.8550 
   02725    0.3900   -1373.9436  0.8409 
   02726    0.4200   -1374.3917  0.8404 
   02727    0.4175   -1358.8401  0.8423 
   02728    0.4125   -1376.5880  0.8480 
   02729    0.4075   -1384.2489  0.8525 
   02730    0.3950   -1386.8287  0.8553 
   02731    0.3975   -1391.1566  0.8480 
   02732    0.3775   -1382.0227  0.8417 
   02733    0.3825   -1359.5300  0.8305 
   02734    0.4175   -1352.9165  0.8263 
   02735    0.4500   -1365.6404  0.8313 
   02736    0.4375   -1361.7797  0.8239 
   02737    0.4125   -1368.0160  0.8315 
   02738    0.4050   -1383.9844  0.8405 
   02739    0.3925   -1373.9310  0.8490 
   02740    0.4225   -1407.7914  0.8566 
   02741    0.4075   -1378.5757  0.8505 
   02742    0.4050   -1362.6592  0.8515 
   02743    0.4050   -1371.4993  0.8520 
   02744    0.4650   -1382.7468  0.8462 
   02745    0.4075   -1379.2362  0.8424 
   02746    0.4200   -1374.9525  0.8387 
   02747    0.3850   -1373.9135  0.8367 
   02748    0.3675   -1379.7936  0.8477 
   02749    0.4075   -1376.0509  0.8430 
   02750    0.4075   -1372.0552  0.8427 
   02751    0.4700   -1364.5465  0.8478 
   02752    0.4075   -1373.5426  0.8522 
   02753    0.4150   -1370.3223  0.8487 
   02754    0.4525   -1395.8900  0.8496 
   02755    0.4450   -1401.9263  0.8539 
   02756    0.4100   -1391.7914  0.8450 
   02757    0.4000   -1376.9354  0.8396 
   02758    0.3825   -1386.0975  0.8455 
   02759    0.4025   -1375.8357  0.8339 
   02760    0.3675   -1370.9874  0.8236 
   02761    0.3975   -1387.4761  0.8359 
   02762    0.3850   -1401.3524  0.8380 
   02763    0.3700   -1413.4208  0.8503 
   02764    0.3975   -1408.8578  0.8492 
   02765    0.3675   -1388.0333  0.8390 
   02766    0.3950   -1373.0906  0.8375 
   02767    0.3775   -1370.2161  0.8369 
   02768    0.3825   -1371.2581  0.8378 
   02769    0.4050   -1351.7306  0.8282 
   02770    0.4225   -1355.3978  0.8344 
   02771    0.4350   -1352.6100  0.8214 
   02772    0.4050   -1369.7620  0.8324 
   02773    0.3750   -1370.9508  0.8397 
   02774    0.4150   -1373.3613  0.8419 
   02775    0.4125   -1402.7500  0.8619 
   02776    0.4050   -1394.9276  0.8562 
   02777    0.3800   -1390.1685  0.8601 
   02778    0.4200   -1394.7352  0.8668 
   02779    0.4325   -1382.9238  0.8710 
   02780    0.4500   -1390.6832  0.8790 
   02781    0.3775   -1393.2727  0.8849 
   02782    0.3975   -1401.6494  0.8928 
   02783    0.4475   -1405.9546  0.8891 
   02784    0.3800   -1405.9536  0.8910 
   02785    0.3700   -1401.8468  0.8862 
   02786    0.4225   -1390.5870  0.8756 
   02787    0.3875   -1382.3507  0.8742 
   02788    0.3700   -1375.3623  0.8666 
   02789    0.4175   -1398.2815  0.8780 
   02790    0.4175   -1416.0643  0.8927 
   02791    0.3975   -1415.4767  0.8970 
   02792    0.3950   -1417.4933  0.8976 
   02793    0.4000   -1400.2142  0.8890 
   02794    0.4075   -1395.3777  0.8785 
   02795    0.3875   -1385.7454  0.8640 
   02796    0.4025   -1390.3584  0.8579 
   02797    0.4275   -1378.9008  0.8542 
   02798    0.3525   -1390.4537  0.8529 
   02799    0.4275   -1391.7819  0.8575 
   02800    0.3875   -1383.3752  0.8572 
   02801    0.4600   -1371.3958  0.8562 
   02802    0.3900   -1371.9978  0.8519 
   02803    0.3975   -1378.6052  0.8524 
   02804    0.4025   -1387.1146  0.8638 
   02805    0.4025   -1376.9799  0.8609 
   02806    0.4125   -1359.8083  0.8499 
   02807    0.3650   -1373.0381  0.8466 
   02808    0.4375   -1379.1147  0.8502 
   02809    0.3975   -1373.7885  0.8587 
   02810    0.4175   -1382.8129  0.8604 
   02811    0.4250   -1378.9664  0.8598 
   02812    0.4325   -1382.3689  0.8574 
   02813    0.3825   -1374.5044  0.8547 
   02814    0.4025   -1376.9070  0.8557 
   02815    0.4275   -1376.1385  0.8591 
   02816    0.4125   -1386.7406  0.8619 
   02817    0.3825   -1374.3358  0.8603 
   02818    0.3900   -1387.9082  0.8748 
   02819    0.4650   -1374.3052  0.8768 
   02820    0.4350   -1378.6251  0.8788 
   02821    0.4350   -1377.0535  0.8747 
   02822    0.4375   -1392.9072  0.8793 
   02823    0.4100   -1387.7847  0.8875 
   02824    0.3800   -1368.2941  0.8740 
   02825    0.4025   -1372.2859  0.8687 
   02826    0.3675   -1381.0054  0.8818 
   02827    0.4200   -1385.5031  0.8809 
   02828    0.4000   -1368.5157  0.8751 
   02829    0.4200   -1365.4340  0.8760 
   02830    0.3825   -1370.2277  0.8773 
   02831    0.4375   -1363.1521  0.8706 
   02832    0.4600   -1360.4563  0.8651 
   02833    0.4375   -1348.7780  0.8658 
   02834    0.4125   -1355.9851  0.8669 
   02835    0.3750   -1366.3345  0.8622 
   02836    0.3850   -1364.0446  0.8602 
   02837    0.3500   -1383.0770  0.8717 
   02838    0.4300   -1373.7755  0.8610 
   02839    0.4150   -1383.5067  0.8583 
   02840    0.3675   -1389.5865  0.8656 
   02841    0.3825   -1393.4604  0.8595 
   02842    0.4350   -1382.2870  0.8546 
   02843    0.3825   -1365.9796  0.8374 
   02844    0.4025   -1360.1158  0.8398 
   02845    0.4750   -1352.8761  0.8315 
   02846    0.3925   -1339.9891  0.8260 
   02847    0.3975   -1336.9729  0.8216 
   02848    0.4375   -1351.1251  0.8297 
   02849    0.4050   -1370.0370  0.8307 
   02850    0.4400   -1363.8346  0.8326 
   02851    0.4400   -1374.2911  0.8369 
   02852    0.4200   -1370.8959  0.8349 
   02853    0.4125   -1369.2946  0.8436 
   02854    0.4275   -1360.0009  0.8375 
   02855    0.4075   -1354.6072  0.8339 
   02856    0.4050   -1369.6290  0.8421 
   02857    0.4100   -1385.4014  0.8463 
   02858    0.4050   -1370.8840  0.8377 
   02859    0.3750   -1355.8108  0.8357 
   02860    0.4075   -1358.4312  0.8369 
   02861    0.4125   -1366.6959  0.8446 
   02862    0.4325   -1372.4792  0.8497 
   02863    0.3625   -1374.5493  0.8486 
   02864    0.4375   -1375.2412  0.8574 
   02865    0.4200   -1373.8792  0.8601 
   02866    0.3900   -1371.2993  0.8660 
   02867    0.4000   -1372.1650  0.8668 
   02868    0.3725   -1384.4237  0.8725 
   02869    0.4150   -1391.3556  0.8769 
   02870    0.3575   -1383.3828  0.8713 
   02871    0.4200   -1373.4326  0.8725 
   02872    0.3600   -1397.7662  0.8791 
   02873    0.3725   -1396.2269  0.8779 
   02874    0.4450   -1373.4116  0.8707 
   02875    0.4225   -1376.0010  0.8689 
   02876    0.3825   -1368.5012  0.8535 
   02877    0.4050   -1375.5886  0.8523 
   02878    0.4150   -1392.6976  0.8590 
   02879    0.3800   -1400.1829  0.8560 
   02880    0.3775   -1394.1604  0.8547 
   02881    0.3975   -1386.3704  0.8556 
   02882    0.4200   -1407.4005  0.8628 
   02883    0.4025   -1388.4591  0.8499 
   02884    0.3900   -1376.9448  0.8519 
   02885    0.4150   -1375.3647  0.8565 
   02886    0.4050   -1375.9268  0.8565 
   02887    0.3825   -1381.4612  0.8674 
   02888    0.4400   -1396.3127  0.8653 
   02889    0.4625   -1389.6302  0.8654 
   02890    0.4100   -1381.6493  0.8505 
   02891    0.3975   -1369.4327  0.8523 
   02892    0.3900   -1358.6960  0.8476 
   02893    0.4300   -1360.2163  0.8473 
   02894    0.4350   -1364.8582  0.8465 
   02895    0.3675   -1356.9292  0.8420 
   02896    0.3975   -1359.3562  0.8370 
   02897    0.4425   -1345.1001  0.8294 
   02898    0.4100   -1347.9686  0.8279 
   02899    0.4300   -1342.1798  0.8274 
   02900    0.3750   -1343.4998  0.8293 
   02901    0.4200   -1359.3298  0.8338 
   02902    0.4125   -1373.1758  0.8421 
   02903    0.4050   -1385.3838  0.8508 
   02904    0.4125   -1372.9913  0.8517 
   02905    0.3950   -1396.3647  0.8586 
   02906    0.4250   -1380.9478  0.8486 
   02907    0.4175   -1395.3467  0.8580 
   02908    0.3850   -1376.7686  0.8521 
   02909    0.4125   -1377.4316  0.8533 
   02910    0.4250   -1383.1053  0.8542 
   02911    0.4300   -1396.7020  0.8657 
   02912    0.4050   -1391.6785  0.8696 
   02913    0.3775   -1395.8254  0.8720 
   02914    0.4350   -1389.5837  0.8523 
   02915    0.4200   -1407.3759  0.8533 
   02916    0.3975   -1395.6949  0.8466 
   02917    0.4025   -1379.7736  0.8342 
   02918    0.4250   -1387.4862  0.8455 
   02919    0.4100   -1383.3081  0.8382 
   02920    0.3975   -1392.4944  0.8421 
   02921    0.4100   -1401.1144  0.8407 
   02922    0.4100   -1385.3065  0.8408 
   02923    0.4200   -1373.8922  0.8307 
   02924    0.3800   -1381.0375  0.8359 
   02925    0.4575   -1389.3156  0.8513 
   02926    0.4300   -1373.5796  0.8458 
   02927    0.4375   -1379.8871  0.8493 
   02928    0.3650   -1389.6211  0.8490 
   02929    0.3850   -1397.1128  0.8511 
   02930    0.4000   -1402.5618  0.8516 
   02931    0.4325   -1409.6511  0.8621 
   02932    0.3875   -1401.2090  0.8547 
   02933    0.3800   -1392.7030  0.8505 
   02934    0.3900   -1394.6942  0.8555 
   02935    0.4075   -1387.2759  0.8488 
   02936    0.4075   -1408.6404  0.8603 
   02937    0.4100   -1407.6005  0.8638 
   02938    0.4400   -1398.2300  0.8666 
   02939    0.4375   -1402.8060  0.8643 
   02940    0.3600   -1406.1016  0.8796 
   02941    0.4225   -1395.5653  0.8664 
   02942    0.3850   -1387.7869  0.8593 
   02943    0.4250   -1372.9076  0.8545 
   02944    0.3925   -1380.0278  0.8520 
   02945    0.4075   -1355.7230  0.8474 
   02946    0.4475   -1353.1925  0.8442 
   02947    0.4350   -1361.3491  0.8424 
   02948    0.4050   -1369.7986  0.8529 
   02949    0.3775   -1357.5651  0.8517 
   02950    0.4300   -1358.0746  0.8576 
   02951    0.3950   -1392.5299  0.8738 
   02952    0.3950   -1391.2555  0.8683 
   02953    0.4000   -1387.2753  0.8707 
   02954    0.3725   -1382.9865  0.8717 
   02955    0.4000   -1361.1948  0.8650 
   02956    0.4175   -1372.9891  0.8706 
   02957    0.4100   -1382.2063  0.8767 
   02958    0.4050   -1395.0538  0.8881 
   02959    0.3800   -1389.3623  0.8820 
   02960    0.4100   -1394.5358  0.8794 
   02961    0.4050   -1392.0720  0.8833 
   02962    0.4150   -1398.4362  0.8824 
   02963    0.3700   -1388.8630  0.8763 
   02964    0.3850   -1387.7623  0.8753 
   02965    0.3700   -1388.2166  0.8780 
   02966    0.4025   -1377.3612  0.8785 
   02967    0.4425   -1399.5227  0.8846 
   02968    0.3925   -1392.0156  0.8874 
   02969    0.4150   -1397.7234  0.8907 
   02970    0.3850   -1397.0601  0.8855 
   02971    0.3800   -1393.4540  0.8870 
   02972    0.4275   -1383.4318  0.8784 
   02973    0.4125   -1379.1700  0.8749 
   02974    0.4350   -1375.4336  0.8692 
   02975    0.4325   -1358.3826  0.8631 
   02976    0.4000   -1347.8551  0.8574 
   02977    0.4125   -1375.9105  0.8774 
   02978    0.4300   -1375.3953  0.8713 
   02979    0.4125   -1366.0785  0.8654 
   02980    0.3975   -1366.2225  0.8600 
   02981    0.4225   -1374.4154  0.8499 
   02982    0.4325   -1389.8549  0.8566 
   02983    0.3875   -1379.4473  0.8596 
   02984    0.4425   -1349.9064  0.8565 
   02985    0.3975   -1356.1279  0.8612 
   02986    0.3950   -1353.5931  0.8582 
   02987    0.4450   -1359.4688  0.8534 
   02988    0.4125   -1348.4233  0.8313 
   02989    0.4575   -1362.8131  0.8332 
   02990    0.3875   -1344.5950  0.8349 
   02991    0.4650   -1365.4601  0.8351 
   02992    0.3875   -1364.3269  0.8415 
   02993    0.4000   -1370.3260  0.8414 
   02994    0.3725   -1364.1058  0.8407 
   02995    0.4300   -1357.1899  0.8337 
   02996    0.4350   -1351.2651  0.8410 
   02997    0.4325   -1352.5385  0.8401 
   02998    0.4075   -1355.9916  0.8371 
   02999    0.4350   -1346.2445  0.8333 
   03000    0.4050   -1360.4635  0.8446 
   03001    0.4225   -1363.2437  0.8475 
   03002    0.4075   -1363.6237  0.8556 
   03003    0.3875   -1369.4617  0.8539 
   03004    0.3525   -1378.3087  0.8682 
   03005    0.4000   -1358.5217  0.8625 
   03006    0.3875   -1350.1788  0.8506 
   03007    0.4300   -1367.1379  0.8544 
   03008    0.3900   -1369.0168  0.8593 
   03009    0.4550   -1381.5514  0.8600 
   03010    0.4700   -1393.4503  0.8614 
   03011    0.3550   -1399.2014  0.8620 
   03012    0.3850   -1398.4478  0.8583 
   03013    0.3975   -1389.4041  0.8518 
   03014    0.3875   -1396.5234  0.8565 
   03015    0.3550   -1397.6918  0.8562 
   03016    0.4275   -1397.1272  0.8532 
   03017    0.4150   -1399.9501  0.8469 
   03018    0.4325   -1388.4089  0.8505 
   03019    0.3850   -1394.7982  0.8464 
   03020    0.4300   -1395.4268  0.8654 
   03021    0.4000   -1387.1403  0.8592 
   03022    0.3800   -1388.2018  0.8621 
   03023    0.4250   -1400.3582  0.8612 
   03024    0.3850   -1388.8972  0.8526 
   03025    0.4000   -1382.8445  0.8436 
   03026    0.4125   -1382.1256  0.8475 
   03027    0.4425   -1396.5377  0.8558 
   03028    0.4125   -1394.8943  0.8491 
   03029    0.3725   -1387.6527  0.8430 
   03030    0.4075   -1397.6677  0.8497 
   03031    0.4125   -1400.8275  0.8539 
   03032    0.4025   -1403.2814  0.8516 
   03033    0.4150   -1407.3774  0.8469 
   03034    0.4075   -1395.7217  0.8421 
   03035    0.3625   -1392.6656  0.8516 
   03036    0.3875   -1384.9984  0.8602 
   03037    0.4150   -1377.0254  0.8550 
   03038    0.4250   -1376.7645  0.8499 
   03039    0.3950   -1388.1196  0.8452 
   03040    0.4125   -1391.2996  0.8362 
   03041    0.4250   -1376.9927  0.8349 
   03042    0.3775   -1356.3070  0.8213 
   03043    0.4275   -1363.4847  0.8288 
   03044    0.4275   -1369.9701  0.8209 
   03045    0.4000   -1368.2772  0.8215 
   03046    0.3650   -1364.9962  0.8255 
   03047    0.4050   -1373.8054  0.8371 
   03048    0.4150   -1364.2888  0.8389 
   03049    0.4550   -1377.2802  0.8461 
   03050    0.4075   -1386.6307  0.8494 
   03051    0.4250   -1381.9900  0.8516 
   03052    0.3750   -1377.1189  0.8409 
   03053    0.3875   -1373.2280  0.8404 
   03054    0.4550   -1364.9076  0.8407 
   03055    0.3875   -1369.2068  0.8476 
   03056    0.4225   -1363.5933  0.8387 
   03057    0.3975   -1372.3378  0.8469 
   03058    0.3875   -1382.4733  0.8483 
   03059    0.4325   -1371.2327  0.8529 
   03060    0.3850   -1366.6812  0.8525 
   03061    0.4425   -1365.5657  0.8494 
   03062    0.3825   -1361.4543  0.8519 
   03063    0.3875   -1336.7415  0.8442 
   03064    0.3950   -1351.3937  0.8472 
   03065    0.4025   -1376.0530  0.8565 
   03066    0.4350   -1376.9641  0.8623 
   03067    0.3825   -1357.1144  0.8595 
   03068    0.3900   -1371.3002  0.8694 
   03069    0.4675   -1383.4037  0.8748 
   03070    0.4250   -1375.9209  0.8626 
   03071    0.4225   -1363.9758  0.8645 
   03072    0.4475   -1345.4241  0.8523 
   03073    0.4325   -1365.2725  0.8566 
   03074    0.4575   -1374.0009  0.8624 
   03075    0.3825   -1386.5879  0.8640 
   03076    0.4150   -1389.1874  0.8584 
   03077    0.3675   -1398.6149  0.8642 
   03078    0.3900   -1372.7833  0.8600 
   03079    0.4150   -1381.5526  0.8619 
   03080    0.3975   -1375.5200  0.8574 
   03081    0.4375   -1379.4165  0.8563 
   03082    0.3975   -1387.4253  0.8466 
   03083    0.3950   -1368.6069  0.8435 
   03084    0.3975   -1374.0878  0.8412 
   03085    0.4300   -1368.9447  0.8372 
   03086    0.3925   -1371.5018  0.8486 
   03087    0.4600   -1361.3665  0.8439 
   03088    0.4025   -1372.5781  0.8511 
   03089    0.4325   -1362.0852  0.8529 
   03090    0.4025   -1378.5486  0.8518 
   03091    0.3925   -1373.6346  0.8625 
   03092    0.3875   -1391.6676  0.8666 
   03093    0.4375   -1371.1770  0.8579 
   03094    0.4375   -1389.7957  0.8669 
   03095    0.4200   -1397.7472  0.8704 
   03096    0.4000   -1406.1869  0.8601 
   03097    0.4325   -1383.8179  0.8492 
   03098    0.4275   -1371.7925  0.8406 
   03099    0.3900   -1353.3458  0.8359 
   03100    0.4275   -1365.1818  0.8481 
   03101    0.3750   -1361.8427  0.8418 
   03102    0.4250   -1358.5034  0.8370 
   03103    0.3975   -1376.0034  0.8448 
   03104    0.4475   -1373.9615  0.8391 
   03105    0.4175   -1386.4060  0.8434 
   03106    0.4625   -1378.0576  0.8458 
   03107    0.4300   -1376.5507  0.8503 
   03108    0.3825   -1377.2269  0.8407 
   03109    0.4200   -1371.1648  0.8442 
   03110    0.4175   -1372.2131  0.8503 
   03111    0.3800   -1362.7899  0.8512 
   03112    0.4200   -1358.7784  0.8475 
   03113    0.4425   -1349.1053  0.8473 
   03114    0.4300   -1323.5717  0.8307 
   03115    0.4200   -1347.5974  0.8436 
   03116    0.3975   -1362.2559  0.8515 
   03117    0.4325   -1372.1558  0.8624 
   03118    0.4400   -1376.3251  0.8693 
   03119    0.4275   -1388.0039  0.8684 
   03120    0.4150   -1390.9520  0.8781 
   03121    0.4775   -1363.7009  0.8649 
   03122    0.3850   -1366.4124  0.8558 
   03123    0.4500   -1386.1986  0.8559 
   03124    0.4050   -1367.2888  0.8519 
   03125    0.4350   -1346.9583  0.8435 
   03126    0.3600   -1344.8927  0.8388 
   03127    0.3975   -1351.5726  0.8398 
   03128    0.4050   -1358.5122  0.8372 
   03129    0.3725   -1367.6907  0.8367 
   03130    0.4450   -1373.8933  0.8512 
   03131    0.4000   -1374.4696  0.8530 
   03132    0.3700   -1382.6296  0.8541 
   03133    0.4600   -1388.1167  0.8552 
   03134    0.4075   -1382.8225  0.8459 
   03135    0.4200   -1385.8557  0.8458 
   03136    0.4325   -1374.0253  0.8336 
   03137    0.4100   -1389.2766  0.8357 
   03138    0.4325   -1369.0020  0.8266 
   03139    0.4275   -1382.1172  0.8320 
   03140    0.3850   -1381.8816  0.8369 
   03141    0.4000   -1381.7284  0.8233 
   03142    0.4100   -1377.1077  0.8225 
   03143    0.4000   -1387.5297  0.8344 
   03144    0.4125   -1378.4498  0.8364 
   03145    0.4625   -1365.5529  0.8339 
   03146    0.3950   -1356.9988  0.8417 
   03147    0.3725   -1337.8502  0.8308 
   03148    0.4150   -1343.9382  0.8296 
   03149    0.4275   -1354.0933  0.8404 
   03150    0.4300   -1360.1436  0.8370 
   03151    0.4000   -1364.7358  0.8394 
   03152    0.4175   -1365.8451  0.8328 
   03153    0.3875   -1364.5334  0.8326 
   03154    0.3950   -1370.9819  0.8362 
   03155    0.4150   -1368.9723  0.8368 
   03156    0.4175   -1366.9796  0.8354 
   03157    0.3625   -1385.3584  0.8439 
   03158    0.4275   -1379.8785  0.8500 
   03159    0.4050   -1379.2233  0.8515 
   03160    0.3900   -1383.8151  0.8518 
   03161    0.4550   -1372.6700  0.8380 
   03162    0.4225   -1381.1089  0.8421 
   03163    0.3550   -1378.5839  0.8406 
   03164    0.3925   -1381.4390  0.8479 
   03165    0.3875   -1377.4972  0.8496 
   03166    0.4200   -1389.3126  0.8449 
   03167    0.4100   -1391.4183  0.8564 
   03168    0.3700   -1389.9114  0.8564 
   03169    0.3525   -1389.6787  0.8550 
   03170    0.4250   -1391.8685  0.8577 
   03171    0.4050   -1379.8009  0.8547 
   03172    0.4225   -1397.2584  0.8485 
   03173    0.4125   -1386.6295  0.8516 
   03174    0.3725   -1387.4780  0.8499 
   03175    0.4300   -1388.7095  0.8433 
   03176    0.4025   -1406.1577  0.8624 
   03177    0.4075   -1386.9944  0.8462 
   03178    0.4275   -1368.1984  0.8383 
   03179    0.3950   -1361.4336  0.8387 
   03180    0.4575   -1370.1945  0.8379 
   03181    0.4125   -1376.2179  0.8454 
   03182    0.4125   -1368.0966  0.8342 
   03183    0.4200   -1368.0137  0.8373 
   03184    0.4075   -1353.9152  0.8326 
   03185    0.4425   -1347.7897  0.8421 
   03186    0.4500   -1354.0885  0.8480 
   03187    0.4300   -1367.3290  0.8530 
   03188    0.3775   -1365.1962  0.8537 
   03189    0.3575   -1363.7609  0.8544 
   03190    0.3675   -1380.5092  0.8729 
   03191    0.3900   -1383.1998  0.8732 
   03192    0.4275   -1391.7670  0.8784 
   03193    0.3900   -1385.8386  0.8809 
   03194    0.3825   -1378.6005  0.8777 
   03195    0.3975   -1369.8849  0.8746 
   03196    0.4325   -1376.2275  0.8725 
   03197    0.4250   -1396.3845  0.8758 
   03198    0.4200   -1389.0154  0.8731 
   03199    0.4075   -1384.1948  0.8700 
   03200    0.4300   -1384.3448  0.8719 
   03201    0.4050   -1394.0494  0.8758 
   03202    0.3650   -1384.4034  0.8687 
   03203    0.3800   -1382.0294  0.8607 
   03204    0.4600   -1372.7360  0.8561 
   03205    0.4175   -1366.4401  0.8606 
   03206    0.4100   -1380.5422  0.8606 
   03207    0.3750   -1399.5276  0.8721 
   03208    0.3700   -1391.8174  0.8737 
   03209    0.4025   -1396.3105  0.8742 
   03210    0.3950   -1400.7808  0.8693 
   03211    0.3975   -1392.2354  0.8655 
   03212    0.3925   -1389.8898  0.8621 
   03213    0.4000   -1394.1533  0.8663 
   03214    0.4000   -1391.3765  0.8617 
   03215    0.4225   -1387.2850  0.8588 
   03216    0.3775   -1363.9504  0.8525 
   03217    0.3925   -1383.4565  0.8489 
   03218    0.4300   -1392.7721  0.8579 
   03219    0.4000   -1386.5381  0.8482 
   03220    0.4275   -1366.8295  0.8406 
   03221    0.4075   -1377.1383  0.8435 
   03222    0.3750   -1371.0093  0.8374 
   03223    0.4250   -1372.3230  0.8328 
   03224    0.4150   -1365.7681  0.8298 
   03225    0.3700   -1361.6871  0.8200 
   03226    0.4125   -1358.7689  0.8199 
   03227    0.4350   -1365.1095  0.8216 
   03228    0.4100   -1374.6561  0.8280 
   03229    0.3400   -1363.2716  0.8123 
   03230    0.4300   -1362.6749  0.8089 
   03231    0.3750   -1362.3140  0.8131 
   03232    0.4750   -1371.7063  0.8072 
   03233    0.4000   -1370.4297  0.7982 
   03234    0.3900   -1374.0660  0.8107 
   03235    0.3975   -1379.7527  0.8194 
   03236    0.3775   -1375.1824  0.8095 
   03237    0.3625   -1363.6782  0.8093 
   03238    0.3925   -1370.3728  0.8071 
   03239    0.4000   -1388.3064  0.8131 
   03240    0.4150   -1375.1437  0.8098 
   03241    0.4100   -1375.4089  0.8129 
   03242    0.4400   -1388.0741  0.8097 
   03243    0.4025   -1361.6288  0.7913 
   03244    0.4325   -1357.9882  0.7953 
   03245    0.3850   -1352.1202  0.7884 
   03246    0.3700   -1360.7781  0.7910 
   03247    0.3800   -1355.5359  0.7881 
   03248    0.4375   -1350.9922  0.7901 
   03249    0.4125   -1361.0052  0.7961 
   03250    0.4050   -1342.3809  0.7843 
   03251    0.4650   -1359.2301  0.7903 
   03252    0.4025   -1352.7460  0.7887 
   03253    0.3875   -1352.7142  0.7689 
   03254    0.4000   -1353.5551  0.7796 
   03255    0.4100   -1353.6096  0.7779 
   03256    0.3975   -1364.8462  0.7758 
   03257    0.3700   -1381.8293  0.7737 
   03258    0.4000   -1376.6077  0.7708 
   03259    0.4175   -1348.5118  0.7551 
   03260    0.3775   -1383.5170  0.7633 
   03261    0.4250   -1393.2667  0.7583 
   03262    0.3825   -1382.0519  0.7568 
   03263    0.4125   -1373.7775  0.7326 
   03264    0.4150   -1376.9375  0.7391 
   03265    0.4150   -1381.6194  0.7454 
   03266    0.4500   -1378.8318  0.7500 
   03267    0.3925   -1379.5352  0.7625 
   03268    0.3875   -1373.7869  0.7577 
   03269    0.4200   -1360.0536  0.7505 
   03270    0.4075   -1378.0780  0.7633 
   03271    0.4225   -1374.8268  0.7634 
   03272    0.4375   -1371.5620  0.7562 
   03273    0.4025   -1372.2087  0.7671 
   03274    0.4050   -1383.8182  0.7656 
   03275    0.4100   -1384.5748  0.7565 
   03276    0.4425   -1396.0255  0.7746 
   03277    0.4075   -1388.1139  0.7675 
   03278    0.3925   -1367.5807  0.7706 
   03279    0.3925   -1363.7686  0.7697 
   03280    0.3975   -1369.7443  0.7577 
   03281    0.3850   -1369.4972  0.7571 
   03282    0.3850   -1377.9136  0.7728 
   03283    0.4325   -1380.9443  0.7871 
   03284    0.3975   -1369.4991  0.7865 
   03285    0.3625   -1359.5990  0.7834 
   03286    0.3975   -1356.5579  0.7829 
   03287    0.3925   -1371.6847  0.7912 
   03288    0.4275   -1377.5225  0.7910 
   03289    0.3750   -1362.0233  0.7882 
   03290    0.3950   -1384.1908  0.7825 
   03291    0.3750   -1391.5016  0.7745 
   03292    0.3875   -1386.7991  0.7756 
   03293    0.4025   -1368.0309  0.7684 
   03294    0.3725   -1381.2430  0.7731 
   03295    0.3775   -1364.0978  0.7744 
   03296    0.4150   -1363.7642  0.7838 
   03297    0.4150   -1376.7939  0.7950 
   03298    0.4425   -1376.4473  0.7977 
   03299    0.3700   -1405.9219  0.8082 
   03300    0.4375   -1379.0824  0.8065 
   03301    0.3925   -1389.8953  0.8179 
   03302    0.4225   -1390.6066  0.8161 
   03303    0.4075   -1397.2046  0.8276 
   03304    0.4075   -1385.6663  0.8287 
   03305    0.3750   -1383.8894  0.8356 
   03306    0.4075   -1376.7391  0.8482 
   03307    0.4300   -1386.2812  0.8479 
   03308    0.4025   -1389.0238  0.8464 
   03309    0.4150   -1391.4098  0.8386 
   03310    0.3900   -1396.1191  0.8377 
   03311    0.4175   -1391.5592  0.8303 
   03312    0.4075   -1399.5753  0.8215 
   03313    0.4025   -1386.0306  0.8222 
   03314    0.4575   -1360.3213  0.8165 
   03315    0.4450   -1376.7283  0.8096 
   03316    0.3875   -1375.4258  0.8143 
   03317    0.4300   -1382.5229  0.8098 
   03318    0.4050   -1395.4056  0.8231 
   03319    0.4175   -1366.5398  0.8104 
   03320    0.4050   -1383.8834  0.8093 
   03321    0.3675   -1389.2787  0.8079 
   03322    0.4200   -1382.4026  0.8041 
   03323    0.4350   -1370.9919  0.8104 
   03324    0.3950   -1364.9279  0.8086 
   03325    0.4000   -1385.5757  0.8131 
   03326    0.4275   -1364.2367  0.8119 
   03327    0.3600   -1377.3848  0.8072 
   03328    0.4125   -1370.6056  0.8197 
   03329    0.4125   -1369.2357  0.8183 
   03330    0.4450   -1371.6694  0.8197 
   03331    0.4100   -1355.2874  0.8182 
   03332    0.3850   -1376.5697  0.8201 
   03333    0.3850   -1351.9092  0.8052 
   03334    0.4275   -1367.6927  0.8014 
   03335    0.4200   -1364.0685  0.8036 
   03336    0.4250   -1366.9187  0.8099 
   03337    0.4275   -1369.2954  0.8044 
   03338    0.4075   -1377.7367  0.8087 
   03339    0.4175   -1378.2461  0.8016 
   03340    0.3675   -1395.7266  0.8007 
   03341    0.3525   -1380.8578  0.7972 
   03342    0.3775   -1365.7972  0.8024 
   03343    0.4275   -1385.1829  0.8046 
   03344    0.3400   -1365.6163  0.8009 
   03345    0.4375   -1363.4351  0.8085 
   03346    0.3975   -1379.7825  0.8171 
   03347    0.3900   -1349.0876  0.8150 
   03348    0.4000   -1348.7141  0.8071 
   03349    0.4275   -1348.5093  0.8147 
   03350    0.3850   -1352.8829  0.8091 
   03351    0.4525   -1349.7859  0.8112 
   03352    0.4225   -1357.2368  0.8187 
   03353    0.4200   -1379.3928  0.8373 
   03354    0.3800   -1376.2594  0.8354 
   03355    0.4275   -1366.5750  0.8307 
   03356    0.4350   -1388.4979  0.8378 
   03357    0.4300   -1383.0466  0.8327 
   03358    0.4000   -1401.6396  0.8395 
   03359    0.4050   -1378.2472  0.8219 
   03360    0.3900   -1401.7771  0.8186 
   03361    0.3950   -1396.0099  0.8287 
   03362    0.3825   -1403.5847  0.8313 
   03363    0.4050   -1399.6360  0.8346 
   03364    0.4100   -1381.7142  0.8241 
   03365    0.3850   -1369.5803  0.8271 
   03366    0.3925   -1352.9331  0.8257 
   03367    0.3950   -1347.4836  0.8137 
   03368    0.4100   -1347.7858  0.8018 
   03369    0.4150   -1360.8550  0.8100 
   03370    0.4675   -1360.3357  0.7976 
   03371    0.4275   -1332.6631  0.7989 
   03372    0.4625   -1352.5681  0.7956 
   03373    0.4150   -1351.1980  0.7922 
   03374    0.3875   -1369.6617  0.7865 
   03375    0.4125   -1357.5256  0.7903 
   03376    0.3950   -1364.0405  0.7920 
   03377    0.4200   -1378.9240  0.8007 
   03378    0.3725   -1378.8077  0.8044 
   03379    0.4150   -1380.6992  0.8119 
   03380    0.4125   -1387.6150  0.8169 
   03381    0.4525   -1378.8236  0.8179 
   03382    0.4050   -1379.1688  0.8183 
   03383    0.3850   -1373.2836  0.8115 
   03384    0.3975   -1373.8544  0.8197 
   03385    0.4325   -1360.5978  0.8224 
   03386    0.4625   -1357.5232  0.8305 
   03387    0.4375   -1352.8347  0.8340 
   03388    0.3825   -1369.3506  0.8370 
   03389    0.4150   -1380.2804  0.8473 
   03390    0.4175   -1396.3734  0.8501 
   03391    0.4175   -1377.7119  0.8421 
   03392    0.4150   -1375.6949  0.8449 
   03393    0.3650   -1390.8807  0.8589 
   03394    0.3625   -1397.0592  0.8585 
   03395    0.3750   -1407.9408  0.8632 
   03396    0.4075   -1404.2310  0.8658 
   03397    0.3850   -1400.3042  0.8607 
   03398    0.4000   -1388.3035  0.8619 
   03399    0.4075   -1388.5144  0.8525 
   03400    0.4100   -1398.9347  0.8521 
   03401    0.4100   -1387.0389  0.8449 
   03402    0.4275   -1381.4006  0.8430 
   03403    0.4400   -1358.1162  0.8267 
   03404    0.4250   -1368.1885  0.8218 
   03405    0.3425   -1357.1604  0.8235 
   03406    0.4100   -1348.6713  0.8278 
   03407    0.4550   -1373.3585  0.8250 
   03408    0.4400   -1355.6592  0.8203 
   03409    0.4050   -1369.4338  0.8261 
   03410    0.4125   -1377.2195  0.8357 
   03411    0.4050   -1370.3560  0.8423 
   03412    0.3750   -1365.0973  0.8496 
   03413    0.4150   -1342.6534  0.8491 
   03414    0.4175   -1342.0765  0.8419 
   03415    0.3975   -1337.1049  0.8378 
   03416    0.4025   -1359.4991  0.8430 
   03417    0.4125   -1344.3379  0.8415 
   03418    0.4400   -1356.5024  0.8510 
   03419    0.3750   -1350.5371  0.8408 
   03420    0.4150   -1361.8448  0.8413 
   03421    0.4100   -1358.8929  0.8338 
   03422    0.4075   -1360.5424  0.8390 
   03423    0.4225   -1382.1942  0.8408 
   03424    0.3900   -1354.4336  0.8278 
   03425    0.4200   -1353.3552  0.8252 
   03426    0.4125   -1354.6777  0.8233 
   03427    0.4450   -1347.5735  0.8162 
   03428    0.4000   -1361.7855  0.8282 
   03429    0.4375   -1345.1090  0.8245 
   03430    0.3950   -1355.1744  0.8182 
   03431    0.4400   -1341.1582  0.8230 
   03432    0.4125   -1346.1338  0.8244 
   03433    0.4100   -1335.9647  0.8274 
   03434    0.4625   -1350.1913  0.8306 
   03435    0.4725   -1360.2932  0.8384 
   03436    0.3800   -1369.3218  0.8418 
   03437    0.4725   -1395.6670  0.8540 
   03438    0.3900   -1392.9535  0.8486 
   03439    0.4300   -1397.7037  0.8458 
   03440    0.4100   -1390.9064  0.8471 
   03441    0.3775   -1389.0243  0.8437 
   03442    0.4275   -1381.2863  0.8301 
   03443    0.3900   -1380.9053  0.8251 
   03444    0.4075   -1367.3772  0.8204 
   03445    0.4000   -1376.2891  0.8257 
   03446    0.4675   -1365.2294  0.8202 
   03447    0.4000   -1379.2413  0.8249 
   03448    0.3725   -1354.9921  0.8226 
   03449    0.4325   -1364.9601  0.8262 
   03450    0.4100   -1376.5107  0.8312 
   03451    0.3800   -1381.4253  0.8289 
   03452    0.4025   -1370.7947  0.8312 
   03453    0.4150   -1361.5894  0.8361 
   03454    0.4300   -1371.1865  0.8406 
   03455    0.4300   -1386.4314  0.8479 
   03456    0.3975   -1366.1818  0.8360 
   03457    0.4225   -1353.6338  0.8305 
   03458    0.4025   -1352.9294  0.8333 
   03459    0.4250   -1343.9380  0.8269 
   03460    0.3975   -1364.7660  0.8296 
   03461    0.4150   -1376.7026  0.8349 
   03462    0.3150   -1380.2303  0.8222 
   03463    0.4450   -1385.5555  0.8270 
   03464    0.4075   -1381.1744  0.8319 
   03465    0.4050   -1383.8208  0.8304 
   03466    0.4375   -1383.6414  0.8252 
   03467    0.3850   -1366.2700  0.8131 
   03468    0.4000   -1367.5762  0.8148 
   03469    0.4375   -1356.1434  0.8048 
   03470    0.4300   -1374.0704  0.7966 
   03471    0.4250   -1363.3784  0.7896 
   03472    0.3750   -1361.8368  0.7903 
   03473    0.4650   -1350.6877  0.7817 
   03474    0.4650   -1371.7358  0.7808 
   03475    0.3825   -1369.6041  0.7867 
   03476    0.4425   -1368.8517  0.7755 
   03477    0.4325   -1362.2031  0.7837 
   03478    0.3825   -1352.7084  0.7729 
   03479    0.3975   -1356.6938  0.7663 
   03480    0.3675   -1350.7737  0.7665 
   03481    0.4225   -1357.6420  0.7839 
   03482    0.4350   -1358.6967  0.7850 
   03483    0.4400   -1351.6316  0.7730 
   03484    0.4150   -1350.4948  0.7670 
   03485    0.3550   -1356.8976  0.7619 
   03486    0.3950   -1350.1304  0.7581 
   03487    0.3950   -1350.3716  0.7536 
   03488    0.3925   -1341.0045  0.7662 
   03489    0.4075   -1351.2286  0.7556 
   03490    0.4250   -1352.5635  0.7519 
   03491    0.3700   -1364.8136  0.7531 
   03492    0.4025   -1376.6052  0.7591 
   03493    0.4425   -1370.3569  0.7756 
   03494    0.3975   -1372.8075  0.7712 
   03495    0.4025   -1374.4620  0.7770 
   03496    0.4225   -1364.2279  0.7813 
   03497    0.3925   -1363.4852  0.7780 
   03498    0.4225   -1363.1544  0.7805 
   03499    0.3675   -1373.2524  0.7842 
   03500    0.3825   -1352.3043  0.7749 
   03501    0.4025   -1351.7206  0.7698 
   03502    0.4175   -1375.9971  0.7769 
   03503    0.4100   -1360.7316  0.7785 
   03504    0.3925   -1364.4889  0.7936 
   03505    0.4100   -1358.4022  0.7919 
   03506    0.4275   -1349.7904  0.7925 
   03507    0.4075   -1365.0887  0.8098 
   03508    0.4000   -1368.5317  0.8023 
   03509    0.4150   -1368.7609  0.8094 
   03510    0.4075   -1388.6437  0.8172 
   03511    0.4275   -1390.9175  0.8200 
   03512    0.4225   -1394.8878  0.8296 
   03513    0.4200   -1396.8120  0.8426 
   03514    0.3875   -1379.9678  0.8384 
   03515    0.3650   -1386.8682  0.8349 
   03516    0.4050   -1382.8162  0.8308 
   03517    0.4200   -1386.0383  0.8364 
   03518    0.4325   -1366.1116  0.8210 
   03519    0.3975   -1369.3888  0.8233 
   03520    0.4175   -1359.9562  0.8285 
   03521    0.3950   -1359.4711  0.8324 
   03522    0.4150   -1360.3809  0.8343 
   03523    0.3950   -1369.6074  0.8441 
   03524    0.4000   -1353.9783  0.8403 
   03525    0.3775   -1363.0100  0.8407 
   03526    0.4425   -1380.9463  0.8539 
   03527    0.4225   -1383.9447  0.8450 
   03528    0.4000   -1384.4043  0.8550 
   03529    0.4100   -1382.5875  0.8619 
   03530    0.3875   -1371.4268  0.8623 
   03531    0.4600   -1388.3459  0.8667 
   03532    0.3900   -1378.9396  0.8586 
   03533    0.3950   -1365.1251  0.8543 
   03534    0.4100   -1368.4656  0.8558 
   03535    0.4250   -1352.8969  0.8457 
   03536    0.3875   -1377.0431  0.8644 
   03537    0.4025   -1363.3580  0.8522 
   03538    0.4425   -1369.7892  0.8534 
   03539    0.3775   -1384.7880  0.8527 
   03540    0.3975   -1382.2494  0.8501 
   03541    0.3975   -1397.9353  0.8513 
   03542    0.4125   -1392.6189  0.8387 
   03543    0.3875   -1387.6271  0.8384 
   03544    0.4250   -1387.3085  0.8364 
   03545    0.4150   -1371.9652  0.8340 
   03546    0.4025   -1378.0769  0.8247 
   03547    0.4050   -1383.1160  0.8375 
   03548    0.3875   -1386.5790  0.8445 
   03549    0.3850   -1366.6748  0.8333 
   03550    0.3975   -1375.0427  0.8415 
   03551    0.4075   -1354.3245  0.8382 
   03552    0.4400   -1351.5839  0.8355 
   03553    0.3800   -1365.2369  0.8413 
   03554    0.4200   -1359.1212  0.8324 
   03555    0.4475   -1365.9586  0.8379 
   03556    0.3950   -1376.2817  0.8424 
   03557    0.3875   -1396.2054  0.8486 
   03558    0.4375   -1385.9583  0.8505 
   03559    0.3900   -1402.8096  0.8574 
   03560    0.3925   -1354.7053  0.8478 
   03561    0.4050   -1373.2408  0.8569 
   03562    0.4125   -1374.3623  0.8551 
   03563    0.4275   -1369.9131  0.8537 
   03564    0.3875   -1379.0780  0.8588 
   03565    0.4225   -1373.7238  0.8566 
   03566    0.4150   -1353.6744  0.8571 
   03567    0.4375   -1364.2269  0.8606 
   03568    0.4100   -1368.3511  0.8612 
   03569    0.3925   -1385.1779  0.8743 
   03570    0.4125   -1370.5530  0.8604 
   03571    0.4200   -1396.4623  0.8743 
   03572    0.4475   -1388.8248  0.8773 
   03573    0.4250   -1403.0536  0.8790 
   03574    0.3925   -1405.3623  0.8834 
   03575    0.4050   -1372.0784  0.8665 
   03576    0.4000   -1354.5647  0.8554 
   03577    0.4225   -1380.9432  0.8627 
   03578    0.4275   -1382.8741  0.8691 
   03579    0.4125   -1374.2688  0.8615 
   03580    0.3725   -1364.2638  0.8560 
   03581    0.4250   -1350.3188  0.8513 
   03582    0.4225   -1350.2808  0.8430 
   03583    0.4450   -1373.6833  0.8490 
   03584    0.3625   -1373.6208  0.8449 
   03585    0.3800   -1365.1531  0.8376 
   03586    0.4050   -1374.0953  0.8385 
   03587    0.3775   -1376.1483  0.8375 
   03588    0.3650   -1388.6885  0.8404 
   03589    0.4075   -1402.4441  0.8305 
   03590    0.4000   -1391.6571  0.8246 
   03591    0.3950   -1385.4680  0.8263 
   03592    0.4400   -1392.0823  0.8326 
   03593    0.4525   -1377.7413  0.8346 
   03594    0.3775   -1361.2151  0.8316 
   03595    0.4100   -1364.5990  0.8219 
   03596    0.3925   -1372.2678  0.8350 
   03597    0.4300   -1363.3889  0.8426 
   03598    0.4250   -1361.7285  0.8353 
   03599    0.4150   -1356.0254  0.8372 
   03600    0.4100   -1361.3154  0.8445 
   03601    0.3875   -1369.9910  0.8411 
   03602    0.4225   -1364.5485  0.8424 
   03603    0.4250   -1368.0183  0.8480 
   03604    0.3975   -1381.4420  0.8544 
   03605    0.4050   -1383.0679  0.8603 
   03606    0.4250   -1385.6006  0.8538 
   03607    0.4100   -1378.5370  0.8554 
   03608    0.3850   -1392.2135  0.8658 
   03609    0.4275   -1370.8358  0.8651 
   03610    0.4475   -1382.3022  0.8662 
   03611    0.4025   -1390.3743  0.8671 
   03612    0.4525   -1377.8773  0.8625 
   03613    0.4150   -1368.5519  0.8641 
   03614    0.3950   -1371.0236  0.8548 
   03615    0.4425   -1360.9657  0.8597 
   03616    0.4325   -1365.2347  0.8683 
   03617    0.3850   -1375.8910  0.8748 
   03618    0.3800   -1366.5858  0.8692 
   03619    0.4175   -1358.3129  0.8642 
   03620    0.4225   -1368.5077  0.8547 
   03621    0.4675   -1341.0964  0.8474 
   03622    0.3925   -1351.7761  0.8450 
   03623    0.4175   -1368.0134  0.8513 
   03624    0.4025   -1383.3315  0.8522 
   03625    0.4400   -1356.8640  0.8441 
   03626    0.3475   -1342.1665  0.8357 
   03627    0.4250   -1347.4102  0.8366 
   03628    0.4000   -1354.2778  0.8466 
   03629    0.4375   -1358.0255  0.8444 
   03630    0.4375   -1341.0190  0.8400 
   03631    0.4100   -1346.7382  0.8368 
   03632    0.4425   -1364.3821  0.8471 
   03633    0.4275   -1366.0155  0.8437 
   03634    0.4300   -1362.6964  0.8443 
   03635    0.4175   -1350.8529  0.8392 
   03636    0.4550   -1353.3236  0.8494 
   03637    0.4400   -1355.0580  0.8534 
   03638    0.4225   -1379.0519  0.8641 
   03639    0.3775   -1376.5308  0.8566 
   03640    0.3775   -1382.7816  0.8579 
   03641    0.4450   -1371.7091  0.8572 
   03642    0.4025   -1377.1068  0.8548 
   03643    0.3725   -1374.6956  0.8670 
   03644    0.3650   -1382.6912  0.8668 
   03645    0.3725   -1377.1433  0.8697 
   03646    0.4075   -1372.8185  0.8645 
   03647    0.4150   -1352.0282  0.8615 
   03648    0.4150   -1364.8079  0.8537 
   03649    0.4300   -1364.0919  0.8610 
   03650    0.4450   -1377.0872  0.8584 
   03651    0.3550   -1350.4451  0.8476 
   03652    0.4700   -1359.3706  0.8390 
   03653    0.4225   -1340.9915  0.8245 
   03654    0.4175   -1336.6049  0.8231 
   03655    0.4475   -1362.0378  0.8340 
   03656    0.3900   -1361.3734  0.8451 
   03657    0.4175   -1362.1498  0.8440 
   03658    0.4425   -1362.9333  0.8377 
   03659    0.4250   -1358.3395  0.8370 
   03660    0.3875   -1359.1909  0.8322 
   03661    0.4225   -1358.4376  0.8238 
   03662    0.4100   -1376.5277  0.8351 
   03663    0.4200   -1360.9938  0.8329 
   03664    0.4075   -1378.3113  0.8425 
   03665    0.4175   -1357.8243  0.8393 
   03666    0.4450   -1376.4532  0.8555 
   03667    0.4025   -1395.1055  0.8624 
   03668    0.4125   -1389.1425  0.8630 
   03669    0.4200   -1385.9377  0.8671 
   03670    0.3875   -1390.2399  0.8627 
   03671    0.4250   -1394.0883  0.8620 
   03672    0.3800   -1388.4266  0.8576 
   03673    0.4425   -1379.6913  0.8576 
   03674    0.3900   -1383.0259  0.8541 
   03675    0.4000   -1384.6636  0.8547 
   03676    0.4200   -1374.0525  0.8438 
   03677    0.4575   -1375.6713  0.8519 
   03678    0.4125   -1378.6288  0.8435 
   03679    0.4050   -1377.2020  0.8350 
   03680    0.3700   -1362.1306  0.8237 
   03681    0.3725   -1358.5050  0.8325 
   03682    0.4325   -1345.6613  0.8270 
   03683    0.4025   -1363.3881  0.8316 
   03684    0.4175   -1367.6599  0.8372 
   03685    0.3625   -1362.0210  0.8231 
   03686    0.4475   -1352.2299  0.8187 
   03687    0.4125   -1343.8665  0.8262 
   03688    0.4100   -1339.7882  0.8262 
   03689    0.4275   -1341.7133  0.8365 
   03690    0.4800   -1352.6809  0.8411 
   03691    0.3875   -1343.5422  0.8347 
   03692    0.4200   -1346.0277  0.8359 
   03693    0.4275   -1340.8099  0.8414 
   03694    0.3900   -1347.1420  0.8466 
   03695    0.4175   -1359.0059  0.8561 
   03696    0.4325   -1375.0540  0.8569 
   03697    0.4100   -1371.2460  0.8547 
   03698    0.4175   -1366.2760  0.8444 
   03699    0.4325   -1339.6642  0.8319 
   03700    0.4000   -1350.0693  0.8369 
   03701    0.4175   -1361.9097  0.8494 
   03702    0.4725   -1361.1378  0.8473 
   03703    0.4575   -1359.1667  0.8511 
   03704    0.4275   -1378.8663  0.8597 
   03705    0.4150   -1379.5538  0.8541 
   03706    0.4175   -1371.7065  0.8493 
   03707    0.4150   -1375.4629  0.8425 
   03708    0.4575   -1383.5796  0.8430 
   03709    0.4550   -1395.2451  0.8455 
   03710    0.4250   -1371.5337  0.8445 
   03711    0.4050   -1367.1418  0.8454 
   03712    0.4000   -1371.0706  0.8444 
   03713    0.3850   -1360.6357  0.8448 
   03714    0.4575   -1367.3815  0.8422 
   03715    0.3925   -1348.8042  0.8309 
   03716    0.4500   -1349.8251  0.8257 
   03717    0.4000   -1358.2214  0.8277 
   03718    0.4075   -1360.8715  0.8337 
   03719    0.4025   -1357.9203  0.8307 
   03720    0.4200   -1373.4797  0.8374 
   03721    0.4500   -1375.8419  0.8340 
   03722    0.4000   -1376.0291  0.8361 
   03723    0.3725   -1379.6088  0.8294 
   03724    0.3775   -1389.8735  0.8415 
   03725    0.4400   -1359.3109  0.8276 
   03726    0.4850   -1362.3822  0.8298 
   03727    0.4325   -1346.8356  0.8248 
   03728    0.4050   -1359.7621  0.8249 
   03729    0.4225   -1351.0355  0.8170 
   03730    0.4675   -1355.4203  0.8202 
   03731    0.4500   -1372.3060  0.8228 
   03732    0.4100   -1379.1315  0.8217 
   03733    0.4425   -1360.6934  0.8218 
   03734    0.4875   -1365.3566  0.8184 
   03735    0.4250   -1368.5691  0.8200 
   03736    0.4075   -1375.9448  0.8275 
   03737    0.4625   -1372.1884  0.8287 
   03738    0.3975   -1363.8496  0.8294 
   03739    0.4050   -1362.6418  0.8312 
   03740    0.4375   -1354.3864  0.8288 
   03741    0.3975   -1351.9644  0.8275 
   03742    0.4275   -1351.2924  0.8305 
   03743    0.4150   -1350.9274  0.8265 
   03744    0.3900   -1334.4834  0.8276 
   03745    0.4250   -1338.5398  0.8338 
   03746    0.4275   -1356.8839  0.8390 
   03747    0.4175   -1358.7212  0.8414 
   03748    0.4375   -1338.2200  0.8315 
   03749    0.3950   -1350.0188  0.8433 
   03750    0.4700   -1354.2678  0.8417 
   03751    0.4200   -1351.0140  0.8373 
   03752    0.4425   -1371.0222  0.8482 
   03753    0.3775   -1361.3035  0.8456 
   03754    0.3850   -1356.9333  0.8424 
   03755    0.4250   -1364.8423  0.8456 
   03756    0.4275   -1382.2810  0.8617 
   03757    0.3975   -1382.4163  0.8613 
   03758    0.4025   -1374.7620  0.8562 
   03759    0.3850   -1375.5033  0.8615 
   03760    0.4250   -1375.7913  0.8618 
   03761    0.3900   -1377.2590  0.8598 
   03762    0.3800   -1366.0784  0.8544 
   03763    0.4175   -1386.2432  0.8538 
   03764    0.4000   -1376.5397  0.8566 
   03765    0.4025   -1375.2653  0.8649 
   03766    0.4125   -1374.0978  0.8644 
   03767    0.4400   -1360.5043  0.8593 
   03768    0.4025   -1378.9294  0.8717 
   03769    0.4375   -1381.8722  0.8712 
   03770    0.4050   -1374.0411  0.8563 
   03771    0.4125   -1384.2999  0.8539 
   03772    0.3625   -1378.9512  0.8576 
   03773    0.4275   -1381.3699  0.8523 
   03774    0.3950   -1370.8574  0.8556 
   03775    0.4000   -1359.3888  0.8463 
   03776    0.4050   -1359.4418  0.8432 
   03777    0.4125   -1362.7239  0.8420 
   03778    0.4450   -1350.1646  0.8452 
   03779    0.4575   -1358.3395  0.8361 
   03780    0.4025   -1355.7640  0.8366 
   03781    0.4300   -1384.0623  0.8477 
   03782    0.4100   -1390.3811  0.8511 
   03783    0.4075   -1394.0686  0.8560 
   03784    0.3775   -1378.8243  0.8432 
   03785    0.3550   -1360.3627  0.8302 
   03786    0.4050   -1342.9191  0.8219 
   03787    0.4200   -1359.6282  0.8336 
   03788    0.4275   -1355.2650  0.8232 
   03789    0.3475   -1387.0226  0.8384 
   03790    0.3875   -1391.3949  0.8461 
   03791    0.3750   -1391.2708  0.8463 
   03792    0.3725   -1392.4358  0.8497 
   03793    0.3900   -1373.7384  0.8509 
   03794    0.3925   -1372.1376  0.8509 
   03795    0.4325   -1361.5903  0.8608 
   03796    0.4500   -1363.1196  0.8540 
   03797    0.4700   -1375.0750  0.8580 
   03798    0.4000   -1379.6482  0.8594 
   03799    0.3925   -1391.1075  0.8684 
   03800    0.3975   -1401.7639  0.8709 
   03801    0.4150   -1404.6656  0.8656 
   03802    0.4525   -1406.1733  0.8659 
   03803    0.4100   -1402.6823  0.8633 
   03804    0.4425   -1393.2212  0.8707 
   03805    0.4175   -1389.5103  0.8652 
   03806    0.3875   -1379.3607  0.8538 
   03807    0.4325   -1382.3949  0.8504 
   03808    0.3825   -1377.9364  0.8562 
   03809    0.4575   -1394.8376  0.8686 
   03810    0.3800   -1377.1436  0.8496 
   03811    0.4125   -1379.7332  0.8558 
   03812    0.4000   -1380.4669  0.8577 
   03813    0.3650   -1374.7596  0.8509 
   03814    0.4500   -1381.6666  0.8435 
   03815    0.4050   -1392.0618  0.8461 
   03816    0.3925   -1376.3705  0.8469 
   03817    0.3725   -1378.6122  0.8470 
   03818    0.4325   -1380.5963  0.8515 
   03819    0.3875   -1378.2213  0.8392 
   03820    0.4150   -1381.3390  0.8445 
   03821    0.3875   -1381.2821  0.8442 
   03822    0.4325   -1369.1558  0.8418 
   03823    0.4225   -1376.1217  0.8375 
   03824    0.4275   -1382.5511  0.8495 
   03825    0.4175   -1378.4508  0.8539 
   03826    0.3625   -1392.4235  0.8546 
   03827    0.3775   -1392.8802  0.8626 
   03828    0.4025   -1389.8184  0.8641 
   03829    0.4275   -1381.8676  0.8584 
   03830    0.3650   -1390.5712  0.8625 
   03831    0.3850   -1392.8706  0.8637 
   03832    0.4425   -1407.7677  0.8724 
   03833    0.4000   -1375.7794  0.8550 
   03834    0.4250   -1352.2915  0.8463 
   03835    0.4350   -1355.8331  0.8365 
   03836    0.3800   -1359.0059  0.8369 
   03837    0.4150   -1372.5980  0.8512 
   03838    0.4425   -1374.5002  0.8547 
   03839    0.4050   -1383.3051  0.8527 
   03840    0.3925   -1384.9880  0.8519 
   03841    0.3750   -1387.4330  0.8500 
   03842    0.4000   -1401.4956  0.8463 
   03843    0.4150   -1404.7941  0.8508 
   03844    0.3825   -1407.6328  0.8517 
   03845    0.4025   -1385.4240  0.8494 
   03846    0.4100   -1374.0330  0.8447 
   03847    0.4125   -1332.0319  0.8230 
   03848    0.4375   -1323.8544  0.8257 
   03849    0.3875   -1318.1992  0.8280 
   03850    0.4000   -1325.2288  0.8399 
   03851    0.4000   -1329.8998  0.8352 
   03852    0.3725   -1359.4634  0.8466 
   03853    0.4100   -1354.5608  0.8345 
   03854    0.4000   -1357.9290  0.8290 
   03855    0.4100   -1360.7219  0.8316 
   03856    0.4300   -1376.9873  0.8341 
   03857    0.4025   -1386.9313  0.8418 
   03858    0.4225   -1381.7855  0.8347 
   03859    0.3525   -1377.8287  0.8376 
   03860    0.4475   -1400.9943  0.8498 
   03861    0.4300   -1401.5461  0.8503 
   03862    0.3775   -1412.4163  0.8516 
   03863    0.4275   -1410.9219  0.8579 
   03864    0.4150   -1419.8396  0.8635 
   03865    0.3950   -1407.4712  0.8694 
   03866    0.3225   -1383.9608  0.8628 
   03867    0.3925   -1391.9410  0.8650 
   03868    0.4200   -1388.6720  0.8601 
   03869    0.3925   -1381.0103  0.8510 
   03870    0.4275   -1390.2268  0.8557 
   03871    0.4350   -1387.3872  0.8572 
   03872    0.4525   -1366.3750  0.8474 
   03873    0.4125   -1353.5029  0.8467 
   03874    0.3925   -1355.9930  0.8462 
   03875    0.4325   -1352.1495  0.8382 
   03876    0.3975   -1351.3260  0.8409 
   03877    0.4650   -1346.4645  0.8501 
   03878    0.4125   -1343.4165  0.8417 
   03879    0.4600   -1357.3032  0.8469 
   03880    0.4325   -1362.9878  0.8477 
   03881    0.4600   -1366.5726  0.8576 
   03882    0.4100   -1364.8879  0.8505 
   03883    0.4100   -1359.9696  0.8457 
   03884    0.3600   -1354.8083  0.8464 
   03885    0.4400   -1365.3872  0.8500 
   03886    0.4400   -1354.7371  0.8532 
   03887    0.4350   -1356.4408  0.8578 
   03888    0.4150   -1362.2516  0.8654 
   03889    0.4200   -1358.2432  0.8724 
   03890    0.4150   -1360.2600  0.8695 
   03891    0.4375   -1365.4513  0.8632 
   03892    0.3750   -1349.7881  0.8577 
   03893    0.4800   -1367.9185  0.8577 
   03894    0.4650   -1362.2505  0.8510 
   03895    0.4225   -1361.1627  0.8485 
   03896    0.4225   -1369.5793  0.8482 
   03897    0.3925   -1393.6396  0.8573 
   03898    0.3950   -1399.1200  0.8601 
   03899    0.4125   -1411.1136  0.8705 
   03900    0.3750   -1409.4865  0.8754 
   03901    0.4225   -1400.1047  0.8763 
   03902    0.3775   -1390.1792  0.8691 
   03903    0.3850   -1380.2615  0.8652 
   03904    0.4325   -1376.4753  0.8634 
   03905    0.3900   -1375.4292  0.8615 
   03906    0.4000   -1375.6025  0.8657 
   03907    0.4125   -1398.5940  0.8788 
   03908    0.3425   -1396.0010  0.8752 
   03909    0.4375   -1391.7778  0.8676 
   03910    0.3700   -1386.6125  0.8613 
   03911    0.4275   -1391.0731  0.8662 
   03912    0.4050   -1385.8000  0.8569 
   03913    0.4100   -1371.3510  0.8435 
   03914    0.4150   -1370.0596  0.8466 
   03915    0.3950   -1358.2286  0.8409 
   03916    0.4200   -1368.3408  0.8487 
   03917    0.4300   -1363.0037  0.8482 
   03918    0.3950   -1373.7224  0.8563 
   03919    0.4025   -1373.1948  0.8630 
   03920    0.3725   -1390.1311  0.8662 
   03921    0.4125   -1386.5084  0.8686 
   03922    0.3875   -1378.1752  0.8740 
   03923    0.4225   -1382.2139  0.8791 
   03924    0.4125   -1396.8702  0.8864 
   03925    0.3975   -1394.9486  0.8900 
   03926    0.4250   -1397.9573  0.8880 
   03927    0.3400   -1397.2417  0.8815 
   03928    0.4050   -1399.7682  0.8811 
   03929    0.4025   -1391.3258  0.8728 
   03930    0.3675   -1391.6526  0.8722 
   03931    0.4050   -1399.5576  0.8799 
   03932    0.3675   -1397.2053  0.8779 
   03933    0.4475   -1406.5470  0.8846 
   03934    0.3925   -1393.8466  0.8783 
   03935    0.4200   -1384.7137  0.8732 
   03936    0.4250   -1386.1130  0.8628 
   03937    0.3775   -1369.0270  0.8640 
   03938    0.4625   -1371.0481  0.8626 
   03939    0.3600   -1378.3352  0.8621 
   03940    0.4125   -1391.1226  0.8648 
   03941    0.3450   -1400.4138  0.8726 
   03942    0.4025   -1395.6990  0.8738 
   03943    0.4600   -1398.6353  0.8745 
   03944    0.4325   -1405.5562  0.8775 
   03945    0.4175   -1419.2102  0.8743 
   03946    0.3850   -1424.0707  0.8695 
   03947    0.3625   -1411.0300  0.8674 
   03948    0.4125   -1412.2075  0.8759 
   03949    0.3875   -1414.4683  0.8784 
   03950    0.3725   -1397.4690  0.8775 
   03951    0.3775   -1398.4866  0.8852 
   03952    0.3750   -1388.0526  0.8776 
   03953    0.4050   -1375.3893  0.8828 
   03954    0.3975   -1390.1443  0.8866 
   03955    0.4300   -1393.8302  0.8876 
   03956    0.4000   -1396.1771  0.8864 
   03957    0.3950   -1391.8165  0.8812 
   03958    0.3975   -1401.9513  0.8826 
   03959    0.3875   -1382.8687  0.8673 
   03960    0.3950   -1387.9773  0.8594 
   03961    0.3800   -1383.5168  0.8558 
   03962    0.4350   -1373.6414  0.8586 
   03963    0.3475   -1384.3903  0.8703 
   03964    0.3750   -1378.5736  0.8585 
   03965    0.4150   -1382.5256  0.8600 
   03966    0.4300   -1392.1572  0.8517 
   03967    0.4650   -1368.6722  0.8447 
   03968    0.3950   -1369.5176  0.8326 
   03969    0.4100   -1374.3289  0.8387 
   03970    0.4250   -1345.4946  0.8223 
   03971    0.4300   -1344.3094  0.8228 
   03972    0.4000   -1351.5265  0.8285 
   03973    0.4025   -1365.7118  0.8322 
   03974    0.4100   -1364.1687  0.8351 
   03975    0.4000   -1372.5802  0.8409 
   03976    0.3850   -1382.1276  0.8530 
   03977    0.4225   -1396.4769  0.8494 
   03978    0.4100   -1388.2880  0.8566 
   03979    0.4450   -1384.0145  0.8559 
   03980    0.4175   -1392.3396  0.8647 
   03981    0.3950   -1403.2468  0.8628 
   03982    0.3925   -1409.3612  0.8671 
   03983    0.3900   -1395.9031  0.8701 
   03984    0.3750   -1394.6432  0.8703 
   03985    0.4125   -1396.3156  0.8692 
   03986    0.3700   -1380.7986  0.8640 
   03987    0.3700   -1389.9839  0.8638 
   03988    0.3800   -1390.5333  0.8655 
   03989    0.3850   -1388.2714  0.8691 
   03990    0.4150   -1382.5929  0.8689 
   03991    0.3600   -1369.7473  0.8667 
   03992    0.4125   -1361.7947  0.8678 
   03993    0.3875   -1348.7996  0.8643 
   03994    0.4100   -1364.9473  0.8734 
   03995    0.4150   -1374.2706  0.8723 
   03996    0.4150   -1376.7780  0.8711 
   03997    0.4025   -1379.8091  0.8756 
   03998    0.3975   -1366.3086  0.8661 
   03999    0.4025   -1372.0459  0.8655 
   04000    0.4425   -1388.4554  0.8785 
   04001    0.3900   -1384.9122  0.8770 
   04002    0.3775   -1376.6479  0.8748 
   04003    0.4150   -1373.5697  0.8775 
   04004    0.3950   -1375.3840  0.8770 
   04005    0.4400   -1365.8070  0.8732 
   04006    0.3875   -1367.4800  0.8735 
   04007    0.4000   -1381.2083  0.8739 
   04008    0.3650   -1385.1862  0.8744 
   04009    0.3775   -1376.8430  0.8684 
   04010    0.3675   -1372.1656  0.8647 
   04011    0.4550   -1383.6945  0.8690 
   04012    0.3950   -1381.3251  0.8702 
   04013    0.4375   -1399.1304  0.8764 
   04014    0.4375   -1402.8253  0.8883 
   04015    0.4050   -1377.8955  0.8766 
   04016    0.4050   -1401.8517  0.8883 
   04017    0.3850   -1382.6027  0.8828 
   04018    0.4200   -1379.6525  0.8827 
   04019    0.4250   -1356.0140  0.8751 
   04020    0.4175   -1367.3442  0.8775 
   04021    0.4100   -1380.1638  0.8819 
   04022    0.4175   -1395.6606  0.8834 
   04023    0.3800   -1385.4922  0.8762 
   04024    0.4075   -1386.7649  0.8749 
   04025    0.4200   -1389.6709  0.8698 
   04026    0.4325   -1390.1742  0.8658 
   04027    0.3825   -1391.3534  0.8659 
   04028    0.3500   -1396.5159  0.8684 
   04029    0.3850   -1402.1223  0.8628 
   04030    0.4275   -1399.0847  0.8608 
   04031    0.4200   -1393.5328  0.8639 
   04032    0.4125   -1389.3848  0.8647 
   04033    0.4100   -1373.3528  0.8577 
   04034    0.3875   -1368.4335  0.8515 
   04035    0.4150   -1377.6368  0.8545 
   04036    0.3975   -1388.7523  0.8584 
   04037    0.4175   -1371.6975  0.8597 
   04038    0.3750   -1354.8564  0.8580 
   04039    0.4300   -1376.7754  0.8561 
   04040    0.4225   -1369.8821  0.8537 
   04041    0.4375   -1382.0955  0.8641 
   04042    0.4050   -1394.3865  0.8698 
   04043    0.4175   -1397.7607  0.8775 
   04044    0.4075   -1369.8522  0.8671 
   04045    0.4150   -1363.2180  0.8653 
   04046    0.3875   -1364.6211  0.8741 
   04047    0.4525   -1369.6039  0.8786 
   04048    0.4375   -1386.7390  0.8770 
   04049    0.4400   -1380.3307  0.8762 
   04050    0.3650   -1382.0671  0.8767 
   04051    0.4075   -1386.3704  0.8675 
   04052    0.3850   -1373.1797  0.8562 
   04053    0.4075   -1377.9390  0.8666 
   04054    0.4350   -1382.9476  0.8699 
   04055    0.4225   -1392.4297  0.8758 
   04056    0.4375   -1384.8096  0.8708 
   04057    0.3675   -1386.7842  0.8737 
   04058    0.4425   -1379.9415  0.8689 
   04059    0.4425   -1374.7029  0.8717 
   04060    0.4175   -1388.5645  0.8665 
   04061    0.3825   -1399.2614  0.8650 
   04062    0.3875   -1396.8097  0.8628 
   04063    0.4050   -1383.0170  0.8530 
   04064    0.4350   -1368.6896  0.8532 
   04065    0.4475   -1372.6427  0.8617 
   04066    0.4125   -1375.3879  0.8563 
   04067    0.3975   -1386.7163  0.8649 
   04068    0.3900   -1382.9016  0.8599 
   04069    0.4100   -1375.8682  0.8562 
   04070    0.3875   -1373.0048  0.8481 
   04071    0.4050   -1356.4869  0.8527 
   04072    0.4625   -1352.3000  0.8500 
   04073    0.3600   -1380.7638  0.8599 
   04074    0.3875   -1381.1783  0.8565 
   04075    0.3925   -1402.7216  0.8748 
   04076    0.3975   -1395.0106  0.8731 
   04077    0.4200   -1385.9392  0.8685 
   04078    0.4025   -1390.6808  0.8740 
   04079    0.3675   -1377.2281  0.8731 
   04080    0.3525   -1393.2222  0.8812 
   04081    0.4350   -1388.3774  0.8842 
   04082    0.3800   -1378.3616  0.8770 
   04083    0.3750   -1387.5894  0.8871 
   04084    0.4025   -1394.5654  0.8954 
   04085    0.3575   -1403.0079  0.8980 
   04086    0.3450   -1417.2616  0.8988 
   04087    0.4050   -1409.2511  0.8974 
   04088    0.4525   -1397.9305  0.8898 
   04089    0.3825   -1390.4604  0.8796 
   04090    0.4275   -1379.5754  0.8751 
   04091    0.4225   -1366.9321  0.8682 
   04092    0.3900   -1363.6731  0.8616 
   04093    0.4250   -1350.5947  0.8660 
   04094    0.4025   -1372.7893  0.8753 
   04095    0.4325   -1365.4751  0.8558 
   04096    0.4350   -1353.0323  0.8479 
   04097    0.4100   -1350.5635  0.8444 
   04098    0.4475   -1353.8496  0.8430 
   04099    0.4400   -1338.9708  0.8316 
   04100    0.4275   -1345.7544  0.8370 
   04101    0.4400   -1370.6129  0.8435 
   04102    0.4150   -1395.0627  0.8390 
   04103    0.3850   -1396.5148  0.8329 
   04104    0.4300   -1397.8552  0.8405 
   04105    0.4075   -1397.6205  0.8353 
   04106    0.4375   -1384.0133  0.8309 
   04107    0.4200   -1385.0363  0.8405 
   04108    0.4575   -1380.7820  0.8419 
   04109    0.3825   -1364.4996  0.8435 
   04110    0.4350   -1372.7189  0.8390 
   04111    0.3850   -1376.8184  0.8395 
   04112    0.4075   -1365.2931  0.8458 
   04113    0.4000   -1390.3218  0.8540 
   04114    0.4100   -1391.0490  0.8513 
   04115    0.4000   -1382.9954  0.8424 
   04116    0.4000   -1383.8252  0.8425 
   04117    0.4125   -1386.4508  0.8406 
   04118    0.4050   -1389.8105  0.8463 
   04119    0.4150   -1384.4622  0.8536 
   04120    0.4100   -1384.1703  0.8486 
   04121    0.3800   -1363.6743  0.8428 
   04122    0.4325   -1351.9987  0.8313 
   04123    0.4450   -1372.9752  0.8541 
   04124    0.4450   -1396.9575  0.8592 
   04125    0.3825   -1398.6677  0.8723 
   04126    0.4075   -1407.2736  0.8780 
   04127    0.3725   -1389.9530  0.8753 
   04128    0.4375   -1382.1724  0.8799 
   04129    0.4325   -1386.1969  0.8784 
   04130    0.4525   -1368.7878  0.8656 
   04131    0.4200   -1356.5168  0.8674 
   04132    0.4225   -1380.1630  0.8720 
   04133    0.4050   -1394.5609  0.8820 
   04134    0.3775   -1402.0836  0.8833 
   04135    0.4175   -1387.3409  0.8791 
   04136    0.4000   -1395.0925  0.8735 
   04137    0.4000   -1393.1909  0.8716 
   04138    0.4050   -1383.8004  0.8668 
   04139    0.3825   -1364.5903  0.8608 
   04140    0.3925   -1358.0558  0.8599 
   04141    0.4150   -1362.6179  0.8643 
   04142    0.4175   -1366.2178  0.8664 
   04143    0.4200   -1385.0201  0.8814 
   04144    0.4200   -1376.6527  0.8777 
   04145    0.4225   -1367.6803  0.8675 
   04146    0.3975   -1366.7589  0.8694 
   04147    0.4200   -1370.3475  0.8701 
   04148    0.4275   -1368.1462  0.8722 
   04149    0.4125   -1367.5643  0.8741 
   04150    0.4000   -1380.5074  0.8810 
   04151    0.3775   -1381.2959  0.8792 
   04152    0.3925   -1388.0364  0.8836 
   04153    0.4250   -1400.0713  0.8874 
   04154    0.3925   -1398.6600  0.8881 
   04155    0.4050   -1388.1561  0.8811 
   04156    0.4250   -1382.5038  0.8756 
   04157    0.3800   -1364.4406  0.8620 
   04158    0.4225   -1366.2722  0.8644 
   04159    0.3975   -1368.5294  0.8630 
   04160    0.3725   -1371.5057  0.8570 
   04161    0.3750   -1372.1139  0.8601 
   04162    0.3825   -1369.0056  0.8424 
   04163    0.4200   -1364.5361  0.8357 
   04164    0.4200   -1368.7610  0.8456 
   04165    0.4100   -1388.4951  0.8502 
   04166    0.4075   -1371.1233  0.8420 
   04167    0.3850   -1391.3300  0.8522 
   04168    0.3925   -1384.4678  0.8507 
   04169    0.3725   -1389.8304  0.8563 
   04170    0.4100   -1374.3588  0.8563 
   04171    0.4175   -1369.1986  0.8509 
   04172    0.3950   -1384.6813  0.8439 
   04173    0.3850   -1378.4260  0.8492 
   04174    0.4100   -1371.4550  0.8511 
   04175    0.3925   -1370.2356  0.8586 
   04176    0.4150   -1351.6714  0.8499 
   04177    0.4200   -1372.0291  0.8582 
   04178    0.4000   -1359.9059  0.8582 
   04179    0.4175   -1360.7804  0.8599 
   04180    0.3925   -1364.7036  0.8646 
   04181    0.4075   -1356.3296  0.8520 
   04182    0.4375   -1371.9648  0.8505 
   04183    0.3850   -1372.1222  0.8607 
   04184    0.3725   -1381.5322  0.8665 
   04185    0.3850   -1376.8822  0.8725 
   04186    0.3850   -1381.0127  0.8724 
   04187    0.3700   -1382.2466  0.8709 
   04188    0.4550   -1371.9667  0.8609 
   04189    0.4425   -1377.0040  0.8698 
   04190    0.4025   -1371.6433  0.8755 
   04191    0.4350   -1374.4291  0.8810 
   04192    0.4025   -1351.9094  0.8694 
   04193    0.4125   -1363.6785  0.8697 
   04194    0.4050   -1366.2178  0.8705 
   04195    0.4200   -1346.4166  0.8711 
   04196    0.4675   -1361.7904  0.8792 
   04197    0.4550   -1380.6561  0.8831 
   04198    0.4200   -1396.1108  0.8840 
   04199    0.4225   -1383.4921  0.8806 
   04200    0.4000   -1375.4567  0.8816 
   04201    0.4500   -1374.3109  0.8799 
   04202    0.4150   -1371.0040  0.8802 
   04203    0.4400   -1380.1450  0.8766 
   04204    0.3925   -1378.9982  0.8721 
   04205    0.3900   -1366.6208  0.8628 
   04206    0.4550   -1381.6379  0.8760 
   04207    0.4150   -1379.1538  0.8735 
   04208    0.4200   -1355.0135  0.8658 
   04209    0.4100   -1368.3822  0.8767 
   04210    0.4075   -1380.7399  0.8719 
   04211    0.3925   -1374.9723  0.8694 
   04212    0.3850   -1379.4380  0.8756 
   04213    0.3525   -1376.9016  0.8725 
   04214    0.3525   -1358.2891  0.8632 
   04215    0.4300   -1347.7606  0.8537 
   04216    0.4000   -1357.4667  0.8557 
   04217    0.4125   -1367.8749  0.8646 
   04218    0.4325   -1366.2642  0.8612 
   04219    0.4150   -1370.1530  0.8627 
   04220    0.3975   -1363.3550  0.8614 
   04221    0.4550   -1353.0800  0.8501 
   04222    0.4275   -1360.6066  0.8448 
   04223    0.4350   -1376.7773  0.8562 
   04224    0.3750   -1402.1757  0.8685 
   04225    0.4150   -1388.7690  0.8615 
   04226    0.3725   -1388.9816  0.8707 
   04227    0.4000   -1393.1040  0.8789 
   04228    0.4400   -1402.4874  0.8839 
   04229    0.4200   -1399.0719  0.8842 
   04230    0.3725   -1399.6892  0.8832 
   04231    0.4000   -1408.1212  0.8801 
   04232    0.4350   -1402.4237  0.8864 
   04233    0.4000   -1391.4268  0.8874 
   04234    0.4425   -1387.5084  0.8853 
   04235    0.4375   -1393.4186  0.8839 
   04236    0.3275   -1382.4249  0.8785 
   04237    0.4125   -1380.6116  0.8773 
   04238    0.4275   -1388.0156  0.8836 
   04239    0.3650   -1390.1152  0.8837 
   04240    0.4000   -1396.9565  0.8930 
   04241    0.4000   -1405.1687  0.9014 
   04242    0.4075   -1406.1989  0.8954 
   04243    0.4250   -1398.8302  0.8945 
   04244    0.4125   -1391.5988  0.8903 
   04245    0.3900   -1392.4619  0.8822 
   04246    0.3775   -1371.6685  0.8711 
   04247    0.4375   -1375.4563  0.8762 
   04248    0.3650   -1378.2996  0.8726 
   04249    0.4225   -1403.7358  0.8814 
   04250    0.4400   -1392.3562  0.8688 
   04251    0.3650   -1387.3309  0.8722 
   04252    0.4050   -1390.0660  0.8675 
   04253    0.4025   -1390.0387  0.8684 
   04254    0.4100   -1375.4730  0.8660 
   04255    0.4100   -1383.1998  0.8715 
   04256    0.4150   -1386.4232  0.8725 
   04257    0.4275   -1388.2037  0.8752 
   04258    0.3850   -1392.2018  0.8691 
   04259    0.4500   -1397.6355  0.8774 
   04260    0.3825   -1392.9762  0.8780 
   04261    0.3900   -1389.6364  0.8739 
   04262    0.4025   -1384.4061  0.8832 
   04263    0.4050   -1408.8416  0.8831 
   04264    0.4400   -1392.3839  0.8758 
   04265    0.3975   -1380.5454  0.8648 
   04266    0.4225   -1393.2222  0.8787 
   04267    0.4500   -1382.9844  0.8723 
   04268    0.4025   -1392.0400  0.8690 
   04269    0.4075   -1381.3713  0.8610 
   04270    0.3875   -1373.4855  0.8628 
   04271    0.4200   -1379.6204  0.8666 
   04272    0.3750   -1377.7292  0.8556 
   04273    0.4100   -1372.4948  0.8624 
   04274    0.3650   -1378.1128  0.8619 
   04275    0.4225   -1379.4578  0.8674 
   04276    0.3925   -1377.0958  0.8610 
   04277    0.3950   -1366.8274  0.8485 
   04278    0.3850   -1357.5409  0.8580 
   04279    0.3800   -1367.8440  0.8585 
   04280    0.3975   -1360.4147  0.8478 
   04281    0.3975   -1362.0568  0.8421 
   04282    0.4025   -1363.2803  0.8495 
   04283    0.4175   -1336.9244  0.8387 
   04284    0.4325   -1330.5940  0.8358 
   04285    0.4050   -1337.5706  0.8350 
   04286    0.4075   -1364.1356  0.8410 
   04287    0.3850   -1392.6162  0.8466 
   04288    0.3775   -1388.4830  0.8514 
   04289    0.4050   -1392.9618  0.8544 
   04290    0.4075   -1381.7968  0.8574 
   04291    0.4150   -1380.2941  0.8624 
   04292    0.3625   -1385.8807  0.8617 
   04293    0.4100   -1379.1418  0.8564 
   04294    0.3775   -1361.2518  0.8322 
   04295    0.4750   -1364.9119  0.8379 
   04296    0.3950   -1326.0710  0.8272 
   04297    0.4150   -1327.3705  0.8274 
   04298    0.4350   -1336.2965  0.8196 
   04299    0.4350   -1353.2767  0.8338 
   04300    0.3825   -1357.0306  0.8371 
   04301    0.3900   -1354.5034  0.8335 
   04302    0.3925   -1360.2014  0.8344 
   04303    0.4200   -1351.7014  0.8333 
   04304    0.4325   -1362.3345  0.8415 
   04305    0.3900   -1367.9373  0.8490 
   04306    0.4125   -1370.0524  0.8455 
   04307    0.4300   -1379.4644  0.8521 
   04308    0.3975   -1357.9298  0.8354 
   04309    0.3725   -1366.0201  0.8379 
   04310    0.4550   -1363.2811  0.8342 
   04311    0.4125   -1371.3467  0.8323 
   04312    0.3925   -1382.5952  0.8420 
   04313    0.4075   -1373.2661  0.8421 
   04314    0.4500   -1373.3086  0.8524 
   04315    0.4150   -1374.8756  0.8489 
   04316    0.3525   -1358.9601  0.8407 
   04317    0.4025   -1354.5887  0.8432 
   04318    0.4075   -1355.4996  0.8398 
   04319    0.4250   -1365.7484  0.8429 
   04320    0.4275   -1382.0768  0.8555 
   04321    0.3875   -1385.9725  0.8611 
   04322    0.3575   -1389.4182  0.8550 
   04323    0.4100   -1384.6176  0.8651 
   04324    0.4025   -1395.2213  0.8785 
   04325    0.4300   -1394.2494  0.8734 
   04326    0.4000   -1385.3375  0.8731 
   04327    0.4100   -1387.9271  0.8639 
   04328    0.3925   -1383.7716  0.8645 
   04329    0.4100   -1389.0125  0.8608 
   04330    0.4125   -1405.0554  0.8652 
   04331    0.3750   -1384.8954  0.8570 
   04332    0.4150   -1385.1184  0.8472 
   04333    0.4300   -1364.7791  0.8414 
   04334    0.4475   -1355.5896  0.8387 
   04335    0.3875   -1361.0199  0.8512 
   04336    0.4575   -1363.7214  0.8533 
   04337    0.3750   -1373.4437  0.8573 
   04338    0.4125   -1375.1562  0.8635 
   04339    0.4050   -1373.6021  0.8647 
   04340    0.4175   -1388.8553  0.8696 
   04341    0.4100   -1390.7401  0.8641 
   04342    0.3650   -1384.2205  0.8642 
   04343    0.4300   -1380.5879  0.8672 
   04344    0.4350   -1376.3788  0.8561 
   04345    0.4300   -1375.4166  0.8609 
   04346    0.4200   -1379.0428  0.8498 
   04347    0.3675   -1379.9790  0.8491 
   04348    0.4375   -1380.3094  0.8445 
   04349    0.3875   -1371.9705  0.8419 
   04350    0.3375   -1354.8710  0.8352 
   04351    0.4525   -1339.7609  0.8357 
   04352    0.3725   -1327.2695  0.8313 
   04353    0.4400   -1353.1311  0.8402 
   04354    0.4125   -1361.5632  0.8325 
   04355    0.4225   -1350.0347  0.8259 
   04356    0.3950   -1371.6199  0.8369 
   04357    0.3950   -1368.4858  0.8280 
   04358    0.4650   -1359.3717  0.8173 
   04359    0.4000   -1365.9930  0.8125 
   04360    0.4100   -1350.6560  0.7997 
   04361    0.3725   -1352.4814  0.8004 
   04362    0.4050   -1348.6964  0.7985 
   04363    0.4175   -1357.3121  0.7945 
   04364    0.3800   -1356.9235  0.8002 
   04365    0.4400   -1362.4235  0.7959 
   04366    0.3925   -1354.1992  0.7964 
   04367    0.3925   -1366.0417  0.7985 
   04368    0.3825   -1377.7493  0.8103 
   04369    0.4025   -1384.3743  0.8176 
   04370    0.4050   -1386.6447  0.8170 
   04371    0.3600   -1354.1886  0.7991 
   04372    0.3975   -1365.6815  0.8064 
   04373    0.4025   -1380.2827  0.8255 
   04374    0.4225   -1394.8280  0.8368 
   04375    0.3900   -1386.5005  0.8360 
   04376    0.3850   -1385.8401  0.8337 
   04377    0.4050   -1378.3107  0.8369 
   04378    0.3950   -1378.4875  0.8376 
   04379    0.4050   -1389.5649  0.8474 
   04380    0.4250   -1377.1299  0.8336 
   04381    0.4500   -1379.2805  0.8360 
   04382    0.4225   -1376.2682  0.8434 
   04383    0.4150   -1378.6829  0.8442 
   04384    0.4575   -1367.1346  0.8391 
   04385    0.4200   -1364.1367  0.8316 
   04386    0.4500   -1356.0132  0.8452 
   04387    0.3975   -1366.0658  0.8463 
   04388    0.4300   -1366.6415  0.8482 
   04389    0.4225   -1367.8087  0.8520 
   04390    0.3900   -1374.5664  0.8606 
   04391    0.3700   -1354.1575  0.8560 
   04392    0.4575   -1371.8019  0.8688 
   04393    0.4200   -1361.5021  0.8732 
   04394    0.3975   -1366.7946  0.8744 
   04395    0.4125   -1383.0403  0.8747 
   04396    0.4075   -1378.2544  0.8677 
   04397    0.4050   -1385.0194  0.8747 
   04398    0.4300   -1383.7751  0.8708 
   04399    0.3825   -1403.9824  0.8783 
   04400    0.4000   -1390.0010  0.8769 
   04401    0.4000   -1395.4290  0.8817 
   04402    0.4175   -1395.1506  0.8811 
   04403    0.4475   -1371.7026  0.8727 
   04404    0.4175   -1371.7655  0.8752 
   04405    0.4525   -1376.9407  0.8761 
   04406    0.4450   -1383.8352  0.8715 
   04407    0.4125   -1390.5939  0.8741 
   04408    0.4350   -1385.4816  0.8825 
   04409    0.3575   -1387.7645  0.8856 
   04410    0.3575   -1378.0098  0.8851 
   04411    0.4225   -1378.8737  0.8924 
   04412    0.4200   -1382.9333  0.8954 
   04413    0.4275   -1393.1820  0.8934 
   04414    0.4425   -1391.0886  0.8909 
   04415    0.3475   -1384.5958  0.8831 
   04416    0.4200   -1396.8594  0.8907 
   04417    0.4350   -1403.6543  0.8797 
   04418    0.4125   -1379.1006  0.8744 
   04419    0.4225   -1368.1489  0.8710 
   04420    0.4400   -1394.2968  0.8839 
   04421    0.3750   -1402.7870  0.8879 
   04422    0.4250   -1405.1448  0.8894 
   04423    0.3775   -1396.9734  0.8853 
   04424    0.3675   -1398.1173  0.8955 
   04425    0.4150   -1403.0748  0.8957 
   04426    0.3900   -1404.1508  0.8852 
   04427    0.3450   -1402.2502  0.8828 
   04428    0.3950   -1395.3979  0.8779 
   04429    0.4375   -1376.2716  0.8720 
   04430    0.3800   -1368.1779  0.8741 
   04431    0.4275   -1377.4958  0.8856 
   04432    0.4300   -1396.6528  0.8871 
   04433    0.4350   -1395.8301  0.8897 
   04434    0.3900   -1380.8582  0.8827 
   04435    0.3850   -1384.5685  0.8874 
   04436    0.3825   -1409.2262  0.8978 
   04437    0.4100   -1403.4688  0.8956 
   04438    0.3650   -1414.3179  0.8986 
   04439    0.4050   -1428.5923  0.9080 
   04440    0.3975   -1412.6082  0.8936 
   04441    0.4325   -1409.4971  0.8928 
   04442    0.4250   -1399.1234  0.8946 
   04443    0.3450   -1401.0930  0.8981 
   04444    0.4175   -1384.6128  0.8958 
   04445    0.4200   -1397.3939  0.9000 
   04446    0.3700   -1403.1621  0.9044 
   04447    0.4350   -1403.0602  0.9007 
   04448    0.4375   -1402.6276  0.8937 
   04449    0.4375   -1409.6733  0.8912 
   04450    0.4300   -1404.1743  0.8926 
   04451    0.4100   -1390.7677  0.8888 
   04452    0.3725   -1376.3883  0.8808 
   04453    0.4150   -1385.7196  0.8831 
   04454    0.3575   -1387.9103  0.8859 
   04455    0.4125   -1369.0502  0.8814 
   04456    0.4350   -1371.1439  0.8729 
   04457    0.4100   -1359.4401  0.8628 
   04458    0.4150   -1370.8497  0.8647 
   04459    0.4600   -1376.6354  0.8674 
   04460    0.4225   -1361.2668  0.8587 
   04461    0.4325   -1358.5043  0.8628 
   04462    0.4025   -1337.8405  0.8566 
   04463    0.3800   -1366.2296  0.8718 
   04464    0.4275   -1353.8982  0.8630 
   04465    0.4000   -1345.3958  0.8625 
   04466    0.4025   -1368.5448  0.8733 
   04467    0.3575   -1365.1245  0.8711 
   04468    0.4200   -1368.0249  0.8670 
   04469    0.3900   -1374.4385  0.8759 
   04470    0.3775   -1361.8907  0.8713 
   04471    0.4300   -1360.5643  0.8661 
   04472    0.4025   -1364.4971  0.8687 
   04473    0.3450   -1373.6305  0.8685 
   04474    0.4275   -1372.1261  0.8741 
   04475    0.4250   -1371.5320  0.8718 
   04476    0.4400   -1366.1254  0.8673 
   04477    0.4275   -1370.4867  0.8711 
   04478    0.3725   -1362.5256  0.8610 
   04479    0.4025   -1346.8685  0.8499 
   04480    0.4425   -1356.5563  0.8466 
   04481    0.3825   -1369.9164  0.8615 
   04482    0.4325   -1375.3662  0.8652 
   04483    0.4325   -1351.4209  0.8519 
   04484    0.3800   -1352.5352  0.8528 
   04485    0.4200   -1355.1462  0.8583 
   04486    0.4325   -1361.8990  0.8595 
   04487    0.3950   -1356.6471  0.8571 
   04488    0.3675   -1371.9033  0.8616 
   04489    0.4075   -1348.1060  0.8595 
   04490    0.4325   -1359.7734  0.8688 
   04491    0.3775   -1347.6002  0.8743 
   04492    0.3775   -1354.1425  0.8687 
   04493    0.3975   -1356.9911  0.8649 
   04494    0.4150   -1353.1244  0.8600 
   04495    0.4275   -1363.5695  0.8600 
   04496    0.4175   -1361.2443  0.8538 
   04497    0.4250   -1345.2450  0.8527 
   04498    0.4575   -1363.3076  0.8488 
   04499    0.3950   -1359.3237  0.8372 
   04500    0.4125   -1360.2672  0.8384 
   04501    0.4200   -1361.8011  0.8278 
   04502    0.4075   -1367.9578  0.8255 
   04503    0.4250   -1350.4457  0.8163 
   04504    0.4375   -1365.7341  0.8378 
   04505    0.4300   -1358.4188  0.8308 
   04506    0.4075   -1361.3499  0.8147 
   04507    0.3700   -1369.8843  0.8229 
   04508    0.4275   -1355.7251  0.8257 
   04509    0.4225   -1344.0187  0.8250 
   04510    0.4050   -1340.7950  0.8262 
   04511    0.4125   -1367.4381  0.8368 
   04512    0.3950   -1357.0447  0.8417 
   04513    0.4075   -1350.9788  0.8277 
   04514    0.4775   -1349.9780  0.8365 
   04515    0.4175   -1355.7203  0.8461 
   04516    0.4450   -1375.8599  0.8560 
   04517    0.4525   -1375.0469  0.8539 
   04518    0.4100   -1345.5709  0.8388 
   04519    0.4225   -1366.4078  0.8469 
   04520    0.4400   -1384.4843  0.8552 
   04521    0.4575   -1372.7906  0.8540 
   04522    0.4575   -1370.8080  0.8493 
   04523    0.3875   -1374.9255  0.8599 
   04524    0.4275   -1364.6490  0.8595 
   04525    0.4450   -1377.9647  0.8708 
   04526    0.4000   -1372.6888  0.8700 
   04527    0.4025   -1382.0132  0.8758 
   04528    0.4475   -1396.2164  0.8915 
   04529    0.4600   -1399.8086  0.8921 
   04530    0.4300   -1386.5840  0.8890 
   04531    0.4275   -1411.5592  0.8934 
   04532    0.3650   -1417.7532  0.8994 
   04533    0.3900   -1405.1268  0.8958 
   04534    0.3425   -1416.8138  0.8970 
   04535    0.3875   -1390.2219  0.8835 
   04536    0.3625   -1400.0594  0.8887 
   04537    0.3975   -1397.1315  0.8833 
   04538    0.3600   -1392.9818  0.8772 
   04539    0.3650   -1392.3217  0.8784 
   04540    0.3750   -1391.3649  0.8820 
   04541    0.3975   -1385.4087  0.8713 
   04542    0.3925   -1381.4308  0.8740 
   04543    0.4000   -1384.2571  0.8794 
   04544    0.3975   -1402.4977  0.8796 
   04545    0.4125   -1404.3665  0.8873 
   04546    0.3675   -1391.1123  0.8759 
   04547    0.4500   -1378.8357  0.8789 
   04548    0.4300   -1372.2030  0.8771 
   04549    0.3875   -1379.3104  0.8809 
   04550    0.4550   -1371.7085  0.8858 
   04551    0.3950   -1407.4130  0.8907 
   04552    0.4125   -1411.9977  0.8943 
   04553    0.3400   -1395.3392  0.8867 
   04554    0.4000   -1373.4744  0.8842 
   04555    0.4000   -1374.0153  0.8856 
   04556    0.3500   -1365.6833  0.8775 
   04557    0.4125   -1359.6625  0.8742 
   04558    0.4025   -1352.0430  0.8742 
   04559    0.3925   -1361.8063  0.8681 
   04560    0.3975   -1354.3722  0.8607 
   04561    0.4000   -1351.4980  0.8580 
   04562    0.4450   -1356.7604  0.8602 
   04563    0.4425   -1332.1411  0.8461 
   04564    0.4225   -1331.4135  0.8518 
   04565    0.4050   -1345.3483  0.8536 
   04566    0.4050   -1352.0035  0.8515 
   04567    0.4250   -1349.2130  0.8434 
   04568    0.4150   -1349.0474  0.8268 
   04569    0.4350   -1355.9460  0.8341 
   04570    0.4175   -1352.8163  0.8308 
   04571    0.4100   -1380.8046  0.8419 
   04572    0.4300   -1370.1866  0.8460 
   04573    0.4350   -1363.6625  0.8440 
   04574    0.4225   -1357.7163  0.8403 
   04575    0.3950   -1352.2634  0.8359 
   04576    0.4000   -1361.4675  0.8390 
   04577    0.4225   -1359.7443  0.8269 
   04578    0.4100   -1364.3965  0.8227 
   04579    0.4025   -1362.9896  0.8242 
   04580    0.4450   -1365.4225  0.8268 
   04581    0.4275   -1362.1312  0.8367 
   04582    0.4125   -1365.8665  0.8454 
   04583    0.4400   -1387.1636  0.8636 
   04584    0.3900   -1374.6960  0.8532 
   04585    0.3925   -1377.7103  0.8554 
   04586    0.4250   -1375.3092  0.8491 
   04587    0.3950   -1391.4014  0.8585 
   04588    0.4075   -1375.9327  0.8477 
   04589    0.3875   -1388.5660  0.8534 
   04590    0.3975   -1380.8646  0.8469 
   04591    0.4075   -1378.0326  0.8562 
   04592    0.3675   -1378.8256  0.8522 
   04593    0.4175   -1369.4191  0.8553 
   04594    0.4600   -1382.2063  0.8577 
   04595    0.4200   -1376.7030  0.8552 
   04596    0.3700   -1384.4531  0.8634 
   04597    0.3750   -1381.9568  0.8598 
   04598    0.4000   -1382.5142  0.8638 
   04599    0.3900   -1377.2151  0.8604 
   04600    0.3725   -1360.0199  0.8439 
   04601    0.4425   -1348.4219  0.8377 
   04602    0.4575   -1358.5565  0.8445 
   04603    0.3975   -1370.8547  0.8580 
   04604    0.3500   -1377.7573  0.8546 
   04605    0.4125   -1394.8092  0.8578 
   04606    0.3850   -1389.2692  0.8577 
   04607    0.4100   -1362.0278  0.8529 
   04608    0.3875   -1362.4197  0.8504 
   04609    0.3900   -1375.5908  0.8578 
   04610    0.4150   -1381.8440  0.8616 
   04611    0.4025   -1364.6340  0.8539 
   04612    0.4325   -1360.1787  0.8435 
   04613    0.4100   -1364.9463  0.8509 
   04614    0.3875   -1367.6624  0.8533 
   04615    0.4225   -1356.8899  0.8549 
   04616    0.4375   -1361.8611  0.8514 
   04617    0.3900   -1365.6931  0.8611 
   04618    0.3925   -1369.7212  0.8744 
   04619    0.4050   -1368.4730  0.8745 
   04620    0.3975   -1367.2947  0.8703 
   04621    0.3950   -1375.7765  0.8811 
   04622    0.4150   -1384.2380  0.8849 
   04623    0.4125   -1413.4998  0.8925 
   04624    0.4250   -1406.8309  0.8879 
   04625    0.4375   -1403.2277  0.8965 
   04626    0.3850   -1408.1536  0.8988 
   04627    0.3750   -1413.1447  0.8921 
   04628    0.4200   -1417.4607  0.8918 
   04629    0.4100   -1402.3892  0.8924 
   04630    0.3900   -1407.6630  0.8936 
   04631    0.3575   -1399.1241  0.8863 
   04632    0.3825   -1401.9287  0.8885 
   04633    0.4475   -1403.3289  0.8885 
   04634    0.4350   -1388.5298  0.8869 
   04635    0.3950   -1382.5210  0.8858 
   04636    0.3950   -1407.0419  0.8942 
   04637    0.3750   -1413.3103  0.8987 
   04638    0.3725   -1375.9624  0.8800 
   04639    0.4625   -1374.6786  0.8760 
   04640    0.4150   -1362.4919  0.8656 
   04641    0.4325   -1363.3473  0.8662 
   04642    0.4200   -1342.8029  0.8570 
   04643    0.4025   -1366.5719  0.8555 
   04644    0.4175   -1362.3470  0.8573 
   04645    0.4125   -1361.9869  0.8544 
   04646    0.4350   -1344.1509  0.8448 
   04647    0.3825   -1361.4471  0.8525 
   04648    0.3875   -1370.1829  0.8547 
   04649    0.3950   -1364.0609  0.8553 
   04650    0.3875   -1370.0112  0.8571 
   04651    0.3750   -1374.7245  0.8627 
   04652    0.4050   -1378.8693  0.8613 
   04653    0.4225   -1365.8240  0.8643 
   04654    0.4175   -1369.8866  0.8675 
   04655    0.4400   -1369.3379  0.8656 
   04656    0.4125   -1377.1287  0.8766 
   04657    0.4325   -1376.2544  0.8760 
   04658    0.4000   -1369.3206  0.8585 
   04659    0.3925   -1392.6967  0.8675 
   04660    0.4125   -1385.5753  0.8745 
   04661    0.3800   -1378.5474  0.8761 
   04662    0.4075   -1366.6150  0.8726 
   04663    0.4400   -1361.7097  0.8723 
   04664    0.4025   -1364.0275  0.8732 
   04665    0.4025   -1347.6624  0.8689 
   04666    0.4125   -1392.0343  0.8760 
   04667    0.4175   -1380.3181  0.8682 
   04668    0.3975   -1377.5471  0.8751 
   04669    0.4400   -1359.5093  0.8702 
   04670    0.4150   -1366.4697  0.8715 
   04671    0.4150   -1377.0592  0.8780 
   04672    0.3925   -1387.4452  0.8813 
   04673    0.4075   -1378.6835  0.8810 
   04674    0.4550   -1372.9407  0.8793 
   04675    0.4000   -1381.8958  0.8776 
   04676    0.3900   -1379.5476  0.8746 
   04677    0.4525   -1385.9757  0.8764 
   04678    0.4175   -1390.5181  0.8740 
   04679    0.4225   -1371.9962  0.8634 
   04680    0.3800   -1380.1077  0.8768 
   04681    0.4175   -1386.0747  0.8770 
   04682    0.4300   -1394.9047  0.8811 
   04683    0.4150   -1390.5212  0.8767 
   04684    0.3675   -1401.5724  0.8734 
   04685    0.4600   -1391.7141  0.8705 
   04686    0.3875   -1395.0939  0.8706 
   04687    0.3975   -1392.7871  0.8725 
   04688    0.3925   -1406.7947  0.8801 
   04689    0.4050   -1389.8435  0.8648 
   04690    0.3975   -1378.8346  0.8551 
   04691    0.4275   -1373.4351  0.8474 
   04692    0.4400   -1377.3073  0.8567 
   04693    0.3950   -1388.8324  0.8617 
   04694    0.4325   -1379.3499  0.8564 
   04695    0.4525   -1375.2028  0.8635 
   04696    0.3900   -1367.1184  0.8593 
   04697    0.4150   -1386.8926  0.8693 
   04698    0.3975   -1378.4032  0.8724 
   04699    0.3725   -1380.9401  0.8685 
   04700    0.3475   -1387.7192  0.8729 
   04701    0.3900   -1378.4659  0.8687 
   04702    0.4125   -1375.8427  0.8681 
   04703    0.4050   -1388.4285  0.8642 
   04704    0.4175   -1402.0685  0.8671 
   04705    0.4100   -1397.1312  0.8683 
   04706    0.4350   -1372.6910  0.8667 
   04707    0.3925   -1368.7928  0.8673 
   04708    0.4150   -1402.0032  0.8835 
   04709    0.4000   -1410.3783  0.8736 
   04710    0.3825   -1393.4338  0.8709 
   04711    0.4075   -1389.2582  0.8572 
   04712    0.3650   -1384.7289  0.8499 
   04713    0.4025   -1394.6840  0.8457 
   04714    0.4050   -1396.8077  0.8451 
   04715    0.3800   -1392.9967  0.8414 
   04716    0.4125   -1386.3389  0.8374 
   04717    0.4325   -1379.0491  0.8392 
   04718    0.3925   -1382.7336  0.8452 
   04719    0.3650   -1399.1753  0.8443 
   04720    0.3825   -1394.6312  0.8339 
   04721    0.3950   -1413.2024  0.8430 
   04722    0.4175   -1404.0643  0.8402 
   04723    0.4025   -1415.7068  0.8455 
   04724    0.3650   -1403.4817  0.8452 
   04725    0.3700   -1382.3016  0.8480 
   04726    0.4200   -1389.1949  0.8557 
   04727    0.4225   -1392.8055  0.8672 
   04728    0.4150   -1394.0155  0.8696 
   04729    0.4250   -1361.2571  0.8613 
   04730    0.4375   -1370.2451  0.8495 
   04731    0.3975   -1373.6301  0.8562 
   04732    0.3950   -1366.1757  0.8482 
   04733    0.4700   -1367.6040  0.8485 
   04734    0.4350   -1348.4528  0.8461 
   04735    0.3950   -1355.6910  0.8415 
   04736    0.3975   -1360.3210  0.8429 
   04737    0.4275   -1372.4606  0.8372 
   04738    0.4450   -1373.9135  0.8428 
   04739    0.4025   -1384.6250  0.8356 
   04740    0.4375   -1380.2781  0.8427 
   04741    0.4075   -1377.9462  0.8357 
   04742    0.4325   -1381.7080  0.8321 
   04743    0.4025   -1376.6553  0.8354 
   04744    0.4275   -1378.0559  0.8412 
   04745    0.4250   -1373.2274  0.8315 
   04746    0.4200   -1363.6980  0.8194 
   04747    0.4075   -1372.7554  0.8352 
   04748    0.4300   -1359.3143  0.8348 
   04749    0.4475   -1384.4379  0.8558 
   04750    0.4300   -1368.4532  0.8454 
   04751    0.3900   -1379.9886  0.8534 
   04752    0.3900   -1380.5763  0.8602 
   04753    0.3600   -1382.7621  0.8699 
   04754    0.4650   -1393.5565  0.8774 
   04755    0.4175   -1406.1118  0.8856 
   04756    0.3650   -1403.8835  0.8853 
   04757    0.4500   -1395.5649  0.8827 
   04758    0.3675   -1357.3081  0.8671 
   04759    0.4100   -1351.0819  0.8614 
   04760    0.4175   -1366.7883  0.8576 
   04761    0.4025   -1372.8981  0.8527 
   04762    0.4050   -1390.8596  0.8590 
   04763    0.4225   -1389.9070  0.8661 
   04764    0.4075   -1388.5114  0.8663 
   04765    0.3700   -1381.9915  0.8641 
   04766    0.4350   -1402.1189  0.8798 
   04767    0.4200   -1397.5596  0.8731 
   04768    0.4075   -1377.9172  0.8735 
   04769    0.3875   -1381.2700  0.8738 
   04770    0.4300   -1368.2092  0.8624 
   04771    0.4025   -1397.0245  0.8657 
   04772    0.3875   -1383.8456  0.8582 
   04773    0.4500   -1393.2803  0.8614 
   04774    0.3900   -1395.1967  0.8682 
   04775    0.4125   -1392.3174  0.8653 
   04776    0.4175   -1385.3286  0.8640 
   04777    0.4225   -1368.2206  0.8573 
   04778    0.4225   -1384.8602  0.8536 
   04779    0.3975   -1395.5503  0.8557 
   04780    0.4250   -1401.0383  0.8598 
   04781    0.3800   -1403.2993  0.8576 
   04782    0.4075   -1395.3220  0.8571 
   04783    0.3975   -1386.0510  0.8619 
   04784    0.3675   -1380.5597  0.8518 
   04785    0.3700   -1374.6080  0.8545 
   04786    0.3675   -1386.6688  0.8530 
   04787    0.4100   -1379.2471  0.8684 
   04788    0.3750   -1398.0361  0.8734 
   04789    0.4250   -1393.4390  0.8695 
   04790    0.3975   -1368.9713  0.8592 
   04791    0.4300   -1363.8516  0.8579 
   04792    0.4625   -1370.5670  0.8672 
   04793    0.4375   -1374.2570  0.8674 
   04794    0.4125   -1384.9478  0.8644 
   04795    0.4025   -1410.3293  0.8793 
   04796    0.4225   -1393.5353  0.8737 
   04797    0.3875   -1399.3805  0.8777 
   04798    0.4475   -1407.7119  0.8743 
   04799    0.4625   -1389.0304  0.8667 
   04800    0.3550   -1390.3367  0.8646 
   04801    0.3925   -1394.1266  0.8601 
   04802    0.3575   -1383.1841  0.8544 
   04803    0.3650   -1380.8148  0.8574 
   04804    0.3500   -1382.4235  0.8586 
   04805    0.4225   -1367.5450  0.8397 
   04806    0.4675   -1363.8552  0.8377 
   04807    0.3875   -1371.2000  0.8444 
   04808    0.3900   -1371.3131  0.8517 
   04809    0.4150   -1374.0687  0.8496 
   04810    0.4375   -1375.5210  0.8440 
   04811    0.4325   -1361.3838  0.8444 
   04812    0.3950   -1347.4447  0.8460 
   04813    0.4200   -1359.2351  0.8543 
   04814    0.4200   -1357.1337  0.8565 
   04815    0.4400   -1364.2771  0.8544 
   04816    0.4475   -1382.1317  0.8581 
   04817    0.4600   -1364.8361  0.8548 
   04818    0.4225   -1359.6050  0.8447 
   04819    0.3900   -1362.1399  0.8420 
   04820    0.4025   -1354.1523  0.8449 
   04821    0.4525   -1356.1417  0.8531 
   04822    0.4075   -1364.1139  0.8562 
   04823    0.4350   -1368.0370  0.8621 
   04824    0.4250   -1363.9457  0.8561 
   04825    0.4175   -1352.4751  0.8524 
   04826    0.4325   -1336.5177  0.8456 
   04827    0.4400   -1357.0543  0.8392 
   04828    0.4425   -1353.1750  0.8367 
   04829    0.4275   -1355.7238  0.8337 
   04830    0.4500   -1355.9900  0.8346 
   04831    0.4425   -1375.1748  0.8380 
   04832    0.4100   -1374.6957  0.8376 
   04833    0.3850   -1390.1438  0.8458 
   04834    0.4075   -1384.4480  0.8424 
   04835    0.4075   -1386.0781  0.8400 
   04836    0.3825   -1389.4198  0.8435 
   04837    0.4800   -1378.4407  0.8505 
   04838    0.4275   -1369.5317  0.8530 
   04839    0.3925   -1392.8109  0.8674 
   04840    0.4400   -1359.8529  0.8517 
   04841    0.4075   -1344.0978  0.8492 
   04842    0.4225   -1360.5682  0.8502 
   04843    0.4275   -1367.5886  0.8502 
   04844    0.4475   -1374.4690  0.8560 
   04845    0.4350   -1372.1967  0.8556 
   04846    0.4075   -1357.1699  0.8443 
   04847    0.3975   -1368.2074  0.8472 
   04848    0.4525   -1362.3270  0.8504 
   04849    0.4275   -1352.8262  0.8509 
   04850    0.4300   -1343.8489  0.8454 
   04851    0.4400   -1384.6710  0.8579 
   04852    0.4150   -1393.5825  0.8639 
   04853    0.4075   -1384.6632  0.8544 
   04854    0.4025   -1389.0482  0.8645 
   04855    0.3950   -1375.8751  0.8578 
   04856    0.4025   -1369.5321  0.8459 
   04857    0.4225   -1361.4806  0.8390 
   04858    0.4325   -1353.5441  0.8312 
   04859    0.4400   -1322.2236  0.8236 
   04860    0.4350   -1312.9979  0.8219 
   04861    0.4225   -1341.4546  0.8331 
   04862    0.4375   -1334.2817  0.8254 
   04863    0.4475   -1360.6941  0.8348 
   04864    0.4100   -1368.4856  0.8321 
   04865    0.4425   -1373.9285  0.8406 
   04866    0.4175   -1367.9886  0.8468 
   04867    0.4100   -1360.3969  0.8441 
   04868    0.3925   -1369.1305  0.8417 
   04869    0.4050   -1357.9902  0.8395 
   04870    0.4225   -1358.6290  0.8435 
   04871    0.4275   -1358.3158  0.8477 
   04872    0.3850   -1358.4631  0.8365 
   04873    0.4150   -1365.1772  0.8311 
   04874    0.4150   -1364.8501  0.8300 
   04875    0.4275   -1359.3475  0.8255 
   04876    0.4550   -1353.7106  0.8280 
   04877    0.3900   -1355.7090  0.8312 
   04878    0.4275   -1339.3966  0.8161 
   04879    0.3925   -1345.6212  0.8143 
   04880    0.3950   -1358.7338  0.8224 
   04881    0.4000   -1375.1639  0.8288 
   04882    0.4150   -1368.8027  0.8267 
   04883    0.3900   -1366.8796  0.8331 
   04884    0.4400   -1361.3748  0.8351 
   04885    0.4100   -1366.5591  0.8434 
   04886    0.3850   -1371.1804  0.8456 
   04887    0.4025   -1380.3768  0.8564 
   04888    0.4500   -1377.2589  0.8546 
   04889    0.3700   -1372.9203  0.8428 
   04890    0.4275   -1389.5480  0.8496 
   04891    0.4250   -1386.4056  0.8534 
   04892    0.3725   -1385.5842  0.8526 
   04893    0.4025   -1382.8192  0.8544 
   04894    0.4300   -1393.7986  0.8551 
   04895    0.4325   -1385.1926  0.8500 
   04896    0.4300   -1378.0737  0.8469 
   04897    0.3950   -1394.1328  0.8560 
   04898    0.4100   -1368.0200  0.8518 
   04899    0.4150   -1371.7523  0.8502 
   04900    0.4375   -1388.6125  0.8552 
   04901    0.3975   -1401.1848  0.8534 
   04902    0.3950   -1400.3676  0.8456 
   04903    0.4225   -1392.2886  0.8411 
   04904    0.4400   -1380.9626  0.8429 
   04905    0.4250   -1368.2999  0.8470 
   04906    0.4100   -1386.2336  0.8579 
   04907    0.4425   -1379.2040  0.8592 
   04908    0.4325   -1390.8884  0.8552 
   04909    0.4375   -1381.3431  0.8540 
   04910    0.4200   -1384.7189  0.8570 
   04911    0.4075   -1373.7839  0.8634 
   04912    0.4125   -1359.0768  0.8594 
   04913    0.4125   -1358.2024  0.8529 
   04914    0.3950   -1353.3619  0.8476 
   04915    0.3825   -1354.0012  0.8478 
   04916    0.3850   -1352.5555  0.8505 
   04917    0.4225   -1349.5219  0.8423 
   04918    0.4225   -1362.7780  0.8475 
   04919    0.4450   -1358.2563  0.8416 
   04920    0.3675   -1371.8923  0.8422 
   04921    0.4125   -1369.5277  0.8444 
   04922    0.4200   -1381.6036  0.8486 
   04923    0.4350   -1355.7754  0.8394 
   04924    0.4050   -1350.2810  0.8415 
   04925    0.4575   -1362.2247  0.8366 
   04926    0.4350   -1380.2399  0.8467 
   04927    0.4050   -1373.7455  0.8500 
   04928    0.4200   -1361.4714  0.8431 
   04929    0.4200   -1373.8246  0.8509 
   04930    0.4300   -1386.0585  0.8538 
   04931    0.4000   -1390.2274  0.8636 
   04932    0.3800   -1384.6539  0.8619 
   04933    0.4050   -1396.9813  0.8654 
   04934    0.4025   -1396.5286  0.8625 
   04935    0.4025   -1380.3116  0.8570 
   04936    0.4000   -1377.5702  0.8553 
   04937    0.4350   -1382.8658  0.8602 
   04938    0.3825   -1412.1365  0.8737 
   04939    0.4125   -1407.5803  0.8655 
   04940    0.4175   -1379.3489  0.8674 
   04941    0.3750   -1386.3434  0.8572 
   04942    0.3875   -1367.1528  0.8583 
   04943    0.3925   -1367.5781  0.8556 
   04944    0.4425   -1373.3378  0.8587 
   04945    0.4325   -1360.9364  0.8484 
   04946    0.3750   -1371.3896  0.8520 
   04947    0.3675   -1372.6998  0.8496 
   04948    0.4125   -1382.9878  0.8586 
   04949    0.4025   -1389.9126  0.8603 
   04950    0.4050   -1372.7114  0.8556 
   04951    0.4550   -1375.8120  0.8516 
   04952    0.3700   -1383.3181  0.8587 
   04953    0.4175   -1384.3723  0.8549 
   04954    0.4675   -1382.2263  0.8603 
   04955    0.4400   -1394.3832  0.8604 
   04956    0.4200   -1387.6848  0.8580 
   04957    0.3650   -1395.1871  0.8543 
   04958    0.3950   -1398.3086  0.8568 
   04959    0.4225   -1388.2944  0.8604 
   04960    0.3875   -1387.5631  0.8510 
   04961    0.4175   -1384.5449  0.8439 
   04962    0.3850   -1365.9795  0.8476 
   04963    0.4125   -1373.2688  0.8516 
   04964    0.4025   -1377.1913  0.8491 
   04965    0.4100   -1376.2919  0.8421 
   04966    0.4100   -1358.2728  0.8454 
   04967    0.4025   -1375.3931  0.8508 
   04968    0.3875   -1390.0964  0.8582 
   04969    0.4075   -1377.6495  0.8489 
   04970    0.4250   -1388.2267  0.8509 
   04971    0.3750   -1392.9142  0.8487 
   04972    0.4075   -1384.9833  0.8454 
   04973    0.3850   -1357.7207  0.8435 
   04974    0.4150   -1366.0498  0.8420 
   04975    0.4575   -1365.8832  0.8395 
   04976    0.4000   -1356.1454  0.8270 
   04977    0.4000   -1359.7532  0.8358 
   04978    0.3725   -1373.3384  0.8352 
   04979    0.3950   -1365.5815  0.8313 
   04980    0.4250   -1363.0420  0.8364 
   04981    0.4075   -1375.8018  0.8411 
   04982    0.4200   -1374.3427  0.8422 
   04983    0.4100   -1365.5784  0.8488 
   04984    0.4700   -1391.6393  0.8554 
   04985    0.3900   -1395.0823  0.8567 
   04986    0.4300   -1381.8400  0.8475 
   04987    0.4400   -1384.9735  0.8461 
   04988    0.4075   -1386.6230  0.8523 
   04989    0.3800   -1377.5679  0.8525 
   04990    0.3825   -1370.8699  0.8556 
   04991    0.3800   -1377.2242  0.8641 
   04992    0.4225   -1370.0948  0.8676 
   04993    0.4325   -1382.0791  0.8666 
   04994    0.4225   -1376.3113  0.8562 
   04995    0.4400   -1386.6521  0.8514 
   04996    0.3800   -1396.5807  0.8520 
   04997    0.4125   -1388.0035  0.8463 
   04998    0.4150   -1383.2108  0.8311 
   04999    0.4125   -1385.3409  0.8268 
   05000    0.4250   -1371.7855  0.8309 
